planet_key,observable,review_priority,selection_reasons,review_classification,review_finding,evidence_reference,reviewer,review_date,second_reviewer,adjudication
hat-p-54 b,geometric_area_ratio_ppm,0,operational_candidate;stable_reference,confirmed_agreement,Source A value 24664.9 vs Source B value 24664.9 (ppm); factorial width 1.0000. Planet radius 10.5813 vs 10.5813 R_earth. Host star radius 0.6170 vs 0.6170 R_sun. Transit evidence confirmed in both sources (both_transit); selection reasons: operational_candidate;stable_reference.,"forensic_cases.csv (protocol 2.4.0 corrected-input run), source_row_a=307, source_row_b=347; frozen inputs kepler.csv (Exoplanet.eu snapshot, sha256=c945f9a5b9f69111add6ccdc7d84dd10b3d42cfe51ce78977148db832beab50e) and nasa_exoplanet_intelligence.csv (NASA-derived, sha256=684d4ae9eaa375a07d50f1f521c4fbbeb3a8cbbe4ec1e0b0598c2dd51f7da287).",Khaled Tarchi (Lead Author - Solo-Author Self-Audit),2026-08-14,N/A (Solo-Author Project),"Exact agreement between the two frozen source snapshots for this system/observable (factorial width 1.0000). Reclassified as confirmed_agreement: identical canonical values in both sources; no source difference, matching, unit, or data error identified; no correction required."
hats-22 b,geometric_area_ratio_ppm,0,operational_candidate,confirmed_agreement,Source A value 20158.3 vs Source B value 20158.3 (ppm); factorial width 1.0000. Planet radius 10.6822 vs 10.6822 R_earth. Host star radius 0.6890 vs 0.6890 R_sun. Transit evidence confirmed in both sources (both_transit); selection reasons: operational_candidate.,"forensic_cases.csv (protocol 2.4.0 corrected-input run), source_row_a=332, source_row_b=1217; frozen inputs kepler.csv (Exoplanet.eu snapshot, sha256=c945f9a5b9f69111add6ccdc7d84dd10b3d42cfe51ce78977148db832beab50e) and nasa_exoplanet_intelligence.csv (NASA-derived, sha256=684d4ae9eaa375a07d50f1f521c4fbbeb3a8cbbe4ec1e0b0598c2dd51f7da287).",Khaled Tarchi (Lead Author - Solo-Author Self-Audit),2026-08-14,N/A (Solo-Author Project),"Exact agreement between the two frozen source snapshots for this system/observable (factorial width 1.0000). Reclassified as confirmed_agreement: identical canonical values in both sources; no source difference, matching, unit, or data error identified; no correction required."
hats-23 b,geometric_area_ratio_ppm,0,operational_candidate,confirmed_agreement,Source A value 25356.8 vs Source B value 25356.8 (ppm); factorial width 1.0000. Planet radius 20.8487 vs 20.8487 R_earth. Host star radius 1.1990 vs 1.1990 R_sun. Transit evidence confirmed in both sources (both_transit); selection reasons: operational_candidate.,"forensic_cases.csv (protocol 2.4.0 corrected-input run), source_row_a=333, source_row_b=1550; frozen inputs kepler.csv (Exoplanet.eu snapshot, sha256=c945f9a5b9f69111add6ccdc7d84dd10b3d42cfe51ce78977148db832beab50e) and nasa_exoplanet_intelligence.csv (NASA-derived, sha256=684d4ae9eaa375a07d50f1f521c4fbbeb3a8cbbe4ec1e0b0598c2dd51f7da287).",Khaled Tarchi (Lead Author - Solo-Author Self-Audit),2026-08-14,N/A (Solo-Author Project),"Exact agreement between the two frozen source snapshots for this system/observable (factorial width 1.0000). Reclassified as confirmed_agreement: identical canonical values in both sources; no source difference, matching, unit, or data error identified; no correction required."
hats-43 b,geometric_area_ratio_ppm,0,operational_candidate,confirmed_agreement,Source A value 22251.5 vs Source B value 22251.5 (ppm); factorial width 1.0000. Planet radius 13.2266 vs 13.2266 R_earth. Host star radius 0.8120 vs 0.8120 R_sun. Transit evidence confirmed in both sources (both_transit); selection reasons: operational_candidate.,"forensic_cases.csv (protocol 2.4.0 corrected-input run), source_row_a=348, source_row_b=915; frozen inputs kepler.csv (Exoplanet.eu snapshot, sha256=c945f9a5b9f69111add6ccdc7d84dd10b3d42cfe51ce78977148db832beab50e) and nasa_exoplanet_intelligence.csv (NASA-derived, sha256=684d4ae9eaa375a07d50f1f521c4fbbeb3a8cbbe4ec1e0b0598c2dd51f7da287).",Khaled Tarchi (Lead Author - Solo-Author Self-Audit),2026-08-14,N/A (Solo-Author Project),"Exact agreement between the two frozen source snapshots for this system/observable (factorial width 1.0000). Reclassified as confirmed_agreement: identical canonical values in both sources; no source difference, matching, unit, or data error identified; no correction required."
hats-6 b,geometric_area_ratio_ppm,0,operational_candidate,confirmed_agreement,Source A value 32301.1 vs Source B value 32301.1 (ppm); factorial width 1.0000. Planet radius 11.1866 vs 11.1866 R_earth. Host star radius 0.5700 vs 0.5700 R_sun. Transit evidence confirmed in both sources (both_transit); selection reasons: operational_candidate.,"forensic_cases.csv (protocol 2.4.0 corrected-input run), source_row_a=357, source_row_b=297; frozen inputs kepler.csv (Exoplanet.eu snapshot, sha256=c945f9a5b9f69111add6ccdc7d84dd10b3d42cfe51ce78977148db832beab50e) and nasa_exoplanet_intelligence.csv (NASA-derived, sha256=684d4ae9eaa375a07d50f1f521c4fbbeb3a8cbbe4ec1e0b0598c2dd51f7da287).",Khaled Tarchi (Lead Author - Solo-Author Self-Audit),2026-08-14,N/A (Solo-Author Project),"Exact agreement between the two frozen source snapshots for this system/observable (factorial width 1.0000). Reclassified as confirmed_agreement: identical canonical values in both sources; no source difference, matching, unit, or data error identified; no correction required."
ngts-1 b,geometric_area_ratio_ppm,0,operational_candidate,confirmed_agreement,Source A value 56767.6 vs Source B value 56767.6 (ppm); factorial width 1.0000. Planet radius 14.9080 vs 14.9080 R_earth. Host star radius 0.5730 vs 0.5730 R_sun. Transit evidence confirmed in both sources (both_transit); selection reasons: operational_candidate.,"forensic_cases.csv (protocol 2.4.0 corrected-input run), source_row_a=3399, source_row_b=1556; frozen inputs kepler.csv (Exoplanet.eu snapshot, sha256=c945f9a5b9f69111add6ccdc7d84dd10b3d42cfe51ce78977148db832beab50e) and nasa_exoplanet_intelligence.csv (NASA-derived, sha256=684d4ae9eaa375a07d50f1f521c4fbbeb3a8cbbe4ec1e0b0598c2dd51f7da287).",Khaled Tarchi (Lead Author - Solo-Author Self-Audit),2026-08-14,N/A (Solo-Author Project),"Exact agreement between the two frozen source snapshots for this system/observable (factorial width 1.0000). Reclassified as confirmed_agreement: identical canonical values in both sources; no source difference, matching, unit, or data error identified; no correction required."
qatar-6 b,geometric_area_ratio_ppm,0,operational_candidate,confirmed_agreement,Source A value 22797.2 vs Source B value 22797.2 (ppm); factorial width 1.0000. Planet radius 11.9040 vs 11.9040 R_earth. Host star radius 0.7220 vs 0.7220 R_sun. Transit evidence confirmed in both sources (both_transit); selection reasons: operational_candidate.,"forensic_cases.csv (protocol 2.4.0 corrected-input run), source_row_a=3482, source_row_b=2088; frozen inputs kepler.csv (Exoplanet.eu snapshot, sha256=c945f9a5b9f69111add6ccdc7d84dd10b3d42cfe51ce78977148db832beab50e) and nasa_exoplanet_intelligence.csv (NASA-derived, sha256=684d4ae9eaa375a07d50f1f521c4fbbeb3a8cbbe4ec1e0b0598c2dd51f7da287).",Khaled Tarchi (Lead Author - Solo-Author Self-Audit),2026-08-14,N/A (Solo-Author Project),"Exact agreement between the two frozen source snapshots for this system/observable (factorial width 1.0000). Reclassified as confirmed_agreement: identical canonical values in both sources; no source difference, matching, unit, or data error identified; no correction required."
hats-34 b,geometric_area_ratio_ppm,0,operational_candidate,confirmed_agreement,Source A value 22435 vs Source B value 22435 (ppm); factorial width 1.0000. Planet radius 16.0289 vs 16.0289 R_earth. Host star radius 0.9800 vs 0.9800 R_sun. Transit evidence confirmed in both sources (both_transit); selection reasons: operational_candidate.,"forensic_cases.csv (protocol 2.4.0 corrected-input run), source_row_a=345, source_row_b=1607; frozen inputs kepler.csv (Exoplanet.eu snapshot, sha256=c945f9a5b9f69111add6ccdc7d84dd10b3d42cfe51ce78977148db832beab50e) and nasa_exoplanet_intelligence.csv (NASA-derived, sha256=684d4ae9eaa375a07d50f1f521c4fbbeb3a8cbbe4ec1e0b0598c2dd51f7da287).",Khaled Tarchi (Lead Author - Solo-Author Self-Audit),2026-08-14,N/A (Solo-Author Project),"Exact agreement between the two frozen source snapshots for this system/observable (factorial width 1.0000). Reclassified as confirmed_agreement: identical canonical values in both sources; no source difference, matching, unit, or data error identified; no correction required."
kepler-45 b,geometric_area_ratio_ppm,0,operational_candidate,confirmed_source_difference,Source A value 32101.4 vs Source B value 32097.6 (ppm); factorial width 1.0001. dominant contributor(s): planet-radius contribution 0.0001. Planet radius 10.7606 vs 10.7600 R_earth. Host star radius 0.5500 vs 0.5500 R_sun. Transit evidence confirmed in both sources (both_transit); selection reasons: operational_candidate.,"forensic_cases.csv (protocol 2.4.0 corrected-input run), source_row_a=2639, source_row_b=94; frozen inputs kepler.csv (Exoplanet.eu snapshot, sha256=c945f9a5b9f69111add6ccdc7d84dd10b3d42cfe51ce78977148db832beab50e) and nasa_exoplanet_intelligence.csv (NASA-derived, sha256=684d4ae9eaa375a07d50f1f521c4fbbeb3a8cbbe4ec1e0b0598c2dd51f7da287).",Khaled Tarchi (Lead Author - Solo-Author Self-Audit),2026-08-14,N/A (Solo-Author Project),"Confirmed genuine difference between the two frozen source snapshots for this system/observable; no pipeline matching, unit, or conversion error identified. Retained as-is in the frozen-snapshot benchmark; no correction required."
wasp-52 b,geometric_area_ratio_ppm,0,operational_candidate,confirmed_source_difference,Source A value 27230.8 vs Source B value 27248.3 (ppm); factorial width 1.0006. dominant contributor(s): planet-radius contribution 0.0006. Planet radius 14.2354 vs 14.2400 R_earth. Host star radius 0.7900 vs 0.7900 R_sun. Transit evidence confirmed in both sources (both_transit); selection reasons: operational_candidate.,"forensic_cases.csv (protocol 2.4.0 corrected-input run), source_row_a=3613, source_row_b=414; frozen inputs kepler.csv (Exoplanet.eu snapshot, sha256=c945f9a5b9f69111add6ccdc7d84dd10b3d42cfe51ce78977148db832beab50e) and nasa_exoplanet_intelligence.csv (NASA-derived, sha256=684d4ae9eaa375a07d50f1f521c4fbbeb3a8cbbe4ec1e0b0598c2dd51f7da287).",Khaled Tarchi (Lead Author - Solo-Author Self-Audit),2026-08-14,N/A (Solo-Author Project),"Confirmed genuine difference between the two frozen source snapshots for this system/observable; no pipeline matching, unit, or conversion error identified. Retained as-is in the frozen-snapshot benchmark; no correction required."
kepler-785 b,geometric_area_ratio_ppm,0,operational_candidate,confirmed_source_difference,Source A value 28222.9 vs Source B value 28201.9 (ppm); factorial width 1.0007. dominant contributor(s): planet-radius contribution 0.0007. Planet radius 13.0249 vs 13.0200 R_earth. Host star radius 0.7100 vs 0.7100 R_sun. Transit evidence confirmed in both sources (both_transit); selection reasons: operational_candidate.,"forensic_cases.csv (protocol 2.4.0 corrected-input run), source_row_a=3082, source_row_b=863; frozen inputs kepler.csv (Exoplanet.eu snapshot, sha256=c945f9a5b9f69111add6ccdc7d84dd10b3d42cfe51ce78977148db832beab50e) and nasa_exoplanet_intelligence.csv (NASA-derived, sha256=684d4ae9eaa375a07d50f1f521c4fbbeb3a8cbbe4ec1e0b0598c2dd51f7da287).",Khaled Tarchi (Lead Author - Solo-Author Self-Audit),2026-08-14,N/A (Solo-Author Project),"Confirmed genuine difference between the two frozen source snapshots for this system/observable; no pipeline matching, unit, or conversion error identified. Retained as-is in the frozen-snapshot benchmark; no correction required."
corot-2 b,geometric_area_ratio_ppm,0,operational_candidate,confirmed_source_difference,"Source A value 27795.1 vs Source B value 27586.5 (ppm); factorial width 1.0102. dominant contributor(s): planet-radius contribution 0.0013, star-radius contribution 0.0088. Planet radius 16.4212 vs 16.4320 R_earth. Host star radius 0.9020 vs 0.9060 R_sun. Transit evidence confirmed in both sources (both_transit); selection reasons: operational_candidate.","forensic_cases.csv (protocol 2.4.0 corrected-input run), source_row_a=96, source_row_b=4230; frozen inputs kepler.csv (Exoplanet.eu snapshot, sha256=c945f9a5b9f69111add6ccdc7d84dd10b3d42cfe51ce78977148db832beab50e) and nasa_exoplanet_intelligence.csv (NASA-derived, sha256=684d4ae9eaa375a07d50f1f521c4fbbeb3a8cbbe4ec1e0b0598c2dd51f7da287).",Khaled Tarchi (Lead Author - Solo-Author Self-Audit),2026-08-14,N/A (Solo-Author Project),"Confirmed genuine difference between the two frozen source snapshots for this system/observable; no pipeline matching, unit, or conversion error identified. Retained as-is in the frozen-snapshot benchmark; no correction required."
wasp-107 b,geometric_area_ratio_ppm,0,operational_candidate,confirmed_source_difference,Source A value 21373.4 vs Source B value 20740.2 (ppm); factorial width 1.0305. dominant contributor(s): star-radius contribution 0.0301. Planet radius 10.5365 vs 10.5365 R_earth. Host star radius 0.6600 vs 0.6700 R_sun. Transit evidence confirmed in both sources (both_transit); selection reasons: operational_candidate.,"forensic_cases.csv (protocol 2.4.0 corrected-input run), source_row_a=3533, source_row_b=835; frozen inputs kepler.csv (Exoplanet.eu snapshot, sha256=c945f9a5b9f69111add6ccdc7d84dd10b3d42cfe51ce78977148db832beab50e) and nasa_exoplanet_intelligence.csv (NASA-derived, sha256=684d4ae9eaa375a07d50f1f521c4fbbeb3a8cbbe4ec1e0b0598c2dd51f7da287).",Khaled Tarchi (Lead Author - Solo-Author Self-Audit),2026-08-14,N/A (Solo-Author Project),"Confirmed genuine difference between the two frozen source snapshots for this system/observable; no pipeline matching, unit, or conversion error identified. Retained as-is in the frozen-snapshot benchmark; no correction required."
wasp-19 b,geometric_area_ratio_ppm,0,operational_candidate,confirmed_source_difference,"Source A value 20341.7 vs Source B value 20846 (ppm); factorial width 1.0330. dominant contributor(s): planet-radius contribution 0.0285, star-radius contribution 0.0040. Planet radius 15.6366 vs 15.8607 R_earth. Host star radius 1.0040 vs 1.0060 R_sun. Transit evidence confirmed in both sources (both_transit); selection reasons: operational_candidate.","forensic_cases.csv (protocol 2.4.0 corrected-input run), source_row_a=3576, source_row_b=4395; frozen inputs kepler.csv (Exoplanet.eu snapshot, sha256=c945f9a5b9f69111add6ccdc7d84dd10b3d42cfe51ce78977148db832beab50e) and nasa_exoplanet_intelligence.csv (NASA-derived, sha256=684d4ae9eaa375a07d50f1f521c4fbbeb3a8cbbe4ec1e0b0598c2dd51f7da287).",Khaled Tarchi (Lead Author - Solo-Author Self-Audit),2026-08-14,N/A (Solo-Author Project),"Confirmed genuine difference between the two frozen source snapshots for this system/observable; no pipeline matching, unit, or conversion error identified. Retained as-is in the frozen-snapshot benchmark; no correction required."
kepler-447 b,geometric_area_ratio_ppm,0,operational_candidate,confirmed_source_difference,"Source A value 27039.6 vs Source B value 26005.7 (ppm); factorial width 1.0398. dominant contributor(s): planet-radius contribution 0.0005, star-radius contribution 0.0385. Planet radius 18.4948 vs 18.4900 R_earth. Host star radius 1.0300 vs 1.0500 R_sun. Transit evidence confirmed in both sources (both_transit); selection reasons: operational_candidate.","forensic_cases.csv (protocol 2.4.0 corrected-input run), source_row_a=2635, source_row_b=336; frozen inputs kepler.csv (Exoplanet.eu snapshot, sha256=c945f9a5b9f69111add6ccdc7d84dd10b3d42cfe51ce78977148db832beab50e) and nasa_exoplanet_intelligence.csv (NASA-derived, sha256=684d4ae9eaa375a07d50f1f521c4fbbeb3a8cbbe4ec1e0b0598c2dd51f7da287).",Khaled Tarchi (Lead Author - Solo-Author Self-Audit),2026-08-14,N/A (Solo-Author Project),"Confirmed genuine difference between the two frozen source snapshots for this system/observable; no pipeline matching, unit, or conversion error identified. Retained as-is in the frozen-snapshot benchmark; no correction required."
ogle-tr-113 b,geometric_area_ratio_ppm,0,operational_candidate,confirmed_source_difference,"Source A value 22183.5 vs Source B value 21010.4 (ppm); factorial width 1.0558. dominant contributor(s): planet-radius contribution 0.0309, star-radius contribution 0.0234. Planet radius 12.4420 vs 12.2510 R_earth. Host star radius 0.7650 vs 0.7740 R_sun. Transit evidence confirmed in both sources (both_transit); selection reasons: operational_candidate.","forensic_cases.csv (protocol 2.4.0 corrected-input run), source_row_a=3450, source_row_b=6118; frozen inputs kepler.csv (Exoplanet.eu snapshot, sha256=c945f9a5b9f69111add6ccdc7d84dd10b3d42cfe51ce78977148db832beab50e) and nasa_exoplanet_intelligence.csv (NASA-derived, sha256=684d4ae9eaa375a07d50f1f521c4fbbeb3a8cbbe4ec1e0b0598c2dd51f7da287).",Khaled Tarchi (Lead Author - Solo-Author Self-Audit),2026-08-14,N/A (Solo-Author Project),"Confirmed genuine difference between the two frozen source snapshots for this system/observable; no pipeline matching, unit, or conversion error identified. Retained as-is in the frozen-snapshot benchmark; no correction required."
wasp-50 b,geometric_area_ratio_ppm,0,operational_candidate,confirmed_source_difference,"Source A value 18666.3 vs Source B value 20158 (ppm); factorial width 1.0799. dominant contributor(s): planet-radius contribution 0.0486, star-radius contribution 0.0283. Planet radius 12.7558 vs 13.0697 R_earth. Host star radius 0.8550 vs 0.8430 R_sun. Transit evidence confirmed in both sources (both_transit); selection reasons: operational_candidate.","forensic_cases.csv (protocol 2.4.0 corrected-input run), source_row_a=3612, source_row_b=4242; frozen inputs kepler.csv (Exoplanet.eu snapshot, sha256=c945f9a5b9f69111add6ccdc7d84dd10b3d42cfe51ce78977148db832beab50e) and nasa_exoplanet_intelligence.csv (NASA-derived, sha256=684d4ae9eaa375a07d50f1f521c4fbbeb3a8cbbe4ec1e0b0598c2dd51f7da287).",Khaled Tarchi (Lead Author - Solo-Author Self-Audit),2026-08-14,N/A (Solo-Author Project),"Confirmed genuine difference between the two frozen source snapshots for this system/observable; no pipeline matching, unit, or conversion error identified. Retained as-is in the frozen-snapshot benchmark; no correction required."
hat-p-32 b,geometric_area_ratio_ppm,0,operational_candidate,confirmed_source_difference,"Source A value 22726.7 vs Source B value 22105.5 (ppm); factorial width 1.0896. dominant contributor(s): planet-radius contribution 0.0568, star-radius contribution 0.0290. Planet radius 22.8327 vs 22.1938 R_earth. Host star radius 1.3870 vs 1.3670 R_sun. Transit evidence confirmed in both sources (both_transit); selection reasons: operational_candidate.","forensic_cases.csv (protocol 2.4.0 corrected-input run), source_row_a=281, source_row_b=1029; frozen inputs kepler.csv (Exoplanet.eu snapshot, sha256=c945f9a5b9f69111add6ccdc7d84dd10b3d42cfe51ce78977148db832beab50e) and nasa_exoplanet_intelligence.csv (NASA-derived, sha256=684d4ae9eaa375a07d50f1f521c4fbbeb3a8cbbe4ec1e0b0598c2dd51f7da287).",Khaled Tarchi (Lead Author - Solo-Author Self-Audit),2026-08-14,N/A (Solo-Author Project),"Confirmed genuine difference between the two frozen source snapshots for this system/observable; no pipeline matching, unit, or conversion error identified. Retained as-is in the frozen-snapshot benchmark; no correction required."
wasp-39 b,geometric_area_ratio_ppm,0,operational_candidate,confirmed_source_difference,"Source A value 21216.2 vs Source B value 19548.6 (ppm); factorial width 1.1164. dominant contributor(s): planet-radius contribution 0.0141, star-radius contribution 0.0960. Planet radius 14.2354 vs 14.3363 R_earth. Host star radius 0.8950 vs 0.9390 R_sun. Transit evidence confirmed in both sources (both_transit); selection reasons: operational_candidate.","forensic_cases.csv (protocol 2.4.0 corrected-input run), source_row_a=3596, source_row_b=1670; frozen inputs kepler.csv (Exoplanet.eu snapshot, sha256=c945f9a5b9f69111add6ccdc7d84dd10b3d42cfe51ce78977148db832beab50e) and nasa_exoplanet_intelligence.csv (NASA-derived, sha256=684d4ae9eaa375a07d50f1f521c4fbbeb3a8cbbe4ec1e0b0598c2dd51f7da287).",Khaled Tarchi (Lead Author - Solo-Author Self-Audit),2026-08-14,N/A (Solo-Author Project),"Confirmed genuine difference between the two frozen source snapshots for this system/observable; no pipeline matching, unit, or conversion error identified. Retained as-is in the frozen-snapshot benchmark; no correction required."
qatar-1 b,geometric_area_ratio_ppm,0,operational_candidate,confirmed_source_difference,"Source A value 21660.6 vs Source B value 21348.5 (ppm); factorial width 1.1195. dominant contributor(s): planet-radius contribution 0.0637, star-radius contribution 0.0492. Planet radius 13.2266 vs 12.8119 R_earth. Host star radius 0.8230 vs 0.8030 R_sun. Transit evidence confirmed in both sources (both_transit); selection reasons: operational_candidate.","forensic_cases.csv (protocol 2.4.0 corrected-input run), source_row_a=3477, source_row_b=1849; frozen inputs kepler.csv (Exoplanet.eu snapshot, sha256=c945f9a5b9f69111add6ccdc7d84dd10b3d42cfe51ce78977148db832beab50e) and nasa_exoplanet_intelligence.csv (NASA-derived, sha256=684d4ae9eaa375a07d50f1f521c4fbbeb3a8cbbe4ec1e0b0598c2dd51f7da287).",Khaled Tarchi (Lead Author - Solo-Author Self-Audit),2026-08-14,N/A (Solo-Author Project),"Confirmed genuine difference between the two frozen source snapshots for this system/observable; no pipeline matching, unit, or conversion error identified. Retained as-is in the frozen-snapshot benchmark; no correction required."
wts-2 b,geometric_area_ratio_ppm,0,operational_candidate,confirmed_source_difference,"Source A value 30748.5 vs Source B value 34614.9 (ppm); factorial width 1.1257. dominant contributor(s): planet-radius contribution 0.0946, star-radius contribution 0.0238. Planet radius 14.5717 vs 15.2779 R_earth. Host star radius 0.7610 vs 0.7520 R_sun. Transit evidence confirmed in both sources (both_transit); selection reasons: operational_candidate.","forensic_cases.csv (protocol 2.4.0 corrected-input run), source_row_a=3676, source_row_b=173; frozen inputs kepler.csv (Exoplanet.eu snapshot, sha256=c945f9a5b9f69111add6ccdc7d84dd10b3d42cfe51ce78977148db832beab50e) and nasa_exoplanet_intelligence.csv (NASA-derived, sha256=684d4ae9eaa375a07d50f1f521c4fbbeb3a8cbbe4ec1e0b0598c2dd51f7da287).",Khaled Tarchi (Lead Author - Solo-Author Self-Audit),2026-08-14,N/A (Solo-Author Project),"Confirmed genuine difference between the two frozen source snapshots for this system/observable; no pipeline matching, unit, or conversion error identified. Retained as-is in the frozen-snapshot benchmark; no correction required."
wasp-110 b,geometric_area_ratio_ppm,0,operational_candidate,confirmed_source_difference,"Source A value 20806.4 vs Source B value 20061.3 (ppm); factorial width 1.1802. dominant contributor(s): planet-radius contribution 0.1011, star-radius contribution 0.0646. Planet radius 13.8767 vs 13.1930 R_earth. Host star radius 0.8810 vs 0.8530 R_sun. Transit evidence confirmed in both sources (both_transit); selection reasons: operational_candidate.","forensic_cases.csv (protocol 2.4.0 corrected-input run), source_row_a=3537, source_row_b=4326; frozen inputs kepler.csv (Exoplanet.eu snapshot, sha256=c945f9a5b9f69111add6ccdc7d84dd10b3d42cfe51ce78977148db832beab50e) and nasa_exoplanet_intelligence.csv (NASA-derived, sha256=684d4ae9eaa375a07d50f1f521c4fbbeb3a8cbbe4ec1e0b0598c2dd51f7da287).",Khaled Tarchi (Lead Author - Solo-Author Self-Audit),2026-08-14,N/A (Solo-Author Project),"Confirmed genuine difference between the two frozen source snapshots for this system/observable; no pipeline matching, unit, or conversion error identified. Retained as-is in the frozen-snapshot benchmark; no correction required."
wasp-36 b,geometric_area_ratio_ppm,0,operational_candidate,confirmed_source_difference,"Source A value 19081.2 vs Source B value 19123.9 (ppm); factorial width 1.1931. dominant contributor(s): planet-radius contribution 0.0894, star-radius contribution 0.0872. Planet radius 14.2242 vs 14.8743 R_earth. Host star radius 0.9430 vs 0.9850 R_sun. Transit evidence confirmed in both sources (both_transit); selection reasons: operational_candidate.","forensic_cases.csv (protocol 2.4.0 corrected-input run), source_row_a=3593, source_row_b=1671; frozen inputs kepler.csv (Exoplanet.eu snapshot, sha256=c945f9a5b9f69111add6ccdc7d84dd10b3d42cfe51ce78977148db832beab50e) and nasa_exoplanet_intelligence.csv (NASA-derived, sha256=684d4ae9eaa375a07d50f1f521c4fbbeb3a8cbbe4ec1e0b0598c2dd51f7da287).",Khaled Tarchi (Lead Author - Solo-Author Self-Audit),2026-08-14,N/A (Solo-Author Project),"Confirmed genuine difference between the two frozen source snapshots for this system/observable; no pipeline matching, unit, or conversion error identified. Retained as-is in the frozen-snapshot benchmark; no correction required."
hat-p-18 b,geometric_area_ratio_ppm,0,operational_candidate,confirmed_source_difference,"Source A value 18381 vs Source B value 18594.8 (ppm); factorial width 1.2047. dominant contributor(s): planet-radius contribution 0.0989, star-radius contribution 0.0873. Planet radius 10.6149 vs 11.1530 R_earth. Host star radius 0.7170 vs 0.7490 R_sun. Transit evidence confirmed in both sources (both_transit); selection reasons: operational_candidate.","forensic_cases.csv (protocol 2.4.0 corrected-input run), source_row_a=265, source_row_b=844; frozen inputs kepler.csv (Exoplanet.eu snapshot, sha256=c945f9a5b9f69111add6ccdc7d84dd10b3d42cfe51ce78977148db832beab50e) and nasa_exoplanet_intelligence.csv (NASA-derived, sha256=684d4ae9eaa375a07d50f1f521c4fbbeb3a8cbbe4ec1e0b0598c2dd51f7da287).",Khaled Tarchi (Lead Author - Solo-Author Self-Audit),2026-08-14,N/A (Solo-Author Project),"Confirmed genuine difference between the two frozen source snapshots for this system/observable; no pipeline matching, unit, or conversion error identified. Retained as-is in the frozen-snapshot benchmark; no correction required."
wasp-25 b,geometric_area_ratio_ppm,0,operational_candidate,confirmed_source_difference,"Source A value 18535.3 vs Source B value 20465.5 (ppm); factorial width 1.2080. dominant contributor(s): planet-radius contribution 0.0449, star-radius contribution 0.1440. Planet radius 14.1233 vs 13.8095 R_earth. Host star radius 0.9500 vs 0.8840 R_sun. Transit evidence confirmed in both sources (both_transit); selection reasons: operational_candidate.","forensic_cases.csv (protocol 2.4.0 corrected-input run), source_row_a=3583, source_row_b=1281; frozen inputs kepler.csv (Exoplanet.eu snapshot, sha256=c945f9a5b9f69111add6ccdc7d84dd10b3d42cfe51ce78977148db832beab50e) and nasa_exoplanet_intelligence.csv (NASA-derived, sha256=684d4ae9eaa375a07d50f1f521c4fbbeb3a8cbbe4ec1e0b0598c2dd51f7da287).",Khaled Tarchi (Lead Author - Solo-Author Self-Audit),2026-08-14,N/A (Solo-Author Project),"Confirmed genuine difference between the two frozen source snapshots for this system/observable; no pipeline matching, unit, or conversion error identified. Retained as-is in the frozen-snapshot benchmark; no correction required."
wasp-98 b,geometric_area_ratio_ppm,0,operational_candidate,confirmed_source_difference,"Source A value 26019.3 vs Source B value 25114.4 (ppm); factorial width 1.2120. dominant contributor(s): planet-radius contribution 0.0784, star-radius contribution 0.1138. Planet radius 12.3299 vs 12.8231 R_earth. Host star radius 0.7000 vs 0.7410 R_sun. Transit evidence confirmed in both sources (both_transit); selection reasons: operational_candidate.","forensic_cases.csv (protocol 2.4.0 corrected-input run), source_row_a=3665, source_row_b=905; frozen inputs kepler.csv (Exoplanet.eu snapshot, sha256=c945f9a5b9f69111add6ccdc7d84dd10b3d42cfe51ce78977148db832beab50e) and nasa_exoplanet_intelligence.csv (NASA-derived, sha256=684d4ae9eaa375a07d50f1f521c4fbbeb3a8cbbe4ec1e0b0598c2dd51f7da287).",Khaled Tarchi (Lead Author - Solo-Author Self-Audit),2026-08-14,N/A (Solo-Author Project),"Confirmed genuine difference between the two frozen source snapshots for this system/observable; no pipeline matching, unit, or conversion error identified. Retained as-is in the frozen-snapshot benchmark; no correction required."
wasp-10 b,geometric_area_ratio_ppm,0,operational_candidate,confirmed_source_difference,"Source A value 20046.1 vs Source B value 25226.9 (ppm); factorial width 1.2584. dominant contributor(s): planet-radius contribution 0.0000, star-radius contribution 0.2298. Planet radius 12.1057 vs 12.1060 R_earth. Host star radius 0.7830 vs 0.6980 R_sun. Transit evidence confirmed in both sources (both_transit); selection reasons: operational_candidate.","forensic_cases.csv (protocol 2.4.0 corrected-input run), source_row_a=3525, source_row_b=1028; frozen inputs kepler.csv (Exoplanet.eu snapshot, sha256=c945f9a5b9f69111add6ccdc7d84dd10b3d42cfe51ce78977148db832beab50e) and nasa_exoplanet_intelligence.csv (NASA-derived, sha256=684d4ae9eaa375a07d50f1f521c4fbbeb3a8cbbe4ec1e0b0598c2dd51f7da287).",Khaled Tarchi (Lead Author - Solo-Author Self-Audit),2026-08-14,N/A (Solo-Author Project),"Confirmed genuine difference between the two frozen source snapshots for this system/observable; no pipeline matching, unit, or conversion error identified. Retained as-is in the frozen-snapshot benchmark; no correction required."
wasp-80 b,geometric_area_ratio_ppm,0,operational_candidate,confirmed_source_difference,"Source A value 24060.2 vs Source B value 30622.6 (ppm); factorial width 1.2727. dominant contributor(s): planet-radius contribution 0.0964, star-radius contribution 0.1448. Planet radius 10.6710 vs 11.1978 R_earth. Host star radius 0.6300 vs 0.5860 R_sun. Transit evidence confirmed in both sources (both_transit); selection reasons: operational_candidate.","forensic_cases.csv (protocol 2.4.0 corrected-input run), source_row_a=3645, source_row_b=1245; frozen inputs kepler.csv (Exoplanet.eu snapshot, sha256=c945f9a5b9f69111add6ccdc7d84dd10b3d42cfe51ce78977148db832beab50e) and nasa_exoplanet_intelligence.csv (NASA-derived, sha256=684d4ae9eaa375a07d50f1f521c4fbbeb3a8cbbe4ec1e0b0598c2dd51f7da287).",Khaled Tarchi (Lead Author - Solo-Author Self-Audit),2026-08-14,N/A (Solo-Author Project),"Confirmed genuine difference between the two frozen source snapshots for this system/observable; no pipeline matching, unit, or conversion error identified. Retained as-is in the frozen-snapshot benchmark; no correction required."
wasp-140 b,geometric_area_ratio_ppm,0,operational_candidate,confirmed_source_difference,Source A value 28866.4 vs Source B value 22453 (ppm); factorial width 1.2856. dominant contributor(s): planet-radius contribution 0.2513. Planet radius 16.1410 vs 14.2354 R_earth. Host star radius 0.8700 vs 0.8700 R_sun. Transit evidence confirmed in both sources (both_transit); selection reasons: operational_candidate.,"forensic_cases.csv (protocol 2.4.0 corrected-input run), source_row_a=3564, source_row_b=1909; frozen inputs kepler.csv (Exoplanet.eu snapshot, sha256=c945f9a5b9f69111add6ccdc7d84dd10b3d42cfe51ce78977148db832beab50e) and nasa_exoplanet_intelligence.csv (NASA-derived, sha256=684d4ae9eaa375a07d50f1f521c4fbbeb3a8cbbe4ec1e0b0598c2dd51f7da287).",Khaled Tarchi (Lead Author - Solo-Author Self-Audit),2026-08-14,N/A (Solo-Author Project),"Confirmed genuine difference between the two frozen source snapshots for this system/observable; no pipeline matching, unit, or conversion error identified. Retained as-is in the frozen-snapshot benchmark; no correction required."
wasp-17 b,geometric_area_ratio_ppm,0,operational_candidate,confirmed_source_difference,"Source A value 21932.6 vs Source B value 16596.5 (ppm); factorial width 1.3215. dominant contributor(s): planet-radius contribution 0.1254, star-radius contribution 0.1534. Planet radius 22.3171 vs 20.9608 R_earth. Host star radius 1.3800 vs 1.4900 R_sun. Transit evidence confirmed in both sources (both_transit); selection reasons: operational_candidate.","forensic_cases.csv (protocol 2.4.0 corrected-input run), source_row_a=3574, source_row_b=345; frozen inputs kepler.csv (Exoplanet.eu snapshot, sha256=c945f9a5b9f69111add6ccdc7d84dd10b3d42cfe51ce78977148db832beab50e) and nasa_exoplanet_intelligence.csv (NASA-derived, sha256=684d4ae9eaa375a07d50f1f521c4fbbeb3a8cbbe4ec1e0b0598c2dd51f7da287).",Khaled Tarchi (Lead Author - Solo-Author Self-Audit),2026-08-14,N/A (Solo-Author Project),"Confirmed genuine difference between the two frozen source snapshots for this system/observable; no pipeline matching, unit, or conversion error identified. Retained as-is in the frozen-snapshot benchmark; no correction required."
hat-p-19 b,geometric_area_ratio_ppm,0,operational_candidate,confirmed_source_difference,"Source A value 20080.4 vs Source B value 17917.1 (ppm); factorial width 1.4192. dominant contributor(s): planet-radius contribution 0.2320, star-radius contribution 0.1181. Planet radius 12.6886 vs 11.2987 R_earth. Host star radius 0.8200 vs 0.7730 R_sun. Transit evidence confirmed in both sources (both_transit); selection reasons: operational_candidate.","forensic_cases.csv (protocol 2.4.0 corrected-input run), source_row_a=266, source_row_b=402; frozen inputs kepler.csv (Exoplanet.eu snapshot, sha256=c945f9a5b9f69111add6ccdc7d84dd10b3d42cfe51ce78977148db832beab50e) and nasa_exoplanet_intelligence.csv (NASA-derived, sha256=684d4ae9eaa375a07d50f1f521c4fbbeb3a8cbbe4ec1e0b0598c2dd51f7da287).",Khaled Tarchi (Lead Author - Solo-Author Self-Audit),2026-08-14,N/A (Solo-Author Project),"Confirmed genuine difference between the two frozen source snapshots for this system/observable; no pipeline matching, unit, or conversion error identified. Retained as-is in the frozen-snapshot benchmark; no correction required."
wasp-46 b,geometric_area_ratio_ppm,0,operational_candidate,confirmed_source_difference,"Source A value 21503.6 vs Source B value 19727.3 (ppm); factorial width 1.4222. dominant contributor(s): planet-radius contribution 0.2192, star-radius contribution 0.1330. Planet radius 14.6838 vs 13.1594 R_earth. Host star radius 0.9170 vs 0.8580 R_sun. Transit evidence confirmed in both sources (both_transit); selection reasons: operational_candidate.","forensic_cases.csv (protocol 2.4.0 corrected-input run), source_row_a=3604, source_row_b=1273; frozen inputs kepler.csv (Exoplanet.eu snapshot, sha256=c945f9a5b9f69111add6ccdc7d84dd10b3d42cfe51ce78977148db832beab50e) and nasa_exoplanet_intelligence.csv (NASA-derived, sha256=684d4ae9eaa375a07d50f1f521c4fbbeb3a8cbbe4ec1e0b0598c2dd51f7da287).",Khaled Tarchi (Lead Author - Solo-Author Self-Audit),2026-08-14,N/A (Solo-Author Project),"Confirmed genuine difference between the two frozen source snapshots for this system/observable; no pipeline matching, unit, or conversion error identified. Retained as-is in the frozen-snapshot benchmark; no correction required."
qatar-2 b,geometric_area_ratio_ppm,0,operational_candidate,confirmed_source_difference,"Source A value 27125.6 vs Source B value 27515.2 (ppm); factorial width 1.4233. dominant contributor(s): planet-radius contribution 0.1836, star-radius contribution 0.1693. Planet radius 12.8231 vs 14.0560 R_earth. Host star radius 0.7130 vs 0.7760 R_sun. Transit evidence confirmed in both sources (both_transit); selection reasons: operational_candidate.","forensic_cases.csv (protocol 2.4.0 corrected-input run), source_row_a=3478, source_row_b=1066; frozen inputs kepler.csv (Exoplanet.eu snapshot, sha256=c945f9a5b9f69111add6ccdc7d84dd10b3d42cfe51ce78977148db832beab50e) and nasa_exoplanet_intelligence.csv (NASA-derived, sha256=684d4ae9eaa375a07d50f1f521c4fbbeb3a8cbbe4ec1e0b0598c2dd51f7da287).",Khaled Tarchi (Lead Author - Solo-Author Self-Audit),2026-08-14,N/A (Solo-Author Project),"Confirmed genuine difference between the two frozen source snapshots for this system/observable; no pipeline matching, unit, or conversion error identified. Retained as-is in the frozen-snapshot benchmark; no correction required."
wasp-6 b,geometric_area_ratio_ppm,0,operational_candidate,confirmed_source_difference,"Source A value 20856 vs Source B value 21140.3 (ppm); factorial width 1.4511. dominant contributor(s): planet-radius contribution 0.1794, star-radius contribution 0.1929. Planet radius 13.7198 vs 12.5428 R_earth. Host star radius 0.8700 vs 0.7900 R_sun. Transit evidence confirmed in both sources (both_transit); selection reasons: operational_candidate.","forensic_cases.csv (protocol 2.4.0 corrected-input run), source_row_a=3622, source_row_b=1275; frozen inputs kepler.csv (Exoplanet.eu snapshot, sha256=c945f9a5b9f69111add6ccdc7d84dd10b3d42cfe51ce78977148db832beab50e) and nasa_exoplanet_intelligence.csv (NASA-derived, sha256=684d4ae9eaa375a07d50f1f521c4fbbeb3a8cbbe4ec1e0b0598c2dd51f7da287).",Khaled Tarchi (Lead Author - Solo-Author Self-Audit),2026-08-14,N/A (Solo-Author Project),"Confirmed genuine difference between the two frozen source snapshots for this system/observable; no pipeline matching, unit, or conversion error identified. Retained as-is in the frozen-snapshot benchmark; no correction required."
wasp-67 b,geometric_area_ratio_ppm,0,operational_candidate,confirmed_source_difference,"Source A value 27285 vs Source B value 17994.4 (ppm); factorial width 1.5163. dominant contributor(s): planet-radius contribution 0.3934, star-radius contribution 0.0229. Planet radius 15.6926 vs 12.8903 R_earth. Host star radius 0.8700 vs 0.8800 R_sun. Transit evidence confirmed in both sources (both_transit); selection reasons: operational_candidate.","forensic_cases.csv (protocol 2.4.0 corrected-input run), source_row_a=3630, source_row_b=129; frozen inputs kepler.csv (Exoplanet.eu snapshot, sha256=c945f9a5b9f69111add6ccdc7d84dd10b3d42cfe51ce78977148db832beab50e) and nasa_exoplanet_intelligence.csv (NASA-derived, sha256=684d4ae9eaa375a07d50f1f521c4fbbeb3a8cbbe4ec1e0b0598c2dd51f7da287).",Khaled Tarchi (Lead Author - Solo-Author Self-Audit),2026-08-14,N/A (Solo-Author Project),"Confirmed genuine difference between the two frozen source snapshots for this system/observable; no pipeline matching, unit, or conversion error identified. Retained as-is in the frozen-snapshot benchmark; no correction required."
wasp-43 b,geometric_area_ratio_ppm,0,operational_candidate,confirmed_source_difference,"Source A value 25419.9 vs Source B value 25312.7 (ppm); factorial width 1.5337. dominant contributor(s): planet-radius contribution 0.2159, star-radius contribution 0.2117. Planet radius 11.6125 vs 10.4240 R_earth. Host star radius 0.6670 vs 0.6000 R_sun. Transit evidence confirmed in both sources (both_transit); selection reasons: operational_candidate.","forensic_cases.csv (protocol 2.4.0 corrected-input run), source_row_a=3601, source_row_b=1672; frozen inputs kepler.csv (Exoplanet.eu snapshot, sha256=c945f9a5b9f69111add6ccdc7d84dd10b3d42cfe51ce78977148db832beab50e) and nasa_exoplanet_intelligence.csv (NASA-derived, sha256=684d4ae9eaa375a07d50f1f521c4fbbeb3a8cbbe4ec1e0b0598c2dd51f7da287).",Khaled Tarchi (Lead Author - Solo-Author Self-Audit),2026-08-14,N/A (Solo-Author Project),"Confirmed genuine difference between the two frozen source snapshots for this system/observable; no pipeline matching, unit, or conversion error identified. Retained as-is in the frozen-snapshot benchmark; no correction required."
k2-30 b,geometric_area_ratio_ppm,0,operational_candidate,confirmed_source_difference,"Source A value 17021.2 vs Source B value 15968.1 (ppm); factorial width 1.6471. dominant contributor(s): planet-radius contribution 0.2814, star-radius contribution 0.2176. Planet radius 13.4060 vs 11.6462 R_earth. Host star radius 0.9410 vs 0.8440 R_sun. Transit evidence confirmed in both sources (both_transit); selection reasons: operational_candidate.","forensic_cases.csv (protocol 2.4.0 corrected-input run), source_row_a=987, source_row_b=447; frozen inputs kepler.csv (Exoplanet.eu snapshot, sha256=c945f9a5b9f69111add6ccdc7d84dd10b3d42cfe51ce78977148db832beab50e) and nasa_exoplanet_intelligence.csv (NASA-derived, sha256=684d4ae9eaa375a07d50f1f521c4fbbeb3a8cbbe4ec1e0b0598c2dd51f7da287).",Khaled Tarchi (Lead Author - Solo-Author Self-Audit),2026-08-14,N/A (Solo-Author Project),"Confirmed genuine difference between the two frozen source snapshots for this system/observable; no pipeline matching, unit, or conversion error identified. Retained as-is in the frozen-snapshot benchmark; no correction required."
wasp-4 b,geometric_area_ratio_ppm,0,operational_candidate,confirmed_source_difference,"Source A value 15504.6 vs Source B value 23053.6 (ppm); factorial width 1.7003. dominant contributor(s): planet-radius contribution 0.0671, star-radius contribution 0.4638. Planet radius 15.6366 vs 15.1209 R_earth. Host star radius 1.1500 vs 0.9120 R_sun. Transit evidence confirmed in both sources (both_transit); selection reasons: operational_candidate.","forensic_cases.csv (protocol 2.4.0 corrected-input run), source_row_a=3597, source_row_b=4371; frozen inputs kepler.csv (Exoplanet.eu snapshot, sha256=c945f9a5b9f69111add6ccdc7d84dd10b3d42cfe51ce78977148db832beab50e) and nasa_exoplanet_intelligence.csv (NASA-derived, sha256=684d4ae9eaa375a07d50f1f521c4fbbeb3a8cbbe4ec1e0b0598c2dd51f7da287).",Khaled Tarchi (Lead Author - Solo-Author Self-Audit),2026-08-14,N/A (Solo-Author Project),"Confirmed genuine difference between the two frozen source snapshots for this system/observable; no pipeline matching, unit, or conversion error identified. Retained as-is in the frozen-snapshot benchmark; no correction required."
wasp-41 b,geometric_area_ratio_ppm,0,operational_candidate,confirmed_source_difference,"Source A value 14382.3 vs Source B value 18507 (ppm); factorial width 1.7040. dominant contributor(s): planet-radius contribution 0.1404, star-radius contribution 0.3926. Planet radius 13.2266 vs 12.3299 R_earth. Host star radius 1.0100 vs 0.8300 R_sun. Transit evidence confirmed in both sources (both_transit); selection reasons: operational_candidate.","forensic_cases.csv (protocol 2.4.0 corrected-input run), source_row_a=3598, source_row_b=1683; frozen inputs kepler.csv (Exoplanet.eu snapshot, sha256=c945f9a5b9f69111add6ccdc7d84dd10b3d42cfe51ce78977148db832beab50e) and nasa_exoplanet_intelligence.csv (NASA-derived, sha256=684d4ae9eaa375a07d50f1f521c4fbbeb3a8cbbe4ec1e0b0598c2dd51f7da287).",Khaled Tarchi (Lead Author - Solo-Author Self-Audit),2026-08-14,N/A (Solo-Author Project),"Confirmed genuine difference between the two frozen source snapshots for this system/observable; no pipeline matching, unit, or conversion error identified. Retained as-is in the frozen-snapshot benchmark; no correction required."
kepler-279 b,geometric_area_ratio_ppm,0,rank_displacement,confirmed_source_difference,"Source A value 681.56 vs Source B value 360.497 (ppm); factorial width 1.8906. dominant contributor(s): planet-radius contribution 0.0003, star-radius contribution 0.6366. Planet radius 3.6205 vs 3.6200 R_earth. Host star radius 1.2700 vs 1.7460 R_sun. Transit evidence confirmed in both sources (both_transit); selection reasons: rank_displacement.","forensic_cases.csv (protocol 2.4.0 corrected-input run), source_row_a=2247, source_row_b=380; frozen inputs kepler.csv (Exoplanet.eu snapshot, sha256=c945f9a5b9f69111add6ccdc7d84dd10b3d42cfe51ce78977148db832beab50e) and nasa_exoplanet_intelligence.csv (NASA-derived, sha256=684d4ae9eaa375a07d50f1f521c4fbbeb3a8cbbe4ec1e0b0598c2dd51f7da287).",Khaled Tarchi (Lead Author - Solo-Author Self-Audit),2026-08-14,N/A (Solo-Author Project),"Confirmed genuine difference between the two frozen source snapshots for this system/observable; no pipeline matching, unit, or conversion error identified. Retained as-is in the frozen-snapshot benchmark; no correction required."
ogle-tr-10 b,geometric_area_ratio_ppm,0,rank_displacement;operational_candidate,confirmed_source_difference,"Source A value 23165.8 vs Source B value 12026.5 (ppm); factorial width 1.9262. dominant contributor(s): planet-radius contribution 0.6384, star-radius contribution 0.0172. Planet radius 19.2795 vs 14.0110 R_earth. Host star radius 1.1600 vs 1.1700 R_sun. Transit evidence confirmed in both sources (both_transit); selection reasons: rank_displacement;operational_candidate.","forensic_cases.csv (protocol 2.4.0 corrected-input run), source_row_a=3448, source_row_b=108; frozen inputs kepler.csv (Exoplanet.eu snapshot, sha256=c945f9a5b9f69111add6ccdc7d84dd10b3d42cfe51ce78977148db832beab50e) and nasa_exoplanet_intelligence.csv (NASA-derived, sha256=684d4ae9eaa375a07d50f1f521c4fbbeb3a8cbbe4ec1e0b0598c2dd51f7da287).",Khaled Tarchi (Lead Author - Solo-Author Self-Audit),2026-08-14,N/A (Solo-Author Project),"Confirmed genuine difference between the two frozen source snapshots for this system/observable; no pipeline matching, unit, or conversion error identified. Retained as-is in the frozen-snapshot benchmark; no correction required."
kepler-84 c,geometric_area_ratio_ppm,0,rank_displacement,confirmed_source_difference,"Source A value 452.143 vs Source B value 228.415 (ppm); factorial width 1.9795. dominant contributor(s): planet-radius contribution 0.0363, star-radius contribution 0.6465. Planet radius 2.4032 vs 2.3600 R_earth. Host star radius 1.0350 vs 1.4300 R_sun. Transit evidence confirmed in both sources (both_transit); selection reasons: rank_displacement.","forensic_cases.csv (protocol 2.4.0 corrected-input run), source_row_a=3160, source_row_b=6076; frozen inputs kepler.csv (Exoplanet.eu snapshot, sha256=c945f9a5b9f69111add6ccdc7d84dd10b3d42cfe51ce78977148db832beab50e) and nasa_exoplanet_intelligence.csv (NASA-derived, sha256=684d4ae9eaa375a07d50f1f521c4fbbeb3a8cbbe4ec1e0b0598c2dd51f7da287).",Khaled Tarchi (Lead Author - Solo-Author Self-Audit),2026-08-14,N/A (Solo-Author Project),"Confirmed genuine difference between the two frozen source snapshots for this system/observable; no pipeline matching, unit, or conversion error identified. Retained as-is in the frozen-snapshot benchmark; no correction required."
wasp-93 b,geometric_area_ratio_ppm,0,primary_extreme;rank_displacement;operational_candidate,confirmed_source_difference,Source A value 23916.9 vs Source B value 11570.3 (ppm); factorial width 2.0671. dominant contributor(s): star-radius contribution 0.7261. Planet radius 17.9008 vs 17.9008 R_earth. Host star radius 1.0600 vs 1.5240 R_sun. Transit evidence confirmed in both sources (both_transit); selection reasons: primary_extreme;rank_displacement;operational_candidate.,"forensic_cases.csv (protocol 2.4.0 corrected-input run), source_row_a=3659, source_row_b=5515; frozen inputs kepler.csv (Exoplanet.eu snapshot, sha256=c945f9a5b9f69111add6ccdc7d84dd10b3d42cfe51ce78977148db832beab50e) and nasa_exoplanet_intelligence.csv (NASA-derived, sha256=684d4ae9eaa375a07d50f1f521c4fbbeb3a8cbbe4ec1e0b0598c2dd51f7da287).",Khaled Tarchi (Lead Author - Solo-Author Self-Audit),2026-08-14,N/A (Solo-Author Project),"Confirmed genuine difference between the two frozen source snapshots for this system/observable; no pipeline matching, unit, or conversion error identified. Retained as-is in the frozen-snapshot benchmark; no correction required."
kepler-238 d,geometric_area_ratio_ppm,0,primary_extreme;rank_displacement,confirmed_source_difference,"Source A value 976.613 vs Source B value 386.525 (ppm); factorial width 2.5267. dominant contributor(s): planet-radius contribution 0.0008, star-radius contribution 0.9261. Planet radius 3.0713 vs 3.0700 R_earth. Host star radius 0.9000 vs 1.4300 R_sun. Transit evidence confirmed in both sources (both_transit); selection reasons: primary_extreme;rank_displacement.","forensic_cases.csv (protocol 2.4.0 corrected-input run), source_row_a=2133, source_row_b=5724; frozen inputs kepler.csv (Exoplanet.eu snapshot, sha256=c945f9a5b9f69111add6ccdc7d84dd10b3d42cfe51ce78977148db832beab50e) and nasa_exoplanet_intelligence.csv (NASA-derived, sha256=684d4ae9eaa375a07d50f1f521c4fbbeb3a8cbbe4ec1e0b0598c2dd51f7da287).",Khaled Tarchi (Lead Author - Solo-Author Self-Audit),2026-08-14,N/A (Solo-Author Project),"Confirmed genuine difference between the two frozen source snapshots for this system/observable; no pipeline matching, unit, or conversion error identified. Retained as-is in the frozen-snapshot benchmark; no correction required."
kepler-238 c,geometric_area_ratio_ppm,0,primary_extreme;rank_displacement,confirmed_source_difference,"Source A value 590.175 vs Source B value 234.259 (ppm); factorial width 2.5298. dominant contributor(s): planet-radius contribution 0.0021, star-radius contribution 0.9261. Planet radius 2.3875 vs 2.3900 R_earth. Host star radius 0.9000 vs 1.4300 R_sun. Transit evidence confirmed in both sources (both_transit); selection reasons: primary_extreme;rank_displacement.","forensic_cases.csv (protocol 2.4.0 corrected-input run), source_row_a=2132, source_row_b=554; frozen inputs kepler.csv (Exoplanet.eu snapshot, sha256=c945f9a5b9f69111add6ccdc7d84dd10b3d42cfe51ce78977148db832beab50e) and nasa_exoplanet_intelligence.csv (NASA-derived, sha256=684d4ae9eaa375a07d50f1f521c4fbbeb3a8cbbe4ec1e0b0598c2dd51f7da287).",Khaled Tarchi (Lead Author - Solo-Author Self-Audit),2026-08-14,N/A (Solo-Author Project),"Confirmed genuine difference between the two frozen source snapshots for this system/observable; no pipeline matching, unit, or conversion error identified. Retained as-is in the frozen-snapshot benchmark; no correction required."
kepler-238 b,geometric_area_ratio_ppm,0,primary_extreme;rank_displacement,confirmed_source_difference,"Source A value 308.506 vs Source B value 122.742 (ppm); factorial width 2.5357. dominant contributor(s): planet-radius contribution 0.0044, star-radius contribution 0.9261. Planet radius 1.7262 vs 1.7300 R_earth. Host star radius 0.9000 vs 1.4300 R_sun. Transit evidence confirmed in both sources (both_transit); selection reasons: primary_extreme;rank_displacement.","forensic_cases.csv (protocol 2.4.0 corrected-input run), source_row_a=2131, source_row_b=1271; frozen inputs kepler.csv (Exoplanet.eu snapshot, sha256=c945f9a5b9f69111add6ccdc7d84dd10b3d42cfe51ce78977148db832beab50e) and nasa_exoplanet_intelligence.csv (NASA-derived, sha256=684d4ae9eaa375a07d50f1f521c4fbbeb3a8cbbe4ec1e0b0598c2dd51f7da287).",Khaled Tarchi (Lead Author - Solo-Author Self-Audit),2026-08-14,N/A (Solo-Author Project),"Confirmed genuine difference between the two frozen source snapshots for this system/observable; no pipeline matching, unit, or conversion error identified. Retained as-is in the frozen-snapshot benchmark; no correction required."
hat-p-67 b,geometric_area_ratio_ppm,0,primary_extreme;rank_displacement;operational_candidate,confirmed_source_difference,"Source A value 19164.6 vs Source B value 7029.59 (ppm); factorial width 3.0255. dominant contributor(s): planet-radius contribution 0.0521, star-radius contribution 1.0550. Planet radius 23.3708 vs 23.9872 R_earth. Host star radius 1.5460 vs 2.6200 R_sun. Transit evidence confirmed in both sources (both_transit); selection reasons: primary_extreme;rank_displacement;operational_candidate.","forensic_cases.csv (protocol 2.4.0 corrected-input run), source_row_a=314, source_row_b=3843; frozen inputs kepler.csv (Exoplanet.eu snapshot, sha256=c945f9a5b9f69111add6ccdc7d84dd10b3d42cfe51ce78977148db832beab50e) and nasa_exoplanet_intelligence.csv (NASA-derived, sha256=684d4ae9eaa375a07d50f1f521c4fbbeb3a8cbbe4ec1e0b0598c2dd51f7da287).",Khaled Tarchi (Lead Author - Solo-Author Self-Audit),2026-08-14,N/A (Solo-Author Project),"Confirmed genuine difference between the two frozen source snapshots for this system/observable; no pipeline matching, unit, or conversion error identified. Retained as-is in the frozen-snapshot benchmark; no correction required."
qatar-4 b,geometric_area_ratio_ppm,0,primary_extreme;operational_candidate,confirmed_source_difference,"Source A value 20414.6 vs Source B value 18831.4 (ppm); factorial width 3.2250. dominant contributor(s): planet-radius contribution 0.6258, star-radius contribution 0.5451. Planet radius 17.3964 vs 12.7222 R_earth. Host star radius 1.1150 vs 0.8490 R_sun. Transit evidence confirmed in both sources (both_transit); selection reasons: primary_extreme;operational_candidate.","forensic_cases.csv (protocol 2.4.0 corrected-input run), source_row_a=3480, source_row_b=1198; frozen inputs kepler.csv (Exoplanet.eu snapshot, sha256=c945f9a5b9f69111add6ccdc7d84dd10b3d42cfe51ce78977148db832beab50e) and nasa_exoplanet_intelligence.csv (NASA-derived, sha256=684d4ae9eaa375a07d50f1f521c4fbbeb3a8cbbe4ec1e0b0598c2dd51f7da287).",Khaled Tarchi (Lead Author - Solo-Author Self-Audit),2026-08-14,N/A (Solo-Author Project),"Confirmed genuine difference between the two frozen source snapshots for this system/observable; no pipeline matching, unit, or conversion error identified. Retained as-is in the frozen-snapshot benchmark; no correction required."
kepler-430 c,geometric_area_ratio_ppm,0,primary_extreme;rank_displacement,confirmed_source_difference,Source A value 401.837 vs Source B value 116.465 (ppm); factorial width 3.4503. dominant contributor(s): planet-radius contribution 1.2385. Planet radius 3.2506 vs 1.7500 R_earth. Host star radius 1.4850 vs 1.4850 R_sun. Transit evidence confirmed in both sources (both_transit); selection reasons: primary_extreme;rank_displacement.,"forensic_cases.csv (protocol 2.4.0 corrected-input run), source_row_a=2606, source_row_b=987; frozen inputs kepler.csv (Exoplanet.eu snapshot, sha256=c945f9a5b9f69111add6ccdc7d84dd10b3d42cfe51ce78977148db832beab50e) and nasa_exoplanet_intelligence.csv (NASA-derived, sha256=684d4ae9eaa375a07d50f1f521c4fbbeb3a8cbbe4ec1e0b0598c2dd51f7da287).",Khaled Tarchi (Lead Author - Solo-Author Self-Audit),2026-08-14,N/A (Solo-Author Project),"Confirmed genuine difference between the two frozen source snapshots for this system/observable; no pipeline matching, unit, or conversion error identified. Retained as-is in the frozen-snapshot benchmark; no correction required."
kepler-28 c,geometric_area_ratio_ppm,0,primary_extreme;rank_displacement,confirmed_source_difference,"Source A value 1935.32 vs Source B value 655.934 (ppm); factorial width 3.6443. dominant contributor(s): planet-radius contribution 1.1876, star-radius contribution 0.1056. Planet radius 3.3627 vs 1.8570 R_earth. Host star radius 0.7000 vs 0.6640 R_sun. Transit evidence confirmed in both sources (both_transit); selection reasons: primary_extreme;rank_displacement.","forensic_cases.csv (protocol 2.4.0 corrected-input run), source_row_a=2251, source_row_b=5006; frozen inputs kepler.csv (Exoplanet.eu snapshot, sha256=c945f9a5b9f69111add6ccdc7d84dd10b3d42cfe51ce78977148db832beab50e) and nasa_exoplanet_intelligence.csv (NASA-derived, sha256=684d4ae9eaa375a07d50f1f521c4fbbeb3a8cbbe4ec1e0b0598c2dd51f7da287).",Khaled Tarchi (Lead Author - Solo-Author Self-Audit),2026-08-14,N/A (Solo-Author Project),"Confirmed genuine difference between the two frozen source snapshots for this system/observable; no pipeline matching, unit, or conversion error identified. Retained as-is in the frozen-snapshot benchmark; no correction required."
kepler-28 b,geometric_area_ratio_ppm,0,primary_extreme;rank_displacement,confirmed_source_difference,"Source A value 2201.97 vs Source B value 729.971 (ppm); factorial width 3.7258. dominant contributor(s): planet-radius contribution 1.2097, star-radius contribution 0.1056. Planet radius 3.5869 vs 1.9590 R_earth. Host star radius 0.7000 vs 0.6640 R_sun. Transit evidence confirmed in both sources (both_transit); selection reasons: primary_extreme;rank_displacement.","forensic_cases.csv (protocol 2.4.0 corrected-input run), source_row_a=2250, source_row_b=5001; frozen inputs kepler.csv (Exoplanet.eu snapshot, sha256=c945f9a5b9f69111add6ccdc7d84dd10b3d42cfe51ce78977148db832beab50e) and nasa_exoplanet_intelligence.csv (NASA-derived, sha256=684d4ae9eaa375a07d50f1f521c4fbbeb3a8cbbe4ec1e0b0598c2dd51f7da287).",Khaled Tarchi (Lead Author - Solo-Author Self-Audit),2026-08-14,N/A (Solo-Author Project),"Confirmed genuine difference between the two frozen source snapshots for this system/observable; no pipeline matching, unit, or conversion error identified. Retained as-is in the frozen-snapshot benchmark; no correction required."
hat-p-41 b,geometric_area_ratio_ppm,0,primary_extreme;rank_displacement;operational_candidate,confirmed_source_difference,"Source A value 21125.8 vs Source B value 10536.7 (ppm); factorial width 4.3926. dominant contributor(s): planet-radius contribution 0.3921, star-radius contribution 1.0878. Planet radius 18.8872 vs 22.9784 R_earth. Host star radius 1.1900 vs 2.0500 R_sun. Transit evidence confirmed in both sources (both_transit); selection reasons: primary_extreme;rank_displacement;operational_candidate.","forensic_cases.csv (protocol 2.4.0 corrected-input run), source_row_a=291, source_row_b=1144; frozen inputs kepler.csv (Exoplanet.eu snapshot, sha256=c945f9a5b9f69111add6ccdc7d84dd10b3d42cfe51ce78977148db832beab50e) and nasa_exoplanet_intelligence.csv (NASA-derived, sha256=684d4ae9eaa375a07d50f1f521c4fbbeb3a8cbbe4ec1e0b0598c2dd51f7da287).",Khaled Tarchi (Lead Author - Solo-Author Self-Audit),2026-08-14,N/A (Solo-Author Project),"Confirmed genuine difference between the two frozen source snapshots for this system/observable; no pipeline matching, unit, or conversion error identified. Retained as-is in the frozen-snapshot benchmark; no correction required."
kepler-458 c,geometric_area_ratio_ppm,0,primary_extreme;rank_displacement,confirmed_source_difference,"Source A value 1396.67 vs Source B value 301.357 (ppm); factorial width 4.6346. dominant contributor(s): planet-radius contribution 0.0016, star-radius contribution 1.5319. Planet radius 4.2034 vs 4.2000 R_earth. Host star radius 1.0300 vs 2.2156 R_sun. Transit evidence confirmed in both sources (both_transit); selection reasons: primary_extreme;rank_displacement.","forensic_cases.csv (protocol 2.4.0 corrected-input run), source_row_a=2652, source_row_b=3152; frozen inputs kepler.csv (Exoplanet.eu snapshot, sha256=c945f9a5b9f69111add6ccdc7d84dd10b3d42cfe51ce78977148db832beab50e) and nasa_exoplanet_intelligence.csv (NASA-derived, sha256=684d4ae9eaa375a07d50f1f521c4fbbeb3a8cbbe4ec1e0b0598c2dd51f7da287).",Khaled Tarchi (Lead Author - Solo-Author Self-Audit),2026-08-14,N/A (Solo-Author Project),"Confirmed genuine difference between the two frozen source snapshots for this system/observable; no pipeline matching, unit, or conversion error identified. Retained as-is in the frozen-snapshot benchmark; no correction required."
kepler-85 b,gravity_gearth,0,secondary_extreme,confirmed_source_difference,Source A value 3.71254 vs Source B value 0.582042 (g_earth); factorial width 10.1143. dominant contributor(s): planet-radius contribution 0.2305. Planet radius 1.9952 vs 1.7780 R_earth. Transit evidence confirmed in both sources (both_transit); selection reasons: secondary_extreme.,"forensic_cases.csv (protocol 2.4.0 corrected-input run), source_row_a=3174, source_row_b=5612; frozen inputs kepler.csv (Exoplanet.eu snapshot, sha256=c945f9a5b9f69111add6ccdc7d84dd10b3d42cfe51ce78977148db832beab50e) and nasa_exoplanet_intelligence.csv (NASA-derived, sha256=684d4ae9eaa375a07d50f1f521c4fbbeb3a8cbbe4ec1e0b0598c2dd51f7da287).",Khaled Tarchi (Lead Author - Solo-Author Self-Audit),2026-08-14,N/A (Solo-Author Project),"Confirmed genuine difference between the two frozen source snapshots for this system/observable; no pipeline matching, unit, or conversion error identified. Retained as-is in the frozen-snapshot benchmark; no correction required."
kepler-223 e,geometric_area_ratio_ppm,0,primary_extreme;rank_displacement,confirmed_source_difference,"Source A value 463.803 vs Source B value 599.835 (ppm); factorial width 10.4571. dominant contributor(s): planet-radius contribution 1.3022, star-radius contribution 1.0450. Planet radius 2.3987 vs 4.6000 R_earth. Host star radius 1.0200 vs 1.7200 R_sun. Transit evidence confirmed in both sources (both_transit); selection reasons: primary_extreme;rank_displacement.","forensic_cases.csv (protocol 2.4.0 corrected-input run), source_row_a=2092, source_row_b=3792; frozen inputs kepler.csv (Exoplanet.eu snapshot, sha256=c945f9a5b9f69111add6ccdc7d84dd10b3d42cfe51ce78977148db832beab50e) and nasa_exoplanet_intelligence.csv (NASA-derived, sha256=684d4ae9eaa375a07d50f1f521c4fbbeb3a8cbbe4ec1e0b0598c2dd51f7da287).",Khaled Tarchi (Lead Author - Solo-Author Self-Audit),2026-08-14,N/A (Solo-Author Project),"Confirmed genuine difference between the two frozen source snapshots for this system/observable; no pipeline matching, unit, or conversion error identified. Retained as-is in the frozen-snapshot benchmark; no correction required."
kepler-59 c,escape_velocity_km_s,0,secondary_extreme,confirmed_source_difference,Source A value 164.328 vs Source B value 15.5169 (km s^-1); factorial width 10.7915. dominant contributor(s): planet-radius contribution 0.0094. Planet radius 2.0176 vs 1.9800 R_earth. Transit evidence confirmed in both sources (both_transit); selection reasons: secondary_extreme.,"forensic_cases.csv (protocol 2.4.0 corrected-input run), source_row_a=2835, source_row_b=139; frozen inputs kepler.csv (Exoplanet.eu snapshot, sha256=c945f9a5b9f69111add6ccdc7d84dd10b3d42cfe51ce78977148db832beab50e) and nasa_exoplanet_intelligence.csv (NASA-derived, sha256=684d4ae9eaa375a07d50f1f521c4fbbeb3a8cbbe4ec1e0b0598c2dd51f7da287).",Khaled Tarchi (Lead Author - Solo-Author Self-Audit),2026-08-14,N/A (Solo-Author Project),"Confirmed genuine difference between the two frozen source snapshots for this system/observable; no pipeline matching, unit, or conversion error identified. Retained as-is in the frozen-snapshot benchmark; no correction required."
kepler-85 c,gravity_gearth,0,secondary_extreme,confirmed_source_difference,Source A value 3.84572 vs Source B value 0.549523 (g_earth); factorial width 10.8697. dominant contributor(s): planet-radius contribution 0.2202. Planet radius 2.2082 vs 1.9780 R_earth. Transit evidence confirmed in both sources (both_transit); selection reasons: secondary_extreme.,"forensic_cases.csv (protocol 2.4.0 corrected-input run), source_row_a=3175, source_row_b=1552; frozen inputs kepler.csv (Exoplanet.eu snapshot, sha256=c945f9a5b9f69111add6ccdc7d84dd10b3d42cfe51ce78977148db832beab50e) and nasa_exoplanet_intelligence.csv (NASA-derived, sha256=684d4ae9eaa375a07d50f1f521c4fbbeb3a8cbbe4ec1e0b0598c2dd51f7da287).",Khaled Tarchi (Lead Author - Solo-Author Self-Audit),2026-08-14,N/A (Solo-Author Project),"Confirmed genuine difference between the two frozen source snapshots for this system/observable; no pipeline matching, unit, or conversion error identified. Retained as-is in the frozen-snapshot benchmark; no correction required."
kepler-67 b,gravity_gearth,0,secondary_extreme,confirmed_source_difference,Source A value 11.6004 vs Source B value 1.03661 (g_earth); factorial width 11.1908. dominant contributor(s): planet-radius contribution 0.0175. Planet radius 2.9143 vs 2.9400 R_earth. Transit evidence confirmed in both sources (both_transit); selection reasons: secondary_extreme.,"forensic_cases.csv (protocol 2.4.0 corrected-input run), source_row_a=2940, source_row_b=1272; frozen inputs kepler.csv (Exoplanet.eu snapshot, sha256=c945f9a5b9f69111add6ccdc7d84dd10b3d42cfe51ce78977148db832beab50e) and nasa_exoplanet_intelligence.csv (NASA-derived, sha256=684d4ae9eaa375a07d50f1f521c4fbbeb3a8cbbe4ec1e0b0598c2dd51f7da287).",Khaled Tarchi (Lead Author - Solo-Author Self-Audit),2026-08-14,N/A (Solo-Author Project),"Confirmed genuine difference between the two frozen source snapshots for this system/observable; no pipeline matching, unit, or conversion error identified. Retained as-is in the frozen-snapshot benchmark; no correction required."
kepler-67 b,density_g_cm3,0,secondary_extreme,confirmed_source_difference,Source A value 21.9483 vs Source B value 1.94416 (g cm^-3); factorial width 11.2893. dominant contributor(s): planet-radius contribution 0.0263. Planet radius 2.9143 vs 2.9400 R_earth. Transit evidence confirmed in both sources (both_transit); selection reasons: secondary_extreme.,"forensic_cases.csv (protocol 2.4.0 corrected-input run), source_row_a=2940, source_row_b=1272; frozen inputs kepler.csv (Exoplanet.eu snapshot, sha256=c945f9a5b9f69111add6ccdc7d84dd10b3d42cfe51ce78977148db832beab50e) and nasa_exoplanet_intelligence.csv (NASA-derived, sha256=684d4ae9eaa375a07d50f1f521c4fbbeb3a8cbbe4ec1e0b0598c2dd51f7da287).",Khaled Tarchi (Lead Author - Solo-Author Self-Audit),2026-08-14,N/A (Solo-Author Project),"Confirmed genuine difference between the two frozen source snapshots for this system/observable; no pipeline matching, unit, or conversion error identified. Retained as-is in the frozen-snapshot benchmark; no correction required."
kepler-20 f,gravity_gearth,0,secondary_extreme,confirmed_source_difference,Source A value 14.2174 vs Source B value 1.54474 (g_earth); factorial width 11.3394. dominant contributor(s): planet-radius contribution 0.1043. Planet radius 1.0030 vs 0.9520 R_earth. Transit evidence confirmed in both sources (both_transit); selection reasons: secondary_extreme.,"forensic_cases.csv (protocol 2.4.0 corrected-input run), source_row_a=2024, source_row_b=4907; frozen inputs kepler.csv (Exoplanet.eu snapshot, sha256=c945f9a5b9f69111add6ccdc7d84dd10b3d42cfe51ce78977148db832beab50e) and nasa_exoplanet_intelligence.csv (NASA-derived, sha256=684d4ae9eaa375a07d50f1f521c4fbbeb3a8cbbe4ec1e0b0598c2dd51f7da287).",Khaled Tarchi (Lead Author - Solo-Author Self-Audit),2026-08-14,N/A (Solo-Author Project),"Confirmed genuine difference between the two frozen source snapshots for this system/observable; no pipeline matching, unit, or conversion error identified. Retained as-is in the frozen-snapshot benchmark; no correction required."
kepler-85 b,density_g_cm3,0,secondary_extreme,confirmed_source_difference,Source A value 10.2601 vs Source B value 1.80505 (g cm^-3); factorial width 11.3499. dominant contributor(s): planet-radius contribution 0.3458. Planet radius 1.9952 vs 1.7780 R_earth. Transit evidence confirmed in both sources (both_transit); selection reasons: secondary_extreme.,"forensic_cases.csv (protocol 2.4.0 corrected-input run), source_row_a=3174, source_row_b=5612; frozen inputs kepler.csv (Exoplanet.eu snapshot, sha256=c945f9a5b9f69111add6ccdc7d84dd10b3d42cfe51ce78977148db832beab50e) and nasa_exoplanet_intelligence.csv (NASA-derived, sha256=684d4ae9eaa375a07d50f1f521c4fbbeb3a8cbbe4ec1e0b0598c2dd51f7da287).",Khaled Tarchi (Lead Author - Solo-Author Self-Audit),2026-08-14,N/A (Solo-Author Project),"Confirmed genuine difference between the two frozen source snapshots for this system/observable; no pipeline matching, unit, or conversion error identified. Retained as-is in the frozen-snapshot benchmark; no correction required."
kepler-53 c,escape_velocity_km_s,0,secondary_extreme,confirmed_source_difference,Source A value 446.734 vs Source B value 37.6961 (km s^-1); factorial width 11.8509. dominant contributor(s): planet-radius contribution 0.0050. Planet radius 3.1385 vs 3.1700 R_earth. Transit evidence confirmed in both sources (both_transit); selection reasons: secondary_extreme.,"forensic_cases.csv (protocol 2.4.0 corrected-input run), source_row_a=2752, source_row_b=6108; frozen inputs kepler.csv (Exoplanet.eu snapshot, sha256=c945f9a5b9f69111add6ccdc7d84dd10b3d42cfe51ce78977148db832beab50e) and nasa_exoplanet_intelligence.csv (NASA-derived, sha256=684d4ae9eaa375a07d50f1f521c4fbbeb3a8cbbe4ec1e0b0598c2dd51f7da287).",Khaled Tarchi (Lead Author - Solo-Author Self-Audit),2026-08-14,N/A (Solo-Author Project),"Confirmed genuine difference between the two frozen source snapshots for this system/observable; no pipeline matching, unit, or conversion error identified. Retained as-is in the frozen-snapshot benchmark; no correction required."
kepler-20 f,density_g_cm3,0,secondary_extreme,confirmed_source_difference,Source A value 78.1615 vs Source B value 8.94713 (g cm^-3); factorial width 11.9466. dominant contributor(s): planet-radius contribution 0.1565. Planet radius 1.0030 vs 0.9520 R_earth. Transit evidence confirmed in both sources (both_transit); selection reasons: secondary_extreme.,"forensic_cases.csv (protocol 2.4.0 corrected-input run), source_row_a=2024, source_row_b=4907; frozen inputs kepler.csv (Exoplanet.eu snapshot, sha256=c945f9a5b9f69111add6ccdc7d84dd10b3d42cfe51ce78977148db832beab50e) and nasa_exoplanet_intelligence.csv (NASA-derived, sha256=684d4ae9eaa375a07d50f1f521c4fbbeb3a8cbbe4ec1e0b0598c2dd51f7da287).",Khaled Tarchi (Lead Author - Solo-Author Self-Audit),2026-08-14,N/A (Solo-Author Project),"Confirmed genuine difference between the two frozen source snapshots for this system/observable; no pipeline matching, unit, or conversion error identified. Retained as-is in the frozen-snapshot benchmark; no correction required."
kepler-66 b,gravity_gearth,0,secondary_extreme,confirmed_source_difference,Source A value 12.547 vs Source B value 1.0523 (g_earth); factorial width 11.9618. dominant contributor(s): planet-radius contribution 0.0016. Planet radius 2.8022 vs 2.8000 R_earth. Transit evidence confirmed in both sources (both_transit); selection reasons: secondary_extreme.,"forensic_cases.csv (protocol 2.4.0 corrected-input run), source_row_a=2929, source_row_b=5932; frozen inputs kepler.csv (Exoplanet.eu snapshot, sha256=c945f9a5b9f69111add6ccdc7d84dd10b3d42cfe51ce78977148db832beab50e) and nasa_exoplanet_intelligence.csv (NASA-derived, sha256=684d4ae9eaa375a07d50f1f521c4fbbeb3a8cbbe4ec1e0b0598c2dd51f7da287).",Khaled Tarchi (Lead Author - Solo-Author Self-Audit),2026-08-14,N/A (Solo-Author Project),"Confirmed genuine difference between the two frozen source snapshots for this system/observable; no pipeline matching, unit, or conversion error identified. Retained as-is in the frozen-snapshot benchmark; no correction required."
kepler-66 b,density_g_cm3,0,secondary_extreme,confirmed_source_difference,Source A value 24.6888 vs Source B value 2.07227 (g cm^-3); factorial width 11.9714. dominant contributor(s): planet-radius contribution 0.0024. Planet radius 2.8022 vs 2.8000 R_earth. Transit evidence confirmed in both sources (both_transit); selection reasons: secondary_extreme.,"forensic_cases.csv (protocol 2.4.0 corrected-input run), source_row_a=2929, source_row_b=5932; frozen inputs kepler.csv (Exoplanet.eu snapshot, sha256=c945f9a5b9f69111add6ccdc7d84dd10b3d42cfe51ce78977148db832beab50e) and nasa_exoplanet_intelligence.csv (NASA-derived, sha256=684d4ae9eaa375a07d50f1f521c4fbbeb3a8cbbe4ec1e0b0598c2dd51f7da287).",Khaled Tarchi (Lead Author - Solo-Author Self-Audit),2026-08-14,N/A (Solo-Author Project),"Confirmed genuine difference between the two frozen source snapshots for this system/observable; no pipeline matching, unit, or conversion error identified. Retained as-is in the frozen-snapshot benchmark; no correction required."
kepler-85 c,density_g_cm3,0,secondary_extreme,confirmed_source_difference,Source A value 9.6031 vs Source B value 1.53189 (g cm^-3); factorial width 12.1346. dominant contributor(s): planet-radius contribution 0.3302. Planet radius 2.2082 vs 1.9780 R_earth. Transit evidence confirmed in both sources (both_transit); selection reasons: secondary_extreme.,"forensic_cases.csv (protocol 2.4.0 corrected-input run), source_row_a=3175, source_row_b=1552; frozen inputs kepler.csv (Exoplanet.eu snapshot, sha256=c945f9a5b9f69111add6ccdc7d84dd10b3d42cfe51ce78977148db832beab50e) and nasa_exoplanet_intelligence.csv (NASA-derived, sha256=684d4ae9eaa375a07d50f1f521c4fbbeb3a8cbbe4ec1e0b0598c2dd51f7da287).",Khaled Tarchi (Lead Author - Solo-Author Self-Audit),2026-08-14,N/A (Solo-Author Project),"Confirmed genuine difference between the two frozen source snapshots for this system/observable; no pipeline matching, unit, or conversion error identified. Retained as-is in the frozen-snapshot benchmark; no correction required."
kepler-1625 b,geometric_area_ratio_ppm,0,primary_extreme,confirmed_source_difference,"Source A value 3277.52 vs Source B value 3485.48 (ppm); factorial width 12.4478. dominant contributor(s): planet-radius contribution 1.2300, star-radius contribution 1.2915. Planet radius 11.2090 vs 6.0600 R_earth. Host star radius 1.7930 vs 0.9400 R_sun. Transit evidence confirmed in both sources (both_transit); selection reasons: primary_extreme.","forensic_cases.csv (protocol 2.4.0 corrected-input run), source_row_a=1888, source_row_b=3769; frozen inputs kepler.csv (Exoplanet.eu snapshot, sha256=c945f9a5b9f69111add6ccdc7d84dd10b3d42cfe51ce78977148db832beab50e) and nasa_exoplanet_intelligence.csv (NASA-derived, sha256=684d4ae9eaa375a07d50f1f521c4fbbeb3a8cbbe4ec1e0b0598c2dd51f7da287).",Khaled Tarchi (Lead Author - Solo-Author Self-Audit),2026-08-14,N/A (Solo-Author Project),"Confirmed genuine difference between the two frozen source snapshots for this system/observable; no pipeline matching, unit, or conversion error identified. Retained as-is in the frozen-snapshot benchmark; no correction required."
kepler-59 b,escape_velocity_km_s,0,secondary_extreme,confirmed_source_difference,Source A value 272.428 vs Source B value 21.5959 (km s^-1); factorial width 12.6148. dominant contributor(s): planet-radius contribution 0.0007. Planet radius 1.0985 vs 1.1000 R_earth. Transit evidence confirmed in both sources (both_transit); selection reasons: secondary_extreme.,"forensic_cases.csv (protocol 2.4.0 corrected-input run), source_row_a=2834, source_row_b=151; frozen inputs kepler.csv (Exoplanet.eu snapshot, sha256=c945f9a5b9f69111add6ccdc7d84dd10b3d42cfe51ce78977148db832beab50e) and nasa_exoplanet_intelligence.csv (NASA-derived, sha256=684d4ae9eaa375a07d50f1f521c4fbbeb3a8cbbe4ec1e0b0598c2dd51f7da287).",Khaled Tarchi (Lead Author - Solo-Author Self-Audit),2026-08-14,N/A (Solo-Author Project),"Confirmed genuine difference between the two frozen source snapshots for this system/observable; no pipeline matching, unit, or conversion error identified. Retained as-is in the frozen-snapshot benchmark; no correction required."
kepler-58 b,gravity_gearth,0,secondary_extreme,confirmed_source_difference,Source A value 56.2592 vs Source B value 4.59345 (g_earth); factorial width 12.6445. dominant contributor(s): planet-radius contribution 0.0159. Planet radius 2.8022 vs 2.7800 R_earth. Transit evidence confirmed in both sources (both_transit); selection reasons: secondary_extreme.,"forensic_cases.csv (protocol 2.4.0 corrected-input run), source_row_a=2821, source_row_b=279; frozen inputs kepler.csv (Exoplanet.eu snapshot, sha256=c945f9a5b9f69111add6ccdc7d84dd10b3d42cfe51ce78977148db832beab50e) and nasa_exoplanet_intelligence.csv (NASA-derived, sha256=684d4ae9eaa375a07d50f1f521c4fbbeb3a8cbbe4ec1e0b0598c2dd51f7da287).",Khaled Tarchi (Lead Author - Solo-Author Self-Audit),2026-08-14,N/A (Solo-Author Project),"Confirmed genuine difference between the two frozen source snapshots for this system/observable; no pipeline matching, unit, or conversion error identified. Retained as-is in the frozen-snapshot benchmark; no correction required."
kepler-58 b,density_g_cm3,0,secondary_extreme,confirmed_source_difference,Source A value 110.701 vs Source B value 9.11089 (g cm^-3); factorial width 12.7457. dominant contributor(s): planet-radius contribution 0.0239. Planet radius 2.8022 vs 2.7800 R_earth. Transit evidence confirmed in both sources (both_transit); selection reasons: secondary_extreme.,"forensic_cases.csv (protocol 2.4.0 corrected-input run), source_row_a=2821, source_row_b=279; frozen inputs kepler.csv (Exoplanet.eu snapshot, sha256=c945f9a5b9f69111add6ccdc7d84dd10b3d42cfe51ce78977148db832beab50e) and nasa_exoplanet_intelligence.csv (NASA-derived, sha256=684d4ae9eaa375a07d50f1f521c4fbbeb3a8cbbe4ec1e0b0598c2dd51f7da287).",Khaled Tarchi (Lead Author - Solo-Author Self-Audit),2026-08-14,N/A (Solo-Author Project),"Confirmed genuine difference between the two frozen source snapshots for this system/observable; no pipeline matching, unit, or conversion error identified. Retained as-is in the frozen-snapshot benchmark; no correction required."
hats-12 b,geometric_area_ratio_ppm,0,primary_extreme,confirmed_source_difference,"Source A value 3931.78 vs Source B value 3689.13 (ppm); factorial width 13.5672. dominant contributor(s): planet-radius contribution 1.3357, star-radius contribution 1.2720. Planet radius 15.1321 vs 7.7600 R_earth. Host star radius 2.2100 vs 1.1700 R_sun. Transit evidence confirmed in both sources (both_transit); selection reasons: primary_extreme.","forensic_cases.csv (protocol 2.4.0 corrected-input run), source_row_a=321, source_row_b=1785; frozen inputs kepler.csv (Exoplanet.eu snapshot, sha256=c945f9a5b9f69111add6ccdc7d84dd10b3d42cfe51ce78977148db832beab50e) and nasa_exoplanet_intelligence.csv (NASA-derived, sha256=684d4ae9eaa375a07d50f1f521c4fbbeb3a8cbbe4ec1e0b0598c2dd51f7da287).",Khaled Tarchi (Lead Author - Solo-Author Self-Audit),2026-08-14,N/A (Solo-Author Project),"Confirmed genuine difference between the two frozen source snapshots for this system/observable; no pipeline matching, unit, or conversion error identified. Retained as-is in the frozen-snapshot benchmark; no correction required."
kepler-58 c,gravity_gearth,0,secondary_extreme,confirmed_source_difference,Source A value 81.9513 vs Source B value 6.47953 (g_earth); factorial width 13.6367. dominant contributor(s): planet-radius contribution 0.0376. Planet radius 2.9143 vs 2.8600 R_earth. Transit evidence confirmed in both sources (both_transit); selection reasons: secondary_extreme.,"forensic_cases.csv (protocol 2.4.0 corrected-input run), source_row_a=2822, source_row_b=140; frozen inputs kepler.csv (Exoplanet.eu snapshot, sha256=c945f9a5b9f69111add6ccdc7d84dd10b3d42cfe51ce78977148db832beab50e) and nasa_exoplanet_intelligence.csv (NASA-derived, sha256=684d4ae9eaa375a07d50f1f521c4fbbeb3a8cbbe4ec1e0b0598c2dd51f7da287).",Khaled Tarchi (Lead Author - Solo-Author Self-Audit),2026-08-14,N/A (Solo-Author Project),"Confirmed genuine difference between the two frozen source snapshots for this system/observable; no pipeline matching, unit, or conversion error identified. Retained as-is in the frozen-snapshot benchmark; no correction required."
kepler-1625 b,escape_velocity_km_s,0,secondary_extreme,confirmed_source_difference,Source A value 188.359 vs Source B value 25.1362 (km s^-1); factorial width 13.8606. dominant contributor(s): planet-radius contribution 0.3075. Planet radius 11.2090 vs 6.0600 R_earth. Transit evidence confirmed in both sources (both_transit); selection reasons: secondary_extreme.,"forensic_cases.csv (protocol 2.4.0 corrected-input run), source_row_a=1888, source_row_b=3769; frozen inputs kepler.csv (Exoplanet.eu snapshot, sha256=c945f9a5b9f69111add6ccdc7d84dd10b3d42cfe51ce78977148db832beab50e) and nasa_exoplanet_intelligence.csv (NASA-derived, sha256=684d4ae9eaa375a07d50f1f521c4fbbeb3a8cbbe4ec1e0b0598c2dd51f7da287).",Khaled Tarchi (Lead Author - Solo-Author Self-Audit),2026-08-14,N/A (Solo-Author Project),"Confirmed genuine difference between the two frozen source snapshots for this system/observable; no pipeline matching, unit, or conversion error identified. Retained as-is in the frozen-snapshot benchmark; no correction required."
kepler-58 c,density_g_cm3,0,secondary_extreme,confirmed_source_difference,Source A value 155.054 vs Source B value 12.4924 (g cm^-3); factorial width 13.8958. dominant contributor(s): planet-radius contribution 0.0565. Planet radius 2.9143 vs 2.8600 R_earth. Transit evidence confirmed in both sources (both_transit); selection reasons: secondary_extreme.,"forensic_cases.csv (protocol 2.4.0 corrected-input run), source_row_a=2822, source_row_b=140; frozen inputs kepler.csv (Exoplanet.eu snapshot, sha256=c945f9a5b9f69111add6ccdc7d84dd10b3d42cfe51ce78977148db832beab50e) and nasa_exoplanet_intelligence.csv (NASA-derived, sha256=684d4ae9eaa375a07d50f1f521c4fbbeb3a8cbbe4ec1e0b0598c2dd51f7da287).",Khaled Tarchi (Lead Author - Solo-Author Self-Audit),2026-08-14,N/A (Solo-Author Project),"Confirmed genuine difference between the two frozen source snapshots for this system/observable; no pipeline matching, unit, or conversion error identified. Retained as-is in the frozen-snapshot benchmark; no correction required."
kepler-114 c,gravity_gearth,0,secondary_extreme,confirmed_source_difference,Source A value 15.5687 vs Source B value 1.09375 (g_earth); factorial width 14.3372. dominant contributor(s): planet-radius contribution 0.0036. Planet radius 1.6029 vs 1.6000 R_earth. Transit evidence confirmed in both sources (both_transit); selection reasons: secondary_extreme.,"forensic_cases.csv (protocol 2.4.0 corrected-input run), source_row_a=1260, source_row_b=291; frozen inputs kepler.csv (Exoplanet.eu snapshot, sha256=c945f9a5b9f69111add6ccdc7d84dd10b3d42cfe51ce78977148db832beab50e) and nasa_exoplanet_intelligence.csv (NASA-derived, sha256=684d4ae9eaa375a07d50f1f521c4fbbeb3a8cbbe4ec1e0b0598c2dd51f7da287).",Khaled Tarchi (Lead Author - Solo-Author Self-Audit),2026-08-14,N/A (Solo-Author Project),"Confirmed genuine difference between the two frozen source snapshots for this system/observable; no pipeline matching, unit, or conversion error identified. Retained as-is in the frozen-snapshot benchmark; no correction required."
kepler-114 c,density_g_cm3,0,secondary_extreme,confirmed_source_difference,Source A value 53.5569 vs Source B value 3.76934 (g cm^-3); factorial width 14.3631. dominant contributor(s): planet-radius contribution 0.0054. Planet radius 1.6029 vs 1.6000 R_earth. Transit evidence confirmed in both sources (both_transit); selection reasons: secondary_extreme.,"forensic_cases.csv (protocol 2.4.0 corrected-input run), source_row_a=1260, source_row_b=291; frozen inputs kepler.csv (Exoplanet.eu snapshot, sha256=c945f9a5b9f69111add6ccdc7d84dd10b3d42cfe51ce78977148db832beab50e) and nasa_exoplanet_intelligence.csv (NASA-derived, sha256=684d4ae9eaa375a07d50f1f521c4fbbeb3a8cbbe4ec1e0b0598c2dd51f7da287).",Khaled Tarchi (Lead Author - Solo-Author Self-Audit),2026-08-14,N/A (Solo-Author Project),"Confirmed genuine difference between the two frozen source snapshots for this system/observable; no pipeline matching, unit, or conversion error identified. Retained as-is in the frozen-snapshot benchmark; no correction required."
kepler-11 g,gravity_gearth,0,secondary_extreme,confirmed_source_difference,Source A value 22.4194 vs Source B value 2.25451 (g_earth); factorial width 14.6683. dominant contributor(s): planet-radius contribution 0.1943. Planet radius 3.6698 vs 3.3300 R_earth. Transit evidence confirmed in both sources (both_transit); selection reasons: secondary_extreme.,"forensic_cases.csv (protocol 2.4.0 corrected-input run), source_row_a=1209, source_row_b=369; frozen inputs kepler.csv (Exoplanet.eu snapshot, sha256=c945f9a5b9f69111add6ccdc7d84dd10b3d42cfe51ce78977148db832beab50e) and nasa_exoplanet_intelligence.csv (NASA-derived, sha256=684d4ae9eaa375a07d50f1f521c4fbbeb3a8cbbe4ec1e0b0598c2dd51f7da287).",Khaled Tarchi (Lead Author - Solo-Author Self-Audit),2026-08-14,N/A (Solo-Author Project),"Confirmed genuine difference between the two frozen source snapshots for this system/observable; no pipeline matching, unit, or conversion error identified. Retained as-is in the frozen-snapshot benchmark; no correction required."
kepler-11 g,density_g_cm3,0,secondary_extreme,confirmed_source_difference,Source A value 33.6857 vs Source B value 3.73314 (g cm^-3); factorial width 16.1651. dominant contributor(s): planet-radius contribution 0.2915. Planet radius 3.6698 vs 3.3300 R_earth. Transit evidence confirmed in both sources (both_transit); selection reasons: secondary_extreme.,"forensic_cases.csv (protocol 2.4.0 corrected-input run), source_row_a=1209, source_row_b=369; frozen inputs kepler.csv (Exoplanet.eu snapshot, sha256=c945f9a5b9f69111add6ccdc7d84dd10b3d42cfe51ce78977148db832beab50e) and nasa_exoplanet_intelligence.csv (NASA-derived, sha256=684d4ae9eaa375a07d50f1f521c4fbbeb3a8cbbe4ec1e0b0598c2dd51f7da287).",Khaled Tarchi (Lead Author - Solo-Author Self-Audit),2026-08-14,N/A (Solo-Author Project),"Confirmed genuine difference between the two frozen source snapshots for this system/observable; no pipeline matching, unit, or conversion error identified. Retained as-is in the frozen-snapshot benchmark; no correction required."
kepler-128 c,gravity_gearth,0,secondary_extreme,confirmed_source_difference,Source A value 25.7899 vs Source B value 1.46103 (g_earth); factorial width 17.6519. dominant contributor(s): planet-radius contribution 0.5906. Planet radius 1.1321 vs 1.5210 R_earth. Transit evidence confirmed in both sources (both_transit); selection reasons: secondary_extreme.,"forensic_cases.csv (protocol 2.4.0 corrected-input run), source_row_a=1440, source_row_b=2664; frozen inputs kepler.csv (Exoplanet.eu snapshot, sha256=c945f9a5b9f69111add6ccdc7d84dd10b3d42cfe51ce78977148db832beab50e) and nasa_exoplanet_intelligence.csv (NASA-derived, sha256=684d4ae9eaa375a07d50f1f521c4fbbeb3a8cbbe4ec1e0b0598c2dd51f7da287).",Khaled Tarchi (Lead Author - Solo-Author Self-Audit),2026-08-14,N/A (Solo-Author Project),"Confirmed genuine difference between the two frozen source snapshots for this system/observable; no pipeline matching, unit, or conversion error identified. Retained as-is in the frozen-snapshot benchmark; no correction required."
kepler-28 c,escape_velocity_km_s,0,secondary_extreme,confirmed_source_difference,Source A value 126.822 vs Source B value 11.7816 (km s^-1); factorial width 19.4926. dominant contributor(s): planet-radius contribution 0.2969. Planet radius 3.3627 vs 1.8570 R_earth. Transit evidence confirmed in both sources (both_transit); selection reasons: secondary_extreme.,"forensic_cases.csv (protocol 2.4.0 corrected-input run), source_row_a=2251, source_row_b=5006; frozen inputs kepler.csv (Exoplanet.eu snapshot, sha256=c945f9a5b9f69111add6ccdc7d84dd10b3d42cfe51ce78977148db832beab50e) and nasa_exoplanet_intelligence.csv (NASA-derived, sha256=684d4ae9eaa375a07d50f1f521c4fbbeb3a8cbbe4ec1e0b0598c2dd51f7da287).",Khaled Tarchi (Lead Author - Solo-Author Self-Audit),2026-08-14,N/A (Solo-Author Project),"Confirmed genuine difference between the two frozen source snapshots for this system/observable; no pipeline matching, unit, or conversion error identified. Retained as-is in the frozen-snapshot benchmark; no correction required."
kepler-52 b,gravity_gearth,0,secondary_extreme,confirmed_source_difference,Source A value 609.636 vs Source B value 30.6122 (g_earth); factorial width 21.0659. dominant contributor(s): planet-radius contribution 0.0281. Planet radius 2.1297 vs 2.1000 R_earth. Transit evidence confirmed in both sources (both_transit); selection reasons: secondary_extreme.,"forensic_cases.csv (protocol 2.4.0 corrected-input run), source_row_a=2735, source_row_b=278; frozen inputs kepler.csv (Exoplanet.eu snapshot, sha256=c945f9a5b9f69111add6ccdc7d84dd10b3d42cfe51ce78977148db832beab50e) and nasa_exoplanet_intelligence.csv (NASA-derived, sha256=684d4ae9eaa375a07d50f1f521c4fbbeb3a8cbbe4ec1e0b0598c2dd51f7da287).",Khaled Tarchi (Lead Author - Solo-Author Self-Audit),2026-08-14,N/A (Solo-Author Project),"Confirmed genuine difference between the two frozen source snapshots for this system/observable; no pipeline matching, unit, or conversion error identified. Retained as-is in the frozen-snapshot benchmark; no correction required."
kepler-57 c,escape_velocity_km_s,0,secondary_extreme,confirmed_source_difference,Source A value 419.678 vs Source B value 19.7706 (km s^-1); factorial width 21.2273. dominant contributor(s): planet-radius contribution 0.1680. Planet radius 1.5693 vs 2.1960 R_earth. Transit evidence confirmed in both sources (both_transit); selection reasons: secondary_extreme.,"forensic_cases.csv (protocol 2.4.0 corrected-input run), source_row_a=2810, source_row_b=4998; frozen inputs kepler.csv (Exoplanet.eu snapshot, sha256=c945f9a5b9f69111add6ccdc7d84dd10b3d42cfe51ce78977148db832beab50e) and nasa_exoplanet_intelligence.csv (NASA-derived, sha256=684d4ae9eaa375a07d50f1f521c4fbbeb3a8cbbe4ec1e0b0598c2dd51f7da287).",Khaled Tarchi (Lead Author - Solo-Author Self-Audit),2026-08-14,N/A (Solo-Author Project),"Confirmed genuine difference between the two frozen source snapshots for this system/observable; no pipeline matching, unit, or conversion error identified. Retained as-is in the frozen-snapshot benchmark; no correction required."
kepler-52 b,density_g_cm3,0,secondary_extreme,confirmed_source_difference,Source A value 1578.4 vs Source B value 80.379 (g cm^-3); factorial width 21.3639. dominant contributor(s): planet-radius contribution 0.0421. Planet radius 2.1297 vs 2.1000 R_earth. Transit evidence confirmed in both sources (both_transit); selection reasons: secondary_extreme.,"forensic_cases.csv (protocol 2.4.0 corrected-input run), source_row_a=2735, source_row_b=278; frozen inputs kepler.csv (Exoplanet.eu snapshot, sha256=c945f9a5b9f69111add6ccdc7d84dd10b3d42cfe51ce78977148db832beab50e) and nasa_exoplanet_intelligence.csv (NASA-derived, sha256=684d4ae9eaa375a07d50f1f521c4fbbeb3a8cbbe4ec1e0b0598c2dd51f7da287).",Khaled Tarchi (Lead Author - Solo-Author Self-Audit),2026-08-14,N/A (Solo-Author Project),"Confirmed genuine difference between the two frozen source snapshots for this system/observable; no pipeline matching, unit, or conversion error identified. Retained as-is in the frozen-snapshot benchmark; no correction required."
kepler-28 b,escape_velocity_km_s,0,secondary_extreme,confirmed_source_difference,Source A value 129.39 vs Source B value 10.2036 (km s^-1); factorial width 23.2184. dominant contributor(s): planet-radius contribution 0.3024. Planet radius 3.5869 vs 1.9590 R_earth. Transit evidence confirmed in both sources (both_transit); selection reasons: secondary_extreme.,"forensic_cases.csv (protocol 2.4.0 corrected-input run), source_row_a=2250, source_row_b=5001; frozen inputs kepler.csv (Exoplanet.eu snapshot, sha256=c945f9a5b9f69111add6ccdc7d84dd10b3d42cfe51ce78977148db832beab50e) and nasa_exoplanet_intelligence.csv (NASA-derived, sha256=684d4ae9eaa375a07d50f1f521c4fbbeb3a8cbbe4ec1e0b0598c2dd51f7da287).",Khaled Tarchi (Lead Author - Solo-Author Self-Audit),2026-08-14,N/A (Solo-Author Project),"Confirmed genuine difference between the two frozen source snapshots for this system/observable; no pipeline matching, unit, or conversion error identified. Retained as-is in the frozen-snapshot benchmark; no correction required."
kepler-128 c,density_g_cm3,0,secondary_extreme,confirmed_source_difference,Source A value 125.611 vs Source B value 5.29658 (g cm^-3); factorial width 23.7155. dominant contributor(s): planet-radius contribution 0.8859. Planet radius 1.1321 vs 1.5210 R_earth. Transit evidence confirmed in both sources (both_transit); selection reasons: secondary_extreme.,"forensic_cases.csv (protocol 2.4.0 corrected-input run), source_row_a=1440, source_row_b=2664; frozen inputs kepler.csv (Exoplanet.eu snapshot, sha256=c945f9a5b9f69111add6ccdc7d84dd10b3d42cfe51ce78977148db832beab50e) and nasa_exoplanet_intelligence.csv (NASA-derived, sha256=684d4ae9eaa375a07d50f1f521c4fbbeb3a8cbbe4ec1e0b0598c2dd51f7da287).",Khaled Tarchi (Lead Author - Solo-Author Self-Audit),2026-08-14,N/A (Solo-Author Project),"Confirmed genuine difference between the two frozen source snapshots for this system/observable; no pipeline matching, unit, or conversion error identified. Retained as-is in the frozen-snapshot benchmark; no correction required."
kepler-42 c,gravity_gearth,0,secondary_extreme,confirmed_source_difference,Source A value 3.59239 vs Source B value 113.224 (g_earth); factorial width 31.7633. dominant contributor(s): planet-radius contribution 0.0039. Planet radius 0.7286 vs 0.7300 R_earth. Transit evidence confirmed in both sources (both_transit); selection reasons: secondary_extreme.,"forensic_cases.csv (protocol 2.4.0 corrected-input run), source_row_a=2596, source_row_b=258; frozen inputs kepler.csv (Exoplanet.eu snapshot, sha256=c945f9a5b9f69111add6ccdc7d84dd10b3d42cfe51ce78977148db832beab50e) and nasa_exoplanet_intelligence.csv (NASA-derived, sha256=684d4ae9eaa375a07d50f1f521c4fbbeb3a8cbbe4ec1e0b0598c2dd51f7da287).",Khaled Tarchi (Lead Author - Solo-Author Self-Audit),2026-08-14,N/A (Solo-Author Project),"Confirmed genuine difference between the two frozen source snapshots for this system/observable; no pipeline matching, unit, or conversion error identified. Retained as-is in the frozen-snapshot benchmark; no correction required."
kepler-42 c,density_g_cm3,0,secondary_extreme,confirmed_source_difference,Source A value 27.1875 vs Source B value 855.228 (g cm^-3); factorial width 31.8250. dominant contributor(s): planet-radius contribution 0.0058. Planet radius 0.7286 vs 0.7300 R_earth. Transit evidence confirmed in both sources (both_transit); selection reasons: secondary_extreme.,"forensic_cases.csv (protocol 2.4.0 corrected-input run), source_row_a=2596, source_row_b=258; frozen inputs kepler.csv (Exoplanet.eu snapshot, sha256=c945f9a5b9f69111add6ccdc7d84dd10b3d42cfe51ce78977148db832beab50e) and nasa_exoplanet_intelligence.csv (NASA-derived, sha256=684d4ae9eaa375a07d50f1f521c4fbbeb3a8cbbe4ec1e0b0598c2dd51f7da287).",Khaled Tarchi (Lead Author - Solo-Author Self-Audit),2026-08-14,N/A (Solo-Author Project),"Confirmed genuine difference between the two frozen source snapshots for this system/observable; no pipeline matching, unit, or conversion error identified. Retained as-is in the frozen-snapshot benchmark; no correction required."
kepler-106 b,gravity_gearth,0,secondary_extreme,confirmed_source_difference,Source A value 0.223106 vs Source B value 7.88221 (g_earth); factorial width 35.6315. dominant contributor(s): planet-radius contribution 0.0043. Planet radius 0.8183 vs 0.8200 R_earth. Transit evidence confirmed in both sources (both_transit); selection reasons: secondary_extreme.,"forensic_cases.csv (protocol 2.4.0 corrected-input run), source_row_a=1148, source_row_b=777; frozen inputs kepler.csv (Exoplanet.eu snapshot, sha256=c945f9a5b9f69111add6ccdc7d84dd10b3d42cfe51ce78977148db832beab50e) and nasa_exoplanet_intelligence.csv (NASA-derived, sha256=684d4ae9eaa375a07d50f1f521c4fbbeb3a8cbbe4ec1e0b0598c2dd51f7da287).",Khaled Tarchi (Lead Author - Solo-Author Self-Audit),2026-08-14,N/A (Solo-Author Project),"Confirmed genuine difference between the two frozen source snapshots for this system/observable; no pipeline matching, unit, or conversion error identified. Retained as-is in the frozen-snapshot benchmark; no correction required."
kepler-106 b,density_g_cm3,0,secondary_extreme,confirmed_source_difference,Source A value 1.50345 vs Source B value 53.0031 (g cm^-3); factorial width 35.7074. dominant contributor(s): planet-radius contribution 0.0064. Planet radius 0.8183 vs 0.8200 R_earth. Transit evidence confirmed in both sources (both_transit); selection reasons: secondary_extreme.,"forensic_cases.csv (protocol 2.4.0 corrected-input run), source_row_a=1148, source_row_b=777; frozen inputs kepler.csv (Exoplanet.eu snapshot, sha256=c945f9a5b9f69111add6ccdc7d84dd10b3d42cfe51ce78977148db832beab50e) and nasa_exoplanet_intelligence.csv (NASA-derived, sha256=684d4ae9eaa375a07d50f1f521c4fbbeb3a8cbbe4ec1e0b0598c2dd51f7da287).",Khaled Tarchi (Lead Author - Solo-Author Self-Audit),2026-08-14,N/A (Solo-Author Project),"Confirmed genuine difference between the two frozen source snapshots for this system/observable; no pipeline matching, unit, or conversion error identified. Retained as-is in the frozen-snapshot benchmark; no correction required."
kepler-24 b,gravity_gearth,0,secondary_extreme,confirmed_source_difference,Source A value 91.7783 vs Source B value 2.02064 (g_earth); factorial width 45.8779. dominant contributor(s): planet-radius contribution 0.0050. Planet radius 2.3539 vs 2.3480 R_earth. Transit evidence confirmed in both sources (both_transit); selection reasons: secondary_extreme.,"forensic_cases.csv (protocol 2.4.0 corrected-input run), source_row_a=2138, source_row_b=5053; frozen inputs kepler.csv (Exoplanet.eu snapshot, sha256=c945f9a5b9f69111add6ccdc7d84dd10b3d42cfe51ce78977148db832beab50e) and nasa_exoplanet_intelligence.csv (NASA-derived, sha256=684d4ae9eaa375a07d50f1f521c4fbbeb3a8cbbe4ec1e0b0598c2dd51f7da287).",Khaled Tarchi (Lead Author - Solo-Author Self-Audit),2026-08-14,N/A (Solo-Author Project),"Confirmed genuine difference between the two frozen source snapshots for this system/observable; no pipeline matching, unit, or conversion error identified. Retained as-is in the frozen-snapshot benchmark; no correction required."
kepler-24 b,density_g_cm3,0,secondary_extreme,confirmed_source_difference,Source A value 214.991 vs Source B value 4.74523 (g cm^-3); factorial width 45.9929. dominant contributor(s): planet-radius contribution 0.0075. Planet radius 2.3539 vs 2.3480 R_earth. Transit evidence confirmed in both sources (both_transit); selection reasons: secondary_extreme.,"forensic_cases.csv (protocol 2.4.0 corrected-input run), source_row_a=2138, source_row_b=5053; frozen inputs kepler.csv (Exoplanet.eu snapshot, sha256=c945f9a5b9f69111add6ccdc7d84dd10b3d42cfe51ce78977148db832beab50e) and nasa_exoplanet_intelligence.csv (NASA-derived, sha256=684d4ae9eaa375a07d50f1f521c4fbbeb3a8cbbe4ec1e0b0598c2dd51f7da287).",Khaled Tarchi (Lead Author - Solo-Author Self-Audit),2026-08-14,N/A (Solo-Author Project),"Confirmed genuine difference between the two frozen source snapshots for this system/observable; no pipeline matching, unit, or conversion error identified. Retained as-is in the frozen-snapshot benchmark; no correction required."
kepler-53 b,gravity_gearth,0,secondary_extreme,confirmed_source_difference,Source A value 688.915 vs Source B value 13.2901 (g_earth); factorial width 53.6053. dominant contributor(s): planet-radius contribution 0.0168. Planet radius 2.9143 vs 2.8900 R_earth. Transit evidence confirmed in both sources (both_transit); selection reasons: secondary_extreme.,"forensic_cases.csv (protocol 2.4.0 corrected-input run), source_row_a=2751, source_row_b=152; frozen inputs kepler.csv (Exoplanet.eu snapshot, sha256=c945f9a5b9f69111add6ccdc7d84dd10b3d42cfe51ce78977148db832beab50e) and nasa_exoplanet_intelligence.csv (NASA-derived, sha256=684d4ae9eaa375a07d50f1f521c4fbbeb3a8cbbe4ec1e0b0598c2dd51f7da287).",Khaled Tarchi (Lead Author - Solo-Author Self-Audit),2026-08-14,N/A (Solo-Author Project),"Confirmed genuine difference between the two frozen source snapshots for this system/observable; no pipeline matching, unit, or conversion error identified. Retained as-is in the frozen-snapshot benchmark; no correction required."
kepler-53 b,density_g_cm3,0,secondary_extreme,confirmed_source_difference,Source A value 1303.44 vs Source B value 25.3569 (g cm^-3); factorial width 54.0568. dominant contributor(s): planet-radius contribution 0.0252. Planet radius 2.9143 vs 2.8900 R_earth. Transit evidence confirmed in both sources (both_transit); selection reasons: secondary_extreme.,"forensic_cases.csv (protocol 2.4.0 corrected-input run), source_row_a=2751, source_row_b=152; frozen inputs kepler.csv (Exoplanet.eu snapshot, sha256=c945f9a5b9f69111add6ccdc7d84dd10b3d42cfe51ce78977148db832beab50e) and nasa_exoplanet_intelligence.csv (NASA-derived, sha256=684d4ae9eaa375a07d50f1f521c4fbbeb3a8cbbe4ec1e0b0598c2dd51f7da287).",Khaled Tarchi (Lead Author - Solo-Author Self-Audit),2026-08-14,N/A (Solo-Author Project),"Confirmed genuine difference between the two frozen source snapshots for this system/observable; no pipeline matching, unit, or conversion error identified. Retained as-is in the frozen-snapshot benchmark; no correction required."
k2-95 b,gravity_gearth,0,secondary_extreme,confirmed_source_difference,Source A value 38.7924 vs Source B value 1.00401 (g_earth); factorial width 60.2590. dominant contributor(s): planet-radius contribution 0.2222. Planet radius 3.6990 vs 3.3100 R_earth. Transit evidence confirmed in both sources (both_transit); selection reasons: secondary_extreme.,"forensic_cases.csv (protocol 2.4.0 corrected-input run), source_row_a=1007, source_row_b=4604; frozen inputs kepler.csv (Exoplanet.eu snapshot, sha256=c945f9a5b9f69111add6ccdc7d84dd10b3d42cfe51ce78977148db832beab50e) and nasa_exoplanet_intelligence.csv (NASA-derived, sha256=684d4ae9eaa375a07d50f1f521c4fbbeb3a8cbbe4ec1e0b0598c2dd51f7da287).",Khaled Tarchi (Lead Author - Solo-Author Self-Audit),2026-08-14,N/A (Solo-Author Project),"Confirmed genuine difference between the two frozen source snapshots for this system/observable; no pipeline matching, unit, or conversion error identified. Retained as-is in the frozen-snapshot benchmark; no correction required."
kepler-24 c,gravity_gearth,0,secondary_extreme,confirmed_source_difference,Source A value 64.7587 vs Source B value 1.58065 (g_earth); factorial width 63.2455. dominant contributor(s): planet-radius contribution 0.2171. Planet radius 2.8022 vs 2.5140 R_earth. Transit evidence confirmed in both sources (both_transit); selection reasons: secondary_extreme.,"forensic_cases.csv (protocol 2.4.0 corrected-input run), source_row_a=2139, source_row_b=5049; frozen inputs kepler.csv (Exoplanet.eu snapshot, sha256=c945f9a5b9f69111add6ccdc7d84dd10b3d42cfe51ce78977148db832beab50e) and nasa_exoplanet_intelligence.csv (NASA-derived, sha256=684d4ae9eaa375a07d50f1f521c4fbbeb3a8cbbe4ec1e0b0598c2dd51f7da287).",Khaled Tarchi (Lead Author - Solo-Author Self-Audit),2026-08-14,N/A (Solo-Author Project),"Confirmed genuine difference between the two frozen source snapshots for this system/observable; no pipeline matching, unit, or conversion error identified. Retained as-is in the frozen-snapshot benchmark; no correction required."
k2-95 b,density_g_cm3,0,secondary_extreme,confirmed_source_difference,Source A value 57.8273 vs Source B value 1.67254 (g cm^-3); factorial width 67.3402. dominant contributor(s): planet-radius contribution 0.3333. Planet radius 3.6990 vs 3.3100 R_earth. Transit evidence confirmed in both sources (both_transit); selection reasons: secondary_extreme.,"forensic_cases.csv (protocol 2.4.0 corrected-input run), source_row_a=1007, source_row_b=4604; frozen inputs kepler.csv (Exoplanet.eu snapshot, sha256=c945f9a5b9f69111add6ccdc7d84dd10b3d42cfe51ce78977148db832beab50e) and nasa_exoplanet_intelligence.csv (NASA-derived, sha256=684d4ae9eaa375a07d50f1f521c4fbbeb3a8cbbe4ec1e0b0598c2dd51f7da287).",Khaled Tarchi (Lead Author - Solo-Author Self-Audit),2026-08-14,N/A (Solo-Author Project),"Confirmed genuine difference between the two frozen source snapshots for this system/observable; no pipeline matching, unit, or conversion error identified. Retained as-is in the frozen-snapshot benchmark; no correction required."
kepler-24 c,density_g_cm3,0,secondary_extreme,confirmed_source_difference,Source A value 127.426 vs Source B value 3.46686 (g cm^-3); factorial width 70.4971. dominant contributor(s): planet-radius contribution 0.3256. Planet radius 2.8022 vs 2.5140 R_earth. Transit evidence confirmed in both sources (both_transit); selection reasons: secondary_extreme.,"forensic_cases.csv (protocol 2.4.0 corrected-input run), source_row_a=2139, source_row_b=5049; frozen inputs kepler.csv (Exoplanet.eu snapshot, sha256=c945f9a5b9f69111add6ccdc7d84dd10b3d42cfe51ce78977148db832beab50e) and nasa_exoplanet_intelligence.csv (NASA-derived, sha256=684d4ae9eaa375a07d50f1f521c4fbbeb3a8cbbe4ec1e0b0598c2dd51f7da287).",Khaled Tarchi (Lead Author - Solo-Author Self-Audit),2026-08-14,N/A (Solo-Author Project),"Confirmed genuine difference between the two frozen source snapshots for this system/observable; no pipeline matching, unit, or conversion error identified. Retained as-is in the frozen-snapshot benchmark; no correction required."
kepler-52 c,gravity_gearth,0,secondary_extreme,confirmed_source_difference,Source A value 1028.65 vs Source B value 13.4097 (g_earth); factorial width 76.7095. dominant contributor(s): planet-radius contribution 0.0513. Planet radius 1.7934 vs 1.8400 R_earth. Transit evidence confirmed in both sources (both_transit); selection reasons: secondary_extreme.,"forensic_cases.csv (protocol 2.4.0 corrected-input run), source_row_a=2736, source_row_b=161; frozen inputs kepler.csv (Exoplanet.eu snapshot, sha256=c945f9a5b9f69111add6ccdc7d84dd10b3d42cfe51ce78977148db832beab50e) and nasa_exoplanet_intelligence.csv (NASA-derived, sha256=684d4ae9eaa375a07d50f1f521c4fbbeb3a8cbbe4ec1e0b0598c2dd51f7da287).",Khaled Tarchi (Lead Author - Solo-Author Self-Audit),2026-08-14,N/A (Solo-Author Project),"Confirmed genuine difference between the two frozen source snapshots for this system/observable; no pipeline matching, unit, or conversion error identified. Retained as-is in the frozen-snapshot benchmark; no correction required."
kepler-52 c,density_g_cm3,0,secondary_extreme,confirmed_source_difference,Source A value 3162.64 vs Source B value 40.1855 (g cm^-3); factorial width 78.7009. dominant contributor(s): planet-radius contribution 0.0769. Planet radius 1.7934 vs 1.8400 R_earth. Transit evidence confirmed in both sources (both_transit); selection reasons: secondary_extreme.,"forensic_cases.csv (protocol 2.4.0 corrected-input run), source_row_a=2736, source_row_b=161; frozen inputs kepler.csv (Exoplanet.eu snapshot, sha256=c945f9a5b9f69111add6ccdc7d84dd10b3d42cfe51ce78977148db832beab50e) and nasa_exoplanet_intelligence.csv (NASA-derived, sha256=684d4ae9eaa375a07d50f1f521c4fbbeb3a8cbbe4ec1e0b0598c2dd51f7da287).",Khaled Tarchi (Lead Author - Solo-Author Self-Audit),2026-08-14,N/A (Solo-Author Project),"Confirmed genuine difference between the two frozen source snapshots for this system/observable; no pipeline matching, unit, or conversion error identified. Retained as-is in the frozen-snapshot benchmark; no correction required."
kepler-59 c,gravity_gearth,0,secondary_extreme,confirmed_source_difference,Source A value 106.963 vs Source B value 0.97184 (g_earth); factorial width 118.6687. dominant contributor(s): planet-radius contribution 0.0376. Planet radius 2.0176 vs 1.9800 R_earth. Transit evidence confirmed in both sources (both_transit); selection reasons: secondary_extreme.,"forensic_cases.csv (protocol 2.4.0 corrected-input run), source_row_a=2835, source_row_b=139; frozen inputs kepler.csv (Exoplanet.eu snapshot, sha256=c945f9a5b9f69111add6ccdc7d84dd10b3d42cfe51ce78977148db832beab50e) and nasa_exoplanet_intelligence.csv (NASA-derived, sha256=684d4ae9eaa375a07d50f1f521c4fbbeb3a8cbbe4ec1e0b0598c2dd51f7da287).",Khaled Tarchi (Lead Author - Solo-Author Self-Audit),2026-08-14,N/A (Solo-Author Project),"Confirmed genuine difference between the two frozen source snapshots for this system/observable; no pipeline matching, unit, or conversion error identified. Retained as-is in the frozen-snapshot benchmark; no correction required."
kepler-59 c,density_g_cm3,0,secondary_extreme,confirmed_source_difference,Source A value 292.322 vs Source B value 2.70643 (g cm^-3); factorial width 120.9234. dominant contributor(s): planet-radius contribution 0.0565. Planet radius 2.0176 vs 1.9800 R_earth. Transit evidence confirmed in both sources (both_transit); selection reasons: secondary_extreme.,"forensic_cases.csv (protocol 2.4.0 corrected-input run), source_row_a=2835, source_row_b=139; frozen inputs kepler.csv (Exoplanet.eu snapshot, sha256=c945f9a5b9f69111add6ccdc7d84dd10b3d42cfe51ce78977148db832beab50e) and nasa_exoplanet_intelligence.csv (NASA-derived, sha256=684d4ae9eaa375a07d50f1f521c4fbbeb3a8cbbe4ec1e0b0598c2dd51f7da287).",Khaled Tarchi (Lead Author - Solo-Author Self-Audit),2026-08-14,N/A (Solo-Author Project),"Confirmed genuine difference between the two frozen source snapshots for this system/observable; no pipeline matching, unit, or conversion error identified. Retained as-is in the frozen-snapshot benchmark; no correction required."
kepler-53 c,gravity_gearth,0,secondary_extreme,confirmed_source_difference,Source A value 508.186 vs Source B value 3.58248 (g_earth); factorial width 141.8531. dominant contributor(s): planet-radius contribution 0.0200. Planet radius 3.1385 vs 3.1700 R_earth. Transit evidence confirmed in both sources (both_transit); selection reasons: secondary_extreme.,"forensic_cases.csv (protocol 2.4.0 corrected-input run), source_row_a=2752, source_row_b=6108; frozen inputs kepler.csv (Exoplanet.eu snapshot, sha256=c945f9a5b9f69111add6ccdc7d84dd10b3d42cfe51ce78977148db832beab50e) and nasa_exoplanet_intelligence.csv (NASA-derived, sha256=684d4ae9eaa375a07d50f1f521c4fbbeb3a8cbbe4ec1e0b0598c2dd51f7da287).",Khaled Tarchi (Lead Author - Solo-Author Self-Audit),2026-08-14,N/A (Solo-Author Project),"Confirmed genuine difference between the two frozen source snapshots for this system/observable; no pipeline matching, unit, or conversion error identified. Retained as-is in the frozen-snapshot benchmark; no correction required."
kepler-53 c,density_g_cm3,0,secondary_extreme,confirmed_source_difference,Source A value 892.822 vs Source B value 6.23148 (g cm^-3); factorial width 143.2760. dominant contributor(s): planet-radius contribution 0.0299. Planet radius 3.1385 vs 3.1700 R_earth. Transit evidence confirmed in both sources (both_transit); selection reasons: secondary_extreme.,"forensic_cases.csv (protocol 2.4.0 corrected-input run), source_row_a=2752, source_row_b=6108; frozen inputs kepler.csv (Exoplanet.eu snapshot, sha256=c945f9a5b9f69111add6ccdc7d84dd10b3d42cfe51ce78977148db832beab50e) and nasa_exoplanet_intelligence.csv (NASA-derived, sha256=684d4ae9eaa375a07d50f1f521c4fbbeb3a8cbbe4ec1e0b0598c2dd51f7da287).",Khaled Tarchi (Lead Author - Solo-Author Self-Audit),2026-08-14,N/A (Solo-Author Project),"Confirmed genuine difference between the two frozen source snapshots for this system/observable; no pipeline matching, unit, or conversion error identified. Retained as-is in the frozen-snapshot benchmark; no correction required."
kepler-59 b,gravity_gearth,0,secondary_extreme,confirmed_source_difference,Source A value 539.958 vs Source B value 3.38843 (g_earth); factorial width 159.3535. dominant contributor(s): planet-radius contribution 0.0028. Planet radius 1.0985 vs 1.1000 R_earth. Transit evidence confirmed in both sources (both_transit); selection reasons: secondary_extreme.,"forensic_cases.csv (protocol 2.4.0 corrected-input run), source_row_a=2834, source_row_b=151; frozen inputs kepler.csv (Exoplanet.eu snapshot, sha256=c945f9a5b9f69111add6ccdc7d84dd10b3d42cfe51ce78977148db832beab50e) and nasa_exoplanet_intelligence.csv (NASA-derived, sha256=684d4ae9eaa375a07d50f1f521c4fbbeb3a8cbbe4ec1e0b0598c2dd51f7da287).",Khaled Tarchi (Lead Author - Solo-Author Self-Audit),2026-08-14,N/A (Solo-Author Project),"Confirmed genuine difference between the two frozen source snapshots for this system/observable; no pipeline matching, unit, or conversion error identified. Retained as-is in the frozen-snapshot benchmark; no correction required."
kepler-59 b,density_g_cm3,0,secondary_extreme,confirmed_source_difference,Source A value 2710.4 vs Source B value 16.9853 (g cm^-3); factorial width 159.5737. dominant contributor(s): planet-radius contribution 0.0041. Planet radius 1.0985 vs 1.1000 R_earth. Transit evidence confirmed in both sources (both_transit); selection reasons: secondary_extreme.,"forensic_cases.csv (protocol 2.4.0 corrected-input run), source_row_a=2834, source_row_b=151; frozen inputs kepler.csv (Exoplanet.eu snapshot, sha256=c945f9a5b9f69111add6ccdc7d84dd10b3d42cfe51ce78977148db832beab50e) and nasa_exoplanet_intelligence.csv (NASA-derived, sha256=684d4ae9eaa375a07d50f1f521c4fbbeb3a8cbbe4ec1e0b0598c2dd51f7da287).",Khaled Tarchi (Lead Author - Solo-Author Self-Audit),2026-08-14,N/A (Solo-Author Project),"Confirmed genuine difference between the two frozen source snapshots for this system/observable; no pipeline matching, unit, or conversion error identified. Retained as-is in the frozen-snapshot benchmark; no correction required."
kepler-1625 b,gravity_gearth,0,secondary_extreme,confirmed_source_difference,Source A value 25.2964 vs Source B value 0.833252 (g_earth); factorial width 355.3524. dominant contributor(s): planet-radius contribution 1.2300. Planet radius 11.2090 vs 6.0600 R_earth. Transit evidence confirmed in both sources (both_transit); selection reasons: secondary_extreme.,"forensic_cases.csv (protocol 2.4.0 corrected-input run), source_row_a=1888, source_row_b=3769; frozen inputs kepler.csv (Exoplanet.eu snapshot, sha256=c945f9a5b9f69111add6ccdc7d84dd10b3d42cfe51ce78977148db832beab50e) and nasa_exoplanet_intelligence.csv (NASA-derived, sha256=684d4ae9eaa375a07d50f1f521c4fbbeb3a8cbbe4ec1e0b0598c2dd51f7da287).",Khaled Tarchi (Lead Author - Solo-Author Self-Audit),2026-08-14,N/A (Solo-Author Project),"Confirmed genuine difference between the two frozen source snapshots for this system/observable; no pipeline matching, unit, or conversion error identified. Retained as-is in the frozen-snapshot benchmark; no correction required."
kepler-57 c,gravity_gearth,0,secondary_extreme,confirmed_source_difference,Source A value 896.989 vs Source B value 1.42252 (g_earth); factorial width 630.5619. dominant contributor(s): planet-radius contribution 0.6721. Planet radius 1.5693 vs 2.1960 R_earth. Transit evidence confirmed in both sources (both_transit); selection reasons: secondary_extreme.,"forensic_cases.csv (protocol 2.4.0 corrected-input run), source_row_a=2810, source_row_b=4998; frozen inputs kepler.csv (Exoplanet.eu snapshot, sha256=c945f9a5b9f69111add6ccdc7d84dd10b3d42cfe51ce78977148db832beab50e) and nasa_exoplanet_intelligence.csv (NASA-derived, sha256=684d4ae9eaa375a07d50f1f521c4fbbeb3a8cbbe4ec1e0b0598c2dd51f7da287).",Khaled Tarchi (Lead Author - Solo-Author Self-Audit),2026-08-14,N/A (Solo-Author Project),"Confirmed genuine difference between the two frozen source snapshots for this system/observable; no pipeline matching, unit, or conversion error identified. Retained as-is in the frozen-snapshot benchmark; no correction required."
kepler-1625 b,density_g_cm3,0,secondary_extreme,confirmed_source_difference,Source A value 12.444 vs Source B value 0.758176 (g cm^-3); factorial width 657.2846. dominant contributor(s): planet-radius contribution 1.8450. Planet radius 11.2090 vs 6.0600 R_earth. Transit evidence confirmed in both sources (both_transit); selection reasons: secondary_extreme.,"forensic_cases.csv (protocol 2.4.0 corrected-input run), source_row_a=1888, source_row_b=3769; frozen inputs kepler.csv (Exoplanet.eu snapshot, sha256=c945f9a5b9f69111add6ccdc7d84dd10b3d42cfe51ce78977148db832beab50e) and nasa_exoplanet_intelligence.csv (NASA-derived, sha256=684d4ae9eaa375a07d50f1f521c4fbbeb3a8cbbe4ec1e0b0598c2dd51f7da287).",Khaled Tarchi (Lead Author - Solo-Author Self-Audit),2026-08-14,N/A (Solo-Author Project),"Confirmed genuine difference between the two frozen source snapshots for this system/observable; no pipeline matching, unit, or conversion error identified. Retained as-is in the frozen-snapshot benchmark; no correction required."
kepler-28 c,gravity_gearth,0,secondary_extreme,confirmed_source_difference,Source A value 38.2256 vs Source B value 0.59737 (g_earth); factorial width 688.0441. dominant contributor(s): planet-radius contribution 1.1876. Planet radius 3.3627 vs 1.8570 R_earth. Transit evidence confirmed in both sources (both_transit); selection reasons: secondary_extreme.,"forensic_cases.csv (protocol 2.4.0 corrected-input run), source_row_a=2251, source_row_b=5006; frozen inputs kepler.csv (Exoplanet.eu snapshot, sha256=c945f9a5b9f69111add6ccdc7d84dd10b3d42cfe51ce78977148db832beab50e) and nasa_exoplanet_intelligence.csv (NASA-derived, sha256=684d4ae9eaa375a07d50f1f521c4fbbeb3a8cbbe4ec1e0b0598c2dd51f7da287).",Khaled Tarchi (Lead Author - Solo-Author Self-Audit),2026-08-14,N/A (Solo-Author Project),"Confirmed genuine difference between the two frozen source snapshots for this system/observable; no pipeline matching, unit, or conversion error identified. Retained as-is in the frozen-snapshot benchmark; no correction required."
kepler-57 c,density_g_cm3,0,secondary_extreme,confirmed_source_difference,Source A value 3151.8 vs Source B value 3.57186 (g cm^-3); factorial width 882.3993. dominant contributor(s): planet-radius contribution 1.0081. Planet radius 1.5693 vs 2.1960 R_earth. Transit evidence confirmed in both sources (both_transit); selection reasons: secondary_extreme.,"forensic_cases.csv (protocol 2.4.0 corrected-input run), source_row_a=2810, source_row_b=4998; frozen inputs kepler.csv (Exoplanet.eu snapshot, sha256=c945f9a5b9f69111add6ccdc7d84dd10b3d42cfe51ce78977148db832beab50e) and nasa_exoplanet_intelligence.csv (NASA-derived, sha256=684d4ae9eaa375a07d50f1f521c4fbbeb3a8cbbe4ec1e0b0598c2dd51f7da287).",Khaled Tarchi (Lead Author - Solo-Author Self-Audit),2026-08-14,N/A (Solo-Author Project),"Confirmed genuine difference between the two frozen source snapshots for this system/observable; no pipeline matching, unit, or conversion error identified. Retained as-is in the frozen-snapshot benchmark; no correction required."
kepler-28 b,gravity_gearth,0,secondary_extreme,confirmed_source_difference,Source A value 37.3023 vs Source B value 0.424736 (g_earth); factorial width 987.0663. dominant contributor(s): planet-radius contribution 1.2097. Planet radius 3.5869 vs 1.9590 R_earth. Transit evidence confirmed in both sources (both_transit); selection reasons: secondary_extreme.,"forensic_cases.csv (protocol 2.4.0 corrected-input run), source_row_a=2250, source_row_b=5001; frozen inputs kepler.csv (Exoplanet.eu snapshot, sha256=c945f9a5b9f69111add6ccdc7d84dd10b3d42cfe51ce78977148db832beab50e) and nasa_exoplanet_intelligence.csv (NASA-derived, sha256=684d4ae9eaa375a07d50f1f521c4fbbeb3a8cbbe4ec1e0b0598c2dd51f7da287).",Khaled Tarchi (Lead Author - Solo-Author Self-Audit),2026-08-14,N/A (Solo-Author Project),"Confirmed genuine difference between the two frozen source snapshots for this system/observable; no pipeline matching, unit, or conversion error identified. Retained as-is in the frozen-snapshot benchmark; no correction required."
kepler-28 c,density_g_cm3,0,secondary_extreme,confirmed_source_difference,Source A value 62.6806 vs Source B value 1.77377 (g cm^-3); factorial width 1245.9267. dominant contributor(s): planet-radius contribution 1.7813. Planet radius 3.3627 vs 1.8570 R_earth. Transit evidence confirmed in both sources (both_transit); selection reasons: secondary_extreme.,"forensic_cases.csv (protocol 2.4.0 corrected-input run), source_row_a=2251, source_row_b=5006; frozen inputs kepler.csv (Exoplanet.eu snapshot, sha256=c945f9a5b9f69111add6ccdc7d84dd10b3d42cfe51ce78977148db832beab50e) and nasa_exoplanet_intelligence.csv (NASA-derived, sha256=684d4ae9eaa375a07d50f1f521c4fbbeb3a8cbbe4ec1e0b0598c2dd51f7da287).",Khaled Tarchi (Lead Author - Solo-Author Self-Audit),2026-08-14,N/A (Solo-Author Project),"Confirmed genuine difference between the two frozen source snapshots for this system/observable; no pipeline matching, unit, or conversion error identified. Retained as-is in the frozen-snapshot benchmark; no correction required."
kepler-28 b,density_g_cm3,0,secondary_extreme,confirmed_source_difference,Source A value 57.3436 vs Source B value 1.1955 (g cm^-3); factorial width 1807.2937. dominant contributor(s): planet-radius contribution 1.8145. Planet radius 3.5869 vs 1.9590 R_earth. Transit evidence confirmed in both sources (both_transit); selection reasons: secondary_extreme.,"forensic_cases.csv (protocol 2.4.0 corrected-input run), source_row_a=2250, source_row_b=5001; frozen inputs kepler.csv (Exoplanet.eu snapshot, sha256=c945f9a5b9f69111add6ccdc7d84dd10b3d42cfe51ce78977148db832beab50e) and nasa_exoplanet_intelligence.csv (NASA-derived, sha256=684d4ae9eaa375a07d50f1f521c4fbbeb3a8cbbe4ec1e0b0598c2dd51f7da287).",Khaled Tarchi (Lead Author - Solo-Author Self-Audit),2026-08-14,N/A (Solo-Author Project),"Confirmed genuine difference between the two frozen source snapshots for this system/observable; no pipeline matching, unit, or conversion error identified. Retained as-is in the frozen-snapshot benchmark; no correction required."
kepler-55 d,geometric_area_ratio_ppm,1,rank_displacement,pending,,,,,,
kepler-55 f,geometric_area_ratio_ppm,1,rank_displacement,pending,,,,,,
kepler-186 b,geometric_area_ratio_ppm,1,rank_displacement,pending,,,,,,
kepler-55 e,geometric_area_ratio_ppm,1,rank_displacement,pending,,,,,,
kepler-176 e,geometric_area_ratio_ppm,1,rank_displacement,pending,,,,,,
kepler-186 c,geometric_area_ratio_ppm,1,rank_displacement,pending,,,,,,
kepler-138 d,geometric_area_ratio_ppm,1,rank_displacement,pending,,,,,,
kepler-138 c,geometric_area_ratio_ppm,1,rank_displacement,pending,,,,,,
kepler-255 d,geometric_area_ratio_ppm,1,rank_displacement,pending,,,,,,
kepler-276 d,geometric_area_ratio_ppm,1,rank_displacement,pending,,,,,,
kepler-276 c,geometric_area_ratio_ppm,1,rank_displacement,pending,,,,,,
kepler-80 g,geometric_area_ratio_ppm,1,rank_displacement,pending,,,,,,
kepler-351 d,geometric_area_ratio_ppm,1,rank_displacement,pending,,,,,,
kepler-58 d,geometric_area_ratio_ppm,1,rank_displacement,pending,,,,,,
kepler-328 b,geometric_area_ratio_ppm,1,rank_displacement,pending,,,,,,
hd 106315 b,geometric_area_ratio_ppm,1,rank_displacement,pending,,,,,,
k2-5 b,geometric_area_ratio_ppm,1,rank_displacement,pending,,,,,,
kepler-276 b,geometric_area_ratio_ppm,1,rank_displacement,pending,,,,,,
kepler-83 d,geometric_area_ratio_ppm,1,rank_displacement,pending,,,,,,
kepler-398 d,geometric_area_ratio_ppm,1,rank_displacement,pending,,,,,,
k2-97 b,geometric_area_ratio_ppm,1,rank_displacement,pending,,,,,,
kepler-54 d,geometric_area_ratio_ppm,1,rank_displacement,pending,,,,,,
kepler-186 d,geometric_area_ratio_ppm,1,rank_displacement,pending,,,,,,
kepler-127 c,geometric_area_ratio_ppm,1,rank_displacement,pending,,,,,,
kepler-305 d,geometric_area_ratio_ppm,1,rank_displacement,pending,,,,,,
kepler-282 c,geometric_area_ratio_ppm,1,rank_displacement,pending,,,,,,
kepler-145 c,geometric_area_ratio_ppm,1,rank_displacement,pending,,,,,,
kepler-166 d,geometric_area_ratio_ppm,1,rank_displacement,pending,,,,,,
kepler-970 b,geometric_area_ratio_ppm,1,rank_displacement,pending,,,,,,
kepler-84 e,geometric_area_ratio_ppm,1,rank_displacement,pending,,,,,,
kepler-84 d,geometric_area_ratio_ppm,1,rank_displacement,pending,,,,,,
kepler-84 f,geometric_area_ratio_ppm,1,rank_displacement,pending,,,,,,
kepler-338 d,geometric_area_ratio_ppm,1,rank_displacement,pending,,,,,,
kepler-282 e,geometric_area_ratio_ppm,1,rank_displacement,pending,,,,,,
kepler-282 d,geometric_area_ratio_ppm,1,rank_displacement,pending,,,,,,
kepler-24 c,geometric_area_ratio_ppm,1,rank_displacement,pending,,,,,,
kepler-350 b,geometric_area_ratio_ppm,1,rank_displacement,pending,,,,,,
corot-7 b,geometric_area_ratio_ppm,1,rank_displacement,pending,,,,,,
kepler-80 c,geometric_area_ratio_ppm,1,rank_displacement,pending,,,,,,
kepler-289 b,geometric_area_ratio_ppm,1,rank_displacement,pending,,,,,,
kepler-85 c,geometric_area_ratio_ppm,1,rank_displacement,pending,,,,,,
kepler-85 b,geometric_area_ratio_ppm,1,rank_displacement,pending,,,,,,
kepler-31 d,geometric_area_ratio_ppm,1,rank_displacement,pending,,,,,,
kepler-296 f,geometric_area_ratio_ppm,1,rank_displacement,pending,,,,,,
hip 41378 c,geometric_area_ratio_ppm,1,rank_displacement,pending,,,,,,
k2-35 c,geometric_area_ratio_ppm,1,rank_displacement,pending,,,,,,
k2-3 c,geometric_area_ratio_ppm,1,rank_displacement,pending,,,,,,
epic 211822797 b,geometric_area_ratio_ppm,1,rank_displacement,pending,,,,,,
kepler-80 d,geometric_area_ratio_ppm,1,rank_displacement,pending,,,,,,
kepler-279 d,geometric_area_ratio_ppm,1,rank_displacement,pending,,,,,,
kepler-278 b,geometric_area_ratio_ppm,1,rank_displacement,pending,,,,,,
kepler-279 c,geometric_area_ratio_ppm,1,rank_displacement,pending,,,,,,
kepler-60 d,geometric_area_ratio_ppm,1,rank_displacement,pending,,,,,,
kepler-60 b,geometric_area_ratio_ppm,1,rank_displacement,pending,,,,,,
kepler-60 c,geometric_area_ratio_ppm,1,rank_displacement,pending,,,,,,
kepler-114 d,geometric_area_ratio_ppm,1,rank_displacement,pending,,,,,,
kepler-114 c,geometric_area_ratio_ppm,1,rank_displacement,pending,,,,,,
kepler-953 c,geometric_area_ratio_ppm,1,rank_displacement,pending,,,,,,
kepler-49 c,geometric_area_ratio_ppm,1,rank_displacement,pending,,,,,,
kepler-80 b,geometric_area_ratio_ppm,1,rank_displacement,pending,,,,,,
kepler-105 c,geometric_area_ratio_ppm,1,rank_displacement,pending,,,,,,
kepler-31 c,geometric_area_ratio_ppm,1,rank_displacement,pending,,,,,,
hd 75289 b,geometric_area_ratio_ppm,1,rank_displacement,pending,,,,,,
kepler-130 d,geometric_area_ratio_ppm,1,rank_displacement,pending,,,,,,
k2-35 b,geometric_area_ratio_ppm,1,rank_displacement,pending,,,,,,
kepler-307 b,geometric_area_ratio_ppm,1,rank_displacement,pending,,,,,,
kepler-307 c,geometric_area_ratio_ppm,1,rank_displacement,pending,,,,,,
kepler-167 b,geometric_area_ratio_ppm,1,rank_displacement,pending,,,,,,
kepler-31 b,geometric_area_ratio_ppm,1,rank_displacement,pending,,,,,,
kepler-50 c,geometric_area_ratio_ppm,1,rank_displacement,pending,,,,,,
kepler-432 b,geometric_area_ratio_ppm,1,rank_displacement,pending,,,,,,
ogle-tr-182 b,geometric_area_ratio_ppm,1,rank_displacement,pending,,,,,,
kepler-167 c,geometric_area_ratio_ppm,1,rank_displacement,pending,,,,,,
kepler-50 b,geometric_area_ratio_ppm,1,rank_displacement,pending,,,,,,
kepler-9 d,geometric_area_ratio_ppm,1,rank_displacement,pending,,,,,,
kepler-1650 b,geometric_area_ratio_ppm,1,rank_displacement,pending,,,,,,
kepler-411 b,geometric_area_ratio_ppm,1,rank_displacement,pending,,,,,,
kepler-160 c,geometric_area_ratio_ppm,1,rank_displacement,pending,,,,,,
hd 83443 b,geometric_area_ratio_ppm,1,rank_displacement,pending,,,,,,
kepler-84 b,geometric_area_ratio_ppm,1,rank_displacement,pending,,,,,,
kepler-411 c,geometric_area_ratio_ppm,1,rank_displacement,pending,,,,,,
kepler-109 b,escape_velocity_km_s,1,secondary_extreme,pending,,,,,,
gj 9827 c,density_g_cm3,1,secondary_extreme,pending,,,,,,
kelt-8 b,density_g_cm3,1,secondary_extreme,pending,,,,,,
k2-99 b,density_g_cm3,1,secondary_extreme,pending,,,,,,
kepler-160 b,geometric_area_ratio_ppm,1,primary_extreme;rank_displacement,pending,,,,,,
k2-39 b,insolation_searth,1,secondary_extreme,pending,,,,,,
kepler-42 b,escape_velocity_km_s,1,secondary_extreme,pending,,,,,,
kepler-114 d,insolation_searth,1,secondary_extreme,pending,,,,,,
kepler-432 b,density_g_cm3,1,secondary_extreme,pending,,,,,,
kepler-114 c,insolation_searth,1,secondary_extreme,pending,,,,,,
kepler-102 e,density_g_cm3,1,secondary_extreme,pending,,,,,,
wasp-74 b,density_g_cm3,1,secondary_extreme,pending,,,,,,
k2-32 d,density_g_cm3,1,secondary_extreme,pending,,,,,,
kepler-445 b,gravity_gearth,1,secondary_extreme,pending,,,,,,
kepler-445 b,density_g_cm3,1,secondary_extreme,pending,,,,,,
kepler-74 b,gravity_gearth,1,secondary_extreme,pending,,,,,,
k2-3 c,density_g_cm3,1,secondary_extreme,pending,,,,,,
k2-24 c,gravity_gearth,1,secondary_extreme,pending,,,,,,
kepler-210 c,geometric_area_ratio_ppm,1,primary_extreme,pending,,,,,,
kepler-953 b,geometric_area_ratio_ppm,1,primary_extreme,pending,,,,,,
wasp-32 b,geometric_area_ratio_ppm,1,primary_extreme,pending,,,,,,
wasp-93 b,insolation_searth,1,secondary_extreme,pending,,,,,,
kepler-20 e,escape_velocity_km_s,1,secondary_extreme,pending,,,,,,
kepler-128 c,geometric_area_ratio_ppm,1,primary_extreme,pending,,,,,,
wasp-32 b,gravity_gearth,1,secondary_extreme,pending,,,,,,
kelt-15 b,gravity_gearth,1,secondary_extreme,pending,,,,,,
kepler-446 c,gravity_gearth,1,secondary_extreme,pending,,,,,,
kepler-22 b,escape_velocity_km_s,1,secondary_extreme,pending,,,,,,
ogle-tr-10 b,gravity_gearth,1,secondary_extreme,pending,,,,,,
lhs 1140 b,density_g_cm3,1,secondary_extreme,pending,,,,,,
kepler-446 c,density_g_cm3,1,secondary_extreme,pending,,,,,,
kelt-15 b,geometric_area_ratio_ppm,1,primary_extreme,pending,,,,,,
wasp-88 b,density_g_cm3,1,secondary_extreme,pending,,,,,,
bd+20 594 b,density_g_cm3,1,secondary_extreme,pending,,,,,,
wasp-16 b,gravity_gearth,1,secondary_extreme,pending,,,,,,
wasp-16 b,geometric_area_ratio_ppm,1,primary_extreme,pending,,,,,,
kepler-54 d,insolation_searth,1,secondary_extreme,pending,,,,,,
kepler-279 b,insolation_searth,1,secondary_extreme,pending,,,,,,
k2-32 c,density_g_cm3,1,secondary_extreme,pending,,,,,,
hat-p-14 b,geometric_area_ratio_ppm,1,primary_extreme,pending,,,,,,
k2-105 b,gravity_gearth,1,secondary_extreme,pending,,,,,,
kepler-50 b,escape_velocity_km_s,1,secondary_extreme,pending,,,,,,
kepler-41 b,insolation_searth,1,secondary_extreme,pending,,,,,,
kepler-74 b,insolation_searth,1,secondary_extreme,pending,,,,,,
k2-99 b,geometric_area_ratio_ppm,1,primary_extreme,pending,,,,,,
hat-p-14 b,gravity_gearth,1,secondary_extreme,pending,,,,,,
kelt-3 b,density_g_cm3,1,secondary_extreme,pending,,,,,,
hat-p-41 b,gravity_gearth,1,secondary_extreme,pending,,,,,,
k2-24 c,density_g_cm3,1,secondary_extreme,pending,,,,,,
kepler-65 c,escape_velocity_km_s,1,secondary_extreme,pending,,,,,,
k2-95 b,insolation_searth,1,secondary_extreme,pending,,,,,,
k2-19 b,gravity_gearth,1,secondary_extreme,pending,,,,,,
wasp-73 b,geometric_area_ratio_ppm,1,primary_extreme,pending,,,,,,
k2-105 b,density_g_cm3,1,secondary_extreme,pending,,,,,,
wasp-73 b,gravity_gearth,1,secondary_extreme,pending,,,,,,
k2-3 d,escape_velocity_km_s,1,secondary_extreme,pending,,,,,,
hat-p-57 b,geometric_area_ratio_ppm,1,primary_extreme,pending,,,,,,
ogle-tr-182 b,density_g_cm3,1,secondary_extreme,pending,,,,,,
xo-6 b,density_g_cm3,1,secondary_extreme,pending,,,,,,
xo-6 b,gravity_gearth,1,secondary_extreme,pending,,,,,,
kepler-391 c,geometric_area_ratio_ppm,1,primary_extreme,pending,,,,,,
kepler-26 c,insolation_searth,1,secondary_extreme,pending,,,,,,
kepler-50 c,escape_velocity_km_s,1,secondary_extreme,pending,,,,,,
kepler-26 b,insolation_searth,1,secondary_extreme,pending,,,,,,
k2-39 b,gravity_gearth,1,secondary_extreme,pending,,,,,,
kepler-9 b,geometric_area_ratio_ppm,1,primary_extreme,pending,,,,,,
kepler-9 d,gravity_gearth,1,secondary_extreme,pending,,,,,,
k2-97 b,gravity_gearth,1,secondary_extreme,pending,,,,,,
hd 142022 a b,insolation_searth,1,secondary_extreme,pending,,,,,,
kepler-296 e,insolation_searth,1,secondary_extreme,pending,,,,,,
kepler-296 f,insolation_searth,1,secondary_extreme,pending,,,,,,
kepler-296 d,insolation_searth,1,secondary_extreme,pending,,,,,,
kepler-433 b,geometric_area_ratio_ppm,1,primary_extreme;rank_displacement,pending,,,,,,
kepler-296 c,insolation_searth,1,secondary_extreme,pending,,,,,,
hat-p-57 b,density_g_cm3,1,secondary_extreme,pending,,,,,,
gj 9827 b,gravity_gearth,1,secondary_extreme,pending,,,,,,
kepler-23 b,escape_velocity_km_s,1,secondary_extreme,pending,,,,,,
k2-19 b,density_g_cm3,1,secondary_extreme,pending,,,,,,
kepler-9 b,density_g_cm3,1,secondary_extreme,pending,,,,,,
kelt-15 b,density_g_cm3,1,secondary_extreme,pending,,,,,,
kepler-57 c,geometric_area_ratio_ppm,1,primary_extreme;rank_displacement,pending,,,,,,
kepler-391 b,geometric_area_ratio_ppm,1,primary_extreme,pending,,,,,,
kepler-29 b,density_g_cm3,1,secondary_extreme,pending,,,,,,
kepler-37 d,escape_velocity_km_s,1,secondary_extreme,pending,,,,,,
kepler-29 b,insolation_searth,1,secondary_extreme,pending,,,,,,
kepler-160 c,insolation_searth,1,secondary_extreme,pending,,,,,,
wasp-32 b,density_g_cm3,1,secondary_extreme,pending,,,,,,
hd 5891 b,insolation_searth,1,secondary_extreme,pending,,,,,,
wasp-16 b,density_g_cm3,1,secondary_extreme,pending,,,,,,
51 peg b,geometric_area_ratio_ppm,1,primary_extreme;rank_displacement,pending,,,,,,
kepler-160 b,insolation_searth,1,secondary_extreme,pending,,,,,,
hat-p-14 b,density_g_cm3,1,secondary_extreme,pending,,,,,,
kepler-138 c,gravity_gearth,1,secondary_extreme,pending,,,,,,
wasp-100 b,gravity_gearth,1,secondary_extreme,pending,,,,,,
k2-97 b,density_g_cm3,1,secondary_extreme,pending,,,,,,
kepler-46 b,escape_velocity_km_s,1,secondary_extreme,pending,,,,,,
kepler-114 b,escape_velocity_km_s,1,secondary_extreme,pending,,,,,,
wasp-100 b,geometric_area_ratio_ppm,1,primary_extreme,pending,,,,,,
wasp-71 b,gravity_gearth,1,secondary_extreme,pending,,,,,,
wasp-71 b,geometric_area_ratio_ppm,1,primary_extreme,pending,,,,,,
kepler-29 c,density_g_cm3,1,secondary_extreme,pending,,,,,,
kepler-102 f,escape_velocity_km_s,1,secondary_extreme,pending,,,,,,
kepler-289 b,gravity_gearth,1,secondary_extreme,pending,,,,,,
qatar-4 b,density_g_cm3,1,secondary_extreme,pending,,,,,,
hat-p-41 b,density_g_cm3,1,secondary_extreme,pending,,,,,,
k2-137 b,gravity_gearth,1,secondary_extreme,pending,,,,,,
kepler-41 b,gravity_gearth,1,secondary_extreme,pending,,,,,,
hd 96127 b,insolation_searth,1,secondary_extreme,pending,,,,,,
kepler-29 c,insolation_searth,1,secondary_extreme,pending,,,,,,
kepler-177 c,geometric_area_ratio_ppm,1,primary_extreme,pending,,,,,,
kepler-138 c,density_g_cm3,1,secondary_extreme,pending,,,,,,
kepler-238 b,insolation_searth,1,secondary_extreme,pending,,,,,,
kepler-238 c,insolation_searth,1,secondary_extreme,pending,,,,,,
kepler-238 d,insolation_searth,1,secondary_extreme,pending,,,,,,
kepler-37 c,escape_velocity_km_s,1,secondary_extreme,pending,,,,,,
kepler-102 b,gravity_gearth,1,secondary_extreme,pending,,,,,,
wasp-73 b,density_g_cm3,1,secondary_extreme,pending,,,,,,
kepler-74 b,density_g_cm3,1,secondary_extreme,pending,,,,,,
gj 9827 b,density_g_cm3,1,secondary_extreme,pending,,,,,,
kepler-23 c,escape_velocity_km_s,1,secondary_extreme,pending,,,,,,
k2-7 b,insolation_searth,1,secondary_extreme,pending,,,,,,
kepler-102 b,density_g_cm3,1,secondary_extreme,pending,,,,,,
ogle-tr-10 b,density_g_cm3,1,secondary_extreme,pending,,,,,,
kepler-100 c,escape_velocity_km_s,1,secondary_extreme,pending,,,,,,
k2-39 b,geometric_area_ratio_ppm,1,primary_extreme,pending,,,,,,
kepler-9 d,density_g_cm3,1,secondary_extreme,pending,,,,,,
hd 114386 b,insolation_searth,1,secondary_extreme,pending,,,,,,
k2-137 b,insolation_searth,1,secondary_extreme,pending,,,,,,
kepler-396 b,insolation_searth,1,secondary_extreme,pending,,,,,,
kepler-29 b,geometric_area_ratio_ppm,1,primary_extreme,pending,,,,,,
hat-p-57 b,insolation_searth,1,secondary_extreme,pending,,,,,,
kepler-85 b,escape_velocity_km_s,1,secondary_extreme,pending,,,,,,
wasp-136 b,insolation_searth,1,secondary_extreme,pending,,,,,,
k2-9 b,geometric_area_ratio_ppm,1,primary_extreme,pending,,,,,,
kepler-289 b,density_g_cm3,1,secondary_extreme,pending,,,,,,
kepler-223 d,insolation_searth,1,secondary_extreme,pending,,,,,,
kepler-223 b,insolation_searth,1,secondary_extreme,pending,,,,,,
k2-39 b,density_g_cm3,1,secondary_extreme,pending,,,,,,
kepler-29 c,geometric_area_ratio_ppm,1,primary_extreme,pending,,,,,,
kepler-223 e,insolation_searth,1,secondary_extreme,pending,,,,,,
kepler-223 c,insolation_searth,1,secondary_extreme,pending,,,,,,
kepler-462 c,geometric_area_ratio_ppm,1,primary_extreme;rank_displacement,pending,,,,,,
kepler-85 c,escape_velocity_km_s,1,secondary_extreme,pending,,,,,,
hat-p-41 b,insolation_searth,1,secondary_extreme,pending,,,,,,
hd 102329 b,insolation_searth,1,secondary_extreme,pending,,,,,,
kepler-433 b,insolation_searth,1,secondary_extreme,pending,,,,,,
kepler-20 f,escape_velocity_km_s,1,secondary_extreme,pending,,,,,,
wasp-100 b,density_g_cm3,1,secondary_extreme,pending,,,,,,
hat-p-67 b,insolation_searth,1,secondary_extreme,pending,,,,,,
kepler-67 b,escape_velocity_km_s,1,secondary_extreme,pending,,,,,,
wasp-71 b,density_g_cm3,1,secondary_extreme,pending,,,,,,
kepler-90 i,insolation_searth,1,secondary_extreme,pending,,,,,,
kepler-32 c,geometric_area_ratio_ppm,1,primary_extreme;rank_displacement,pending,,,,,,
kepler-32 c,gravity_gearth,1,secondary_extreme,pending,,,,,,
kepler-74 b,geometric_area_ratio_ppm,1,primary_extreme,pending,,,,,,
kepler-66 b,escape_velocity_km_s,1,secondary_extreme,pending,,,,,,
kepler-730 b,geometric_area_ratio_ppm,1,primary_extreme,pending,,,,,,
kepler-177 c,gravity_gearth,1,secondary_extreme,pending,,,,,,
kepler-58 b,escape_velocity_km_s,1,secondary_extreme,pending,,,,,,
wasp-136 b,geometric_area_ratio_ppm,1,primary_extreme;rank_displacement,pending,,,,,,
kepler-32 b,geometric_area_ratio_ppm,1,primary_extreme;rank_displacement,pending,,,,,,
kepler-32 b,gravity_gearth,1,secondary_extreme,pending,,,,,,
kepler-128 c,escape_velocity_km_s,1,secondary_extreme,pending,,,,,,
kepler-11 g,escape_velocity_km_s,1,secondary_extreme,pending,,,,,,
kepler-58 c,escape_velocity_km_s,1,secondary_extreme,pending,,,,,,
hd 49674 b,geometric_area_ratio_ppm,1,primary_extreme;rank_displacement,pending,,,,,,
k2-137 b,density_g_cm3,1,secondary_extreme,pending,,,,,,
kepler-409 b,gravity_gearth,1,secondary_extreme,pending,,,,,,
kepler-396 c,insolation_searth,1,secondary_extreme,pending,,,,,,
kepler-109 c,gravity_gearth,1,secondary_extreme,pending,,,,,,
kepler-37 b,gravity_gearth,1,secondary_extreme,pending,,,,,,
kepler-109 c,density_g_cm3,1,secondary_extreme,pending,,,,,,
kepler-409 b,density_g_cm3,1,secondary_extreme,pending,,,,,,
kepler-114 c,escape_velocity_km_s,1,secondary_extreme,pending,,,,,,
hats-12 b,gravity_gearth,1,secondary_extreme,pending,,,,,,
kepler-37 b,density_g_cm3,1,secondary_extreme,pending,,,,,,
kepler-167 e,gravity_gearth,1,secondary_extreme,pending,,,,,,
kepler-167 e,density_g_cm3,1,secondary_extreme,pending,,,,,,
hd 6434 b,insolation_searth,1,secondary_extreme,pending,,,,,,
kepler-23 d,gravity_gearth,1,secondary_extreme,pending,,,,,,
kepler-23 d,density_g_cm3,1,secondary_extreme,pending,,,,,,
kepler-42 b,gravity_gearth,1,secondary_extreme,pending,,,,,,
kepler-42 b,density_g_cm3,1,secondary_extreme,pending,,,,,,
kepler-41 b,density_g_cm3,1,secondary_extreme,pending,,,,,,
kepler-41 b,geometric_area_ratio_ppm,1,primary_extreme,pending,,,,,,
hd 95127 b,insolation_searth,1,secondary_extreme,pending,,,,,,
kepler-109 b,gravity_gearth,1,secondary_extreme,pending,,,,,,
kepler-177 c,density_g_cm3,1,secondary_extreme,pending,,,,,,
hats-12 b,insolation_searth,1,secondary_extreme,pending,,,,,,
k2-137 b,geometric_area_ratio_ppm,1,primary_extreme;rank_displacement,pending,,,,,,
kepler-20 e,gravity_gearth,1,secondary_extreme,pending,,,,,,
kepler-109 b,density_g_cm3,1,secondary_extreme,pending,,,,,,
kepler-52 b,escape_velocity_km_s,1,secondary_extreme,pending,,,,,,
bd-10 3166 b,insolation_searth,1,secondary_extreme,pending,,,,,,
kepler-20 e,density_g_cm3,1,secondary_extreme,pending,,,,,,
kepler-22 b,gravity_gearth,1,secondary_extreme,pending,,,,,,
kepler-65 c,gravity_gearth,1,secondary_extreme,pending,,,,,,
kepler-65 c,density_g_cm3,1,secondary_extreme,pending,,,,,,
kepler-210 c,insolation_searth,1,secondary_extreme,pending,,,,,,
bd-10 3166 b,geometric_area_ratio_ppm,1,primary_extreme;rank_displacement,pending,,,,,,
kepler-22 b,density_g_cm3,1,secondary_extreme,pending,,,,,,
k2-3 d,gravity_gearth,1,secondary_extreme,pending,,,,,,
kepler-42 c,escape_velocity_km_s,1,secondary_extreme,pending,,,,,,
k2-3 d,density_g_cm3,1,secondary_extreme,pending,,,,,,
k2-7 b,geometric_area_ratio_ppm,1,primary_extreme,pending,,,,,,
kepler-106 b,escape_velocity_km_s,1,secondary_extreme,pending,,,,,,
kepler-462 b,geometric_area_ratio_ppm,1,primary_extreme;rank_displacement,pending,,,,,,
kepler-50 b,gravity_gearth,1,secondary_extreme,pending,,,,,,
kepler-32 c,density_g_cm3,1,secondary_extreme,pending,,,,,,
kepler-23 b,gravity_gearth,1,secondary_extreme,pending,,,,,,
kepler-23 b,density_g_cm3,1,secondary_extreme,pending,,,,,,
kepler-37 d,gravity_gearth,1,secondary_extreme,pending,,,,,,
kepler-32 b,density_g_cm3,1,secondary_extreme,pending,,,,,,
kepler-24 b,escape_velocity_km_s,1,secondary_extreme,pending,,,,,,
kepler-46 b,gravity_gearth,1,secondary_extreme,pending,,,,,,
kepler-46 b,density_g_cm3,1,secondary_extreme,pending,,,,,,
kepler-37 d,density_g_cm3,1,secondary_extreme,pending,,,,,,
kepler-50 c,gravity_gearth,1,secondary_extreme,pending,,,,,,
kepler-102 f,gravity_gearth,1,secondary_extreme,pending,,,,,,
kepler-953 b,insolation_searth,1,secondary_extreme,pending,,,,,,
kepler-210 b,insolation_searth,1,secondary_extreme,pending,,,,,,
kepler-53 b,escape_velocity_km_s,1,secondary_extreme,pending,,,,,,
kepler-114 b,gravity_gearth,1,secondary_extreme,pending,,,,,,
k2-95 b,escape_velocity_km_s,1,secondary_extreme,pending,,,,,,
kepler-102 f,density_g_cm3,1,secondary_extreme,pending,,,,,,
hats-12 b,density_g_cm3,1,secondary_extreme,pending,,,,,,
kepler-24 c,escape_velocity_km_s,1,secondary_extreme,pending,,,,,,
hd 240237 b,insolation_searth,1,secondary_extreme,pending,,,,,,
kepler-37 c,gravity_gearth,1,secondary_extreme,pending,,,,,,
kepler-114 b,density_g_cm3,1,secondary_extreme,pending,,,,,,
kepler-37 c,density_g_cm3,1,secondary_extreme,pending,,,,,,
kepler-50 b,density_g_cm3,1,secondary_extreme,pending,,,,,,
kepler-23 c,gravity_gearth,1,secondary_extreme,pending,,,,,,
kepler-100 c,gravity_gearth,1,secondary_extreme,pending,,,,,,
kepler-100 c,density_g_cm3,1,secondary_extreme,pending,,,,,,
kepler-223 c,geometric_area_ratio_ppm,1,primary_extreme,pending,,,,,,
kepler-23 c,density_g_cm3,1,secondary_extreme,pending,,,,,,
kepler-52 c,escape_velocity_km_s,1,secondary_extreme,pending,,,,,,
kepler-223 d,geometric_area_ratio_ppm,1,primary_extreme,pending,,,,,,
kepler-223 b,geometric_area_ratio_ppm,1,primary_extreme,pending,,,,,,
kepler-50 c,density_g_cm3,1,secondary_extreme,pending,,,,,,
corot-28 b,geometric_area_ratio_ppm,3,stable_reference,pending,,,,,,
corot-29 b,geometric_area_ratio_ppm,3,stable_reference,pending,,,,,,
corot-31 b,geometric_area_ratio_ppm,3,stable_reference,pending,,,,,,
corot-32 b,geometric_area_ratio_ppm,3,stable_reference,pending,,,,,,
hat-p-1 b,geometric_area_ratio_ppm,3,stable_reference,pending,,,,,,
hat-p-35 b,geometric_area_ratio_ppm,3,stable_reference,pending,,,,,,
hat-p-50 b,geometric_area_ratio_ppm,3,stable_reference,pending,,,,,,
hat-p-52 b,geometric_area_ratio_ppm,3,stable_reference,pending,,,,,,
hat-p-53 b,geometric_area_ratio_ppm,3,stable_reference,pending,,,,,,
