selection_reasons,review_priority,review_classification,review_finding,evidence_reference,reviewer,review_date,second_reviewer,adjudication,selected_primary_extreme,selected_rank_displacement,selected_operational_candidate,selected_secondary_extreme,selected_stable_reference,planet_key,planet_name_source_a,planet_name_source_b,observable,observable_unit,source_row_a,source_row_b,discovery_method_class_a,discovery_method_class_b,transit_evidence_a,transit_evidence_b,transit_concordance,planet_radius_rearth_a,planet_radius_rearth_b,star_radius_rsun_a,star_radius_rsun_b,planet_mass_mearth_a,planet_mass_mearth_b,star_temperature_k_a,star_temperature_k_b,semi_major_axis_au_a,semi_major_axis_au_b,source_value_a,source_value_b,complete_row_width,factorial_lower,factorial_upper,factorial_width,factorial_inflation,rank_a,rank_b,rank_displacement,best_rank,worst_rank,top_k_status,contribution_planet_radius_rearth,contribution_star_radius_rsun
operational_candidate;stable_reference,0,confirmed_agreement,Source A value 24664.9 vs Source B value 24664.9 (ppm); factorial width 1.0000. Planet radius 10.5813 vs 10.5813 R_earth. Host star radius 0.6170 vs 0.6170 R_sun. Transit evidence confirmed in both sources (both_transit); selection reasons: operational_candidate;stable_reference.,"forensic_cases.csv (protocol 2.4.0 corrected-input run), source_row_a=307, source_row_b=347; frozen inputs kepler.csv (Exoplanet.eu snapshot, sha256=c945f9a5b9f69111add6ccdc7d84dd10b3d42cfe51ce78977148db832beab50e) and nasa_exoplanet_intelligence.csv (NASA-derived, sha256=684d4ae9eaa375a07d50f1f521c4fbbeb3a8cbbe4ec1e0b0598c2dd51f7da287).",Khaled Tarchi (Lead Author - Solo-Author Self-Audit),2026-08-14,N/A (Solo-Author Project),"Exact agreement between the two frozen source snapshots for this system/observable (factorial width 1.0000). Reclassified as confirmed_agreement: identical canonical values in both sources; no source difference, matching, unit, or data error identified; no correction required.",False,False,True,False,True,hat-p-54 b,HAT-P-54 b,HAT-P-54 b,geometric_area_ratio_ppm,ppm,307,347,transit,transit,confirmed,confirmed,both_transit,10.581295999999998,10.581296,0.617,0.617,,,,,,,24664.94908652672,24664.94908652672,1.0,24664.94908652672,24664.94908652672,1.0,1.0,15,15,0,10.0,20.0,guaranteed,8.881784197001252e-16,0.0
operational_candidate,0,confirmed_agreement,Source A value 20158.3 vs Source B value 20158.3 (ppm); factorial width 1.0000. Planet radius 10.6822 vs 10.6822 R_earth. Host star radius 0.6890 vs 0.6890 R_sun. Transit evidence confirmed in both sources (both_transit); selection reasons: operational_candidate.,"forensic_cases.csv (protocol 2.4.0 corrected-input run), source_row_a=332, source_row_b=1217; frozen inputs kepler.csv (Exoplanet.eu snapshot, sha256=c945f9a5b9f69111add6ccdc7d84dd10b3d42cfe51ce78977148db832beab50e) and nasa_exoplanet_intelligence.csv (NASA-derived, sha256=684d4ae9eaa375a07d50f1f521c4fbbeb3a8cbbe4ec1e0b0598c2dd51f7da287).",Khaled Tarchi (Lead Author - Solo-Author Self-Audit),2026-08-14,N/A (Solo-Author Project),"Exact agreement between the two frozen source snapshots for this system/observable (factorial width 1.0000). Reclassified as confirmed_agreement: identical canonical values in both sources; no source difference, matching, unit, or data error identified; no correction required.",False,False,True,False,False,hats-22 b,HATS-22 b,HATS-22 b,geometric_area_ratio_ppm,ppm,332,1217,transit,transit,confirmed,confirmed,both_transit,10.682177,10.682177,0.689,0.689,,,,,,,20158.30074655209,20158.30074655209,1.0,20158.30074655209,20158.30074655209,1.0,1.0,36,29,7,24.0,43.0,possible,0.0,0.0
operational_candidate,0,confirmed_agreement,Source A value 25356.8 vs Source B value 25356.8 (ppm); factorial width 1.0000. Planet radius 20.8487 vs 20.8487 R_earth. Host star radius 1.1990 vs 1.1990 R_sun. Transit evidence confirmed in both sources (both_transit); selection reasons: operational_candidate.,"forensic_cases.csv (protocol 2.4.0 corrected-input run), source_row_a=333, source_row_b=1550; frozen inputs kepler.csv (Exoplanet.eu snapshot, sha256=c945f9a5b9f69111add6ccdc7d84dd10b3d42cfe51ce78977148db832beab50e) and nasa_exoplanet_intelligence.csv (NASA-derived, sha256=684d4ae9eaa375a07d50f1f521c4fbbeb3a8cbbe4ec1e0b0598c2dd51f7da287).",Khaled Tarchi (Lead Author - Solo-Author Self-Audit),2026-08-14,N/A (Solo-Author Project),"Exact agreement between the two frozen source snapshots for this system/observable (factorial width 1.0000). Reclassified as confirmed_agreement: identical canonical values in both sources; no source difference, matching, unit, or data error identified; no correction required.",False,False,True,False,False,hats-23 b,HATS-23 b,HATS-23 b,geometric_area_ratio_ppm,ppm,333,1550,transit,transit,confirmed,confirmed,both_transit,20.84874,20.84874,1.199,1.199,,,,,,,25356.778972162796,25356.778972162796,1.0,25356.778972162796,25356.778972162796,1.0,1.0,14,11,3,9.0,17.0,guaranteed,0.0,0.0
operational_candidate,0,confirmed_agreement,Source A value 22251.5 vs Source B value 22251.5 (ppm); factorial width 1.0000. Planet radius 13.2266 vs 13.2266 R_earth. Host star radius 0.8120 vs 0.8120 R_sun. Transit evidence confirmed in both sources (both_transit); selection reasons: operational_candidate.,"forensic_cases.csv (protocol 2.4.0 corrected-input run), source_row_a=348, source_row_b=915; frozen inputs kepler.csv (Exoplanet.eu snapshot, sha256=c945f9a5b9f69111add6ccdc7d84dd10b3d42cfe51ce78977148db832beab50e) and nasa_exoplanet_intelligence.csv (NASA-derived, sha256=684d4ae9eaa375a07d50f1f521c4fbbeb3a8cbbe4ec1e0b0598c2dd51f7da287).",Khaled Tarchi (Lead Author - Solo-Author Self-Audit),2026-08-14,N/A (Solo-Author Project),"Exact agreement between the two frozen source snapshots for this system/observable (factorial width 1.0000). Reclassified as confirmed_agreement: identical canonical values in both sources; no source difference, matching, unit, or data error identified; no correction required.",False,False,True,False,False,hats-43 b,HATS-43 b,HATS-43 b,geometric_area_ratio_ppm,ppm,348,915,transit,transit,confirmed,confirmed,both_transit,13.226619999999999,13.22662,0.812,0.812,,,,,,,22251.460359654764,22251.460359654764,1.0,22251.460359654764,22251.460359654764,1.0,1.0,23,21,2,17.0,30.0,possible,0.0,0.0
operational_candidate,0,confirmed_agreement,Source A value 32301.1 vs Source B value 32301.1 (ppm); factorial width 1.0000. Planet radius 11.1866 vs 11.1866 R_earth. Host star radius 0.5700 vs 0.5700 R_sun. Transit evidence confirmed in both sources (both_transit); selection reasons: operational_candidate.,"forensic_cases.csv (protocol 2.4.0 corrected-input run), source_row_a=357, source_row_b=297; frozen inputs kepler.csv (Exoplanet.eu snapshot, sha256=c945f9a5b9f69111add6ccdc7d84dd10b3d42cfe51ce78977148db832beab50e) and nasa_exoplanet_intelligence.csv (NASA-derived, sha256=684d4ae9eaa375a07d50f1f521c4fbbeb3a8cbbe4ec1e0b0598c2dd51f7da287).",Khaled Tarchi (Lead Author - Solo-Author Self-Audit),2026-08-14,N/A (Solo-Author Project),"Exact agreement between the two frozen source snapshots for this system/observable (factorial width 1.0000). Reclassified as confirmed_agreement: identical canonical values in both sources; no source difference, matching, unit, or data error identified; no correction required.",False,False,True,False,False,hats-6 b,HATS-6 b,HATS-6 b,geometric_area_ratio_ppm,ppm,357,297,transit,transit,confirmed,confirmed,both_transit,11.186582,11.186582,0.57,0.57,,,,,,,32301.146242081137,32301.146242081137,1.0,32301.146242081137,32301.146242081137,1.0,1.0,2,3,1,2.0,5.0,guaranteed,0.0,0.0
operational_candidate,0,confirmed_agreement,Source A value 56767.6 vs Source B value 56767.6 (ppm); factorial width 1.0000. Planet radius 14.9080 vs 14.9080 R_earth. Host star radius 0.5730 vs 0.5730 R_sun. Transit evidence confirmed in both sources (both_transit); selection reasons: operational_candidate.,"forensic_cases.csv (protocol 2.4.0 corrected-input run), source_row_a=3399, source_row_b=1556; frozen inputs kepler.csv (Exoplanet.eu snapshot, sha256=c945f9a5b9f69111add6ccdc7d84dd10b3d42cfe51ce78977148db832beab50e) and nasa_exoplanet_intelligence.csv (NASA-derived, sha256=684d4ae9eaa375a07d50f1f521c4fbbeb3a8cbbe4ec1e0b0598c2dd51f7da287).",Khaled Tarchi (Lead Author - Solo-Author Self-Audit),2026-08-14,N/A (Solo-Author Project),"Exact agreement between the two frozen source snapshots for this system/observable (factorial width 1.0000). Reclassified as confirmed_agreement: identical canonical values in both sources; no source difference, matching, unit, or data error identified; no correction required.",False,False,True,False,False,ngts-1 b,NGTS-1 b,NGTS-1 b,geometric_area_ratio_ppm,ppm,3399,1556,transit,transit,confirmed,confirmed,both_transit,14.90797,14.90797,0.573,0.573,,,,,,,56767.60877440967,56767.60877440967,1.0,56767.60877440967,56767.60877440967,1.0,1.0,1,1,0,1.0,1.0,guaranteed,0.0,0.0
operational_candidate,0,confirmed_agreement,Source A value 22797.2 vs Source B value 22797.2 (ppm); factorial width 1.0000. Planet radius 11.9040 vs 11.9040 R_earth. Host star radius 0.7220 vs 0.7220 R_sun. Transit evidence confirmed in both sources (both_transit); selection reasons: operational_candidate.,"forensic_cases.csv (protocol 2.4.0 corrected-input run), source_row_a=3482, source_row_b=2088; frozen inputs kepler.csv (Exoplanet.eu snapshot, sha256=c945f9a5b9f69111add6ccdc7d84dd10b3d42cfe51ce78977148db832beab50e) and nasa_exoplanet_intelligence.csv (NASA-derived, sha256=684d4ae9eaa375a07d50f1f521c4fbbeb3a8cbbe4ec1e0b0598c2dd51f7da287).",Khaled Tarchi (Lead Author - Solo-Author Self-Audit),2026-08-14,N/A (Solo-Author Project),"Exact agreement between the two frozen source snapshots for this system/observable (factorial width 1.0000). Reclassified as confirmed_agreement: identical canonical values in both sources; no source difference, matching, unit, or data error identified; no correction required.",False,False,True,False,False,qatar-6 b,Qatar-6 b,Qatar-6 b,geometric_area_ratio_ppm,ppm,3482,2088,transit,transit,confirmed,confirmed,both_transit,11.903958,11.903958,0.722,0.722,,,,,,,22797.183823587002,22797.183823587002,1.0,22797.183823587002,22797.183823587002,1.0,1.0,20,18,2,14.0,26.0,possible,0.0,0.0
operational_candidate,0,confirmed_agreement,Source A value 22435 vs Source B value 22435 (ppm); factorial width 1.0000. Planet radius 16.0289 vs 16.0289 R_earth. Host star radius 0.9800 vs 0.9800 R_sun. Transit evidence confirmed in both sources (both_transit); selection reasons: operational_candidate.,"forensic_cases.csv (protocol 2.4.0 corrected-input run), source_row_a=345, source_row_b=1607; frozen inputs kepler.csv (Exoplanet.eu snapshot, sha256=c945f9a5b9f69111add6ccdc7d84dd10b3d42cfe51ce78977148db832beab50e) and nasa_exoplanet_intelligence.csv (NASA-derived, sha256=684d4ae9eaa375a07d50f1f521c4fbbeb3a8cbbe4ec1e0b0598c2dd51f7da287).",Khaled Tarchi (Lead Author - Solo-Author Self-Audit),2026-08-14,N/A (Solo-Author Project),"Exact agreement between the two frozen source snapshots for this system/observable (factorial width 1.0000). Reclassified as confirmed_agreement: identical canonical values in both sources; no source difference, matching, unit, or data error identified; no correction required.",False,False,True,False,False,hats-34 b,HATS-34 b,HATS-34 b,geometric_area_ratio_ppm,ppm,345,1607,transit,transit,confirmed,confirmed,both_transit,16.028869999999998,16.02887,0.98,0.98,,,,,,,22435.021307760595,22435.021307760635,1.0000000000000018,22435.021307760595,22435.021307760635,1.0000000000000018,1.0,22,20,2,16.0,29.0,possible,8.881784197001252e-16,0.0
operational_candidate,0,confirmed_source_difference,Source A value 32101.4 vs Source B value 32097.6 (ppm); factorial width 1.0001. dominant contributor(s): planet-radius contribution 0.0001. Planet radius 10.7606 vs 10.7600 R_earth. Host star radius 0.5500 vs 0.5500 R_sun. Transit evidence confirmed in both sources (both_transit); selection reasons: operational_candidate.,"forensic_cases.csv (protocol 2.4.0 corrected-input run), source_row_a=2639, source_row_b=94; frozen inputs kepler.csv (Exoplanet.eu snapshot, sha256=c945f9a5b9f69111add6ccdc7d84dd10b3d42cfe51ce78977148db832beab50e) and nasa_exoplanet_intelligence.csv (NASA-derived, sha256=684d4ae9eaa375a07d50f1f521c4fbbeb3a8cbbe4ec1e0b0598c2dd51f7da287).",Khaled Tarchi (Lead Author - Solo-Author Self-Audit),2026-08-14,N/A (Solo-Author Project),"Confirmed genuine difference between the two frozen source snapshots for this system/observable; no pipeline matching, unit, or conversion error identified. Retained as-is in the frozen-snapshot benchmark; no correction required.",False,False,True,False,False,kepler-45 b,Kepler-45 b,Kepler-45 b,geometric_area_ratio_ppm,ppm,2639,94,transit,transit,confirmed,confirmed,both_transit,10.760639999999999,10.76,0.55,0.55,,,,,,,32101.37610317429,32097.557692793125,1.0001189626456228,32097.557692793125,32101.37610317429,1.0001189626456228,1.0,3,4,1,3.0,6.0,guaranteed,0.0001189555701293088,0.0
operational_candidate,0,confirmed_source_difference,Source A value 27230.8 vs Source B value 27248.3 (ppm); factorial width 1.0006. dominant contributor(s): planet-radius contribution 0.0006. Planet radius 14.2354 vs 14.2400 R_earth. Host star radius 0.7900 vs 0.7900 R_sun. Transit evidence confirmed in both sources (both_transit); selection reasons: operational_candidate.,"forensic_cases.csv (protocol 2.4.0 corrected-input run), source_row_a=3613, source_row_b=414; frozen inputs kepler.csv (Exoplanet.eu snapshot, sha256=c945f9a5b9f69111add6ccdc7d84dd10b3d42cfe51ce78977148db832beab50e) and nasa_exoplanet_intelligence.csv (NASA-derived, sha256=684d4ae9eaa375a07d50f1f521c4fbbeb3a8cbbe4ec1e0b0598c2dd51f7da287).",Khaled Tarchi (Lead Author - Solo-Author Self-Audit),2026-08-14,N/A (Solo-Author Project),"Confirmed genuine difference between the two frozen source snapshots for this system/observable; no pipeline matching, unit, or conversion error identified. Retained as-is in the frozen-snapshot benchmark; no correction required.",False,False,True,False,False,wasp-52 b,WASP-52 b,WASP-52 b,geometric_area_ratio_ppm,ppm,3613,414,transit,transit,confirmed,confirmed,both_transit,14.23543,14.24,0.79,0.79,,,,,,,27230.76373873334,27248.2503289535,1.0006421630472042,27230.76373873334,27248.2503289535,1.0006421630472042,1.0,9,9,0,7.0,15.0,guaranteed,0.0006419569487432497,0.0
operational_candidate,0,confirmed_source_difference,Source A value 28222.9 vs Source B value 28201.9 (ppm); factorial width 1.0007. dominant contributor(s): planet-radius contribution 0.0007. Planet radius 13.0249 vs 13.0200 R_earth. Host star radius 0.7100 vs 0.7100 R_sun. Transit evidence confirmed in both sources (both_transit); selection reasons: operational_candidate.,"forensic_cases.csv (protocol 2.4.0 corrected-input run), source_row_a=3082, source_row_b=863; frozen inputs kepler.csv (Exoplanet.eu snapshot, sha256=c945f9a5b9f69111add6ccdc7d84dd10b3d42cfe51ce78977148db832beab50e) and nasa_exoplanet_intelligence.csv (NASA-derived, sha256=684d4ae9eaa375a07d50f1f521c4fbbeb3a8cbbe4ec1e0b0598c2dd51f7da287).",Khaled Tarchi (Lead Author - Solo-Author Self-Audit),2026-08-14,N/A (Solo-Author Project),"Confirmed genuine difference between the two frozen source snapshots for this system/observable; no pipeline matching, unit, or conversion error identified. Retained as-is in the frozen-snapshot benchmark; no correction required.",False,False,True,False,False,kepler-785 b,Kepler-785 b,Kepler-785 b,geometric_area_ratio_ppm,ppm,3082,863,transit,transit,confirmed,confirmed,both_transit,13.024857999999998,13.02,0.71,0.71,,,,,,,28222.931485912726,28201.882284127223,1.000746375776391,28201.882284127223,28222.931485912726,1.000746375776391,1.0,6,6,0,5.0,11.0,guaranteed,0.0007460973765089918,0.0
operational_candidate,0,confirmed_source_difference,"Source A value 27795.1 vs Source B value 27586.5 (ppm); factorial width 1.0102. dominant contributor(s): planet-radius contribution 0.0013, star-radius contribution 0.0088. Planet radius 16.4212 vs 16.4320 R_earth. Host star radius 0.9020 vs 0.9060 R_sun. Transit evidence confirmed in both sources (both_transit); selection reasons: operational_candidate.","forensic_cases.csv (protocol 2.4.0 corrected-input run), source_row_a=96, source_row_b=4230; frozen inputs kepler.csv (Exoplanet.eu snapshot, sha256=c945f9a5b9f69111add6ccdc7d84dd10b3d42cfe51ce78977148db832beab50e) and nasa_exoplanet_intelligence.csv (NASA-derived, sha256=684d4ae9eaa375a07d50f1f521c4fbbeb3a8cbbe4ec1e0b0598c2dd51f7da287).",Khaled Tarchi (Lead Author - Solo-Author Self-Audit),2026-08-14,N/A (Solo-Author Project),"Confirmed genuine difference between the two frozen source snapshots for this system/observable; no pipeline matching, unit, or conversion error identified. Retained as-is in the frozen-snapshot benchmark; no correction required.",False,False,True,False,False,corot-2 b,CoRoT-2 b,CoRoT-2 b,geometric_area_ratio_ppm,ppm,96,4230,transit,transit,confirmed,confirmed,both_transit,16.421185,16.432,0.902,0.906,,,,,,,27795.131759057695,27586.54307778621,1.0075612475504208,27550.241923717258,27831.755588465297,1.010218192113431,1.0026370055115457,7,7,0,6.0,13.0,guaranteed,0.001316767356426496,0.008849571960711344
operational_candidate,0,confirmed_source_difference,Source A value 21373.4 vs Source B value 20740.2 (ppm); factorial width 1.0305. dominant contributor(s): star-radius contribution 0.0301. Planet radius 10.5365 vs 10.5365 R_earth. Host star radius 0.6600 vs 0.6700 R_sun. Transit evidence confirmed in both sources (both_transit); selection reasons: operational_candidate.,"forensic_cases.csv (protocol 2.4.0 corrected-input run), source_row_a=3533, source_row_b=835; frozen inputs kepler.csv (Exoplanet.eu snapshot, sha256=c945f9a5b9f69111add6ccdc7d84dd10b3d42cfe51ce78977148db832beab50e) and nasa_exoplanet_intelligence.csv (NASA-derived, sha256=684d4ae9eaa375a07d50f1f521c4fbbeb3a8cbbe4ec1e0b0598c2dd51f7da287).",Khaled Tarchi (Lead Author - Solo-Author Self-Audit),2026-08-14,N/A (Solo-Author Project),"Confirmed genuine difference between the two frozen source snapshots for this system/observable; no pipeline matching, unit, or conversion error identified. Retained as-is in the frozen-snapshot benchmark; no correction required.",False,False,True,False,False,wasp-107 b,WASP-107 b,WASP-107 b,geometric_area_ratio_ppm,ppm,3533,835,transit,transit,confirmed,confirmed,both_transit,10.53646,10.53646,0.66,0.67,,,,,,,21373.438648941446,20740.18684668945,1.030532598714417,20740.18684668945,21373.438648941446,1.030532598714417,1.0,28,27,1,19.0,40.0,possible,0.0,0.030075754729081083
operational_candidate,0,confirmed_source_difference,"Source A value 20341.7 vs Source B value 20846 (ppm); factorial width 1.0330. dominant contributor(s): planet-radius contribution 0.0285, star-radius contribution 0.0040. Planet radius 15.6366 vs 15.8607 R_earth. Host star radius 1.0040 vs 1.0060 R_sun. Transit evidence confirmed in both sources (both_transit); selection reasons: operational_candidate.","forensic_cases.csv (protocol 2.4.0 corrected-input run), source_row_a=3576, source_row_b=4395; frozen inputs kepler.csv (Exoplanet.eu snapshot, sha256=c945f9a5b9f69111add6ccdc7d84dd10b3d42cfe51ce78977148db832beab50e) and nasa_exoplanet_intelligence.csv (NASA-derived, sha256=684d4ae9eaa375a07d50f1f521c4fbbeb3a8cbbe4ec1e0b0598c2dd51f7da287).",Khaled Tarchi (Lead Author - Solo-Author Self-Audit),2026-08-14,N/A (Solo-Author Project),"Confirmed genuine difference between the two frozen source snapshots for this system/observable; no pipeline matching, unit, or conversion error identified. Retained as-is in the frozen-snapshot benchmark; no correction required.",False,False,True,False,False,wasp-19 b,WASP-19 b,WASP-19 b,geometric_area_ratio_ppm,ppm,3576,4395,transit,transit,confirmed,confirmed,both_transit,15.636555,15.86070769,1.004,1.006,,,,,,,20341.714396425876,20845.96409894474,1.024788948103974,20260.913227422356,20929.098469508077,1.0329790288614118,1.0079919682707261,35,26,9,20.0,41.0,possible,0.028466787916387126,0.003980100816020024
operational_candidate,0,confirmed_source_difference,"Source A value 27039.6 vs Source B value 26005.7 (ppm); factorial width 1.0398. dominant contributor(s): planet-radius contribution 0.0005, star-radius contribution 0.0385. Planet radius 18.4948 vs 18.4900 R_earth. Host star radius 1.0300 vs 1.0500 R_sun. Transit evidence confirmed in both sources (both_transit); selection reasons: operational_candidate.","forensic_cases.csv (protocol 2.4.0 corrected-input run), source_row_a=2635, source_row_b=336; frozen inputs kepler.csv (Exoplanet.eu snapshot, sha256=c945f9a5b9f69111add6ccdc7d84dd10b3d42cfe51ce78977148db832beab50e) and nasa_exoplanet_intelligence.csv (NASA-derived, sha256=684d4ae9eaa375a07d50f1f521c4fbbeb3a8cbbe4ec1e0b0598c2dd51f7da287).",Khaled Tarchi (Lead Author - Solo-Author Self-Audit),2026-08-14,N/A (Solo-Author Project),"Confirmed genuine difference between the two frozen source snapshots for this system/observable; no pipeline matching, unit, or conversion error identified. Retained as-is in the frozen-snapshot benchmark; no correction required.",False,False,True,False,False,kepler-447 b,Kepler-447 b,Kepler-447 b,geometric_area_ratio_ppm,ppm,2635,336,transit,transit,confirmed,confirmed,both_transit,18.49485,18.49,1.03,1.05,,,,,,,27039.583754075,26005.670083639136,1.0397572401368858,26005.670083639136,27039.583754075,1.0397572401368858,1.0,11,10,1,8.0,16.0,guaranteed,0.0005245391048278591,0.038462723855775226
operational_candidate,0,confirmed_source_difference,"Source A value 22183.5 vs Source B value 21010.4 (ppm); factorial width 1.0558. dominant contributor(s): planet-radius contribution 0.0309, star-radius contribution 0.0234. Planet radius 12.4420 vs 12.2510 R_earth. Host star radius 0.7650 vs 0.7740 R_sun. Transit evidence confirmed in both sources (both_transit); selection reasons: operational_candidate.","forensic_cases.csv (protocol 2.4.0 corrected-input run), source_row_a=3450, source_row_b=6118; frozen inputs kepler.csv (Exoplanet.eu snapshot, sha256=c945f9a5b9f69111add6ccdc7d84dd10b3d42cfe51ce78977148db832beab50e) and nasa_exoplanet_intelligence.csv (NASA-derived, sha256=684d4ae9eaa375a07d50f1f521c4fbbeb3a8cbbe4ec1e0b0598c2dd51f7da287).",Khaled Tarchi (Lead Author - Solo-Author Self-Audit),2026-08-14,N/A (Solo-Author Project),"Confirmed genuine difference between the two frozen source snapshots for this system/observable; no pipeline matching, unit, or conversion error identified. Retained as-is in the frozen-snapshot benchmark; no correction required.",False,False,True,False,False,ogle-tr-113 b,OGLE-TR-113 b,OGLE-TR-113 b,geometric_area_ratio_ppm,ppm,3450,6118,transit,transit,confirmed,confirmed,both_transit,12.44199,12.251,0.765,0.774,,,,,,,22183.478652185695,21010.383656149937,1.0558340587794255,21010.383656149937,22183.478652185695,1.0558340587794255,1.0,24,25,1,18.0,38.0,possible,0.03093895210233466,0.02339207952638256
operational_candidate,0,confirmed_source_difference,"Source A value 18666.3 vs Source B value 20158 (ppm); factorial width 1.0799. dominant contributor(s): planet-radius contribution 0.0486, star-radius contribution 0.0283. Planet radius 12.7558 vs 13.0697 R_earth. Host star radius 0.8550 vs 0.8430 R_sun. Transit evidence confirmed in both sources (both_transit); selection reasons: operational_candidate.","forensic_cases.csv (protocol 2.4.0 corrected-input run), source_row_a=3612, source_row_b=4242; frozen inputs kepler.csv (Exoplanet.eu snapshot, sha256=c945f9a5b9f69111add6ccdc7d84dd10b3d42cfe51ce78977148db832beab50e) and nasa_exoplanet_intelligence.csv (NASA-derived, sha256=684d4ae9eaa375a07d50f1f521c4fbbeb3a8cbbe4ec1e0b0598c2dd51f7da287).",Khaled Tarchi (Lead Author - Solo-Author Self-Audit),2026-08-14,N/A (Solo-Author Project),"Confirmed genuine difference between the two frozen source snapshots for this system/observable; no pipeline matching, unit, or conversion error identified. Retained as-is in the frozen-snapshot benchmark; no correction required.",False,False,True,False,False,wasp-50 b,WASP-50 b,WASP-50 b,geometric_area_ratio_ppm,ppm,3612,4242,transit,transit,confirmed,confirmed,both_transit,12.755841999999998,13.069694,0.855,0.843,,,,,,,18666.3264779078,20158.049828392435,1.079915207325348,18666.3264779078,20158.049828392435,1.0799152073253477,0.9999999999999998,49,30,19,25.0,57.0,possible,0.048613504448322686,0.028269021869809563
operational_candidate,0,confirmed_source_difference,"Source A value 22726.7 vs Source B value 22105.5 (ppm); factorial width 1.0896. dominant contributor(s): planet-radius contribution 0.0568, star-radius contribution 0.0290. Planet radius 22.8327 vs 22.1938 R_earth. Host star radius 1.3870 vs 1.3670 R_sun. Transit evidence confirmed in both sources (both_transit); selection reasons: operational_candidate.","forensic_cases.csv (protocol 2.4.0 corrected-input run), source_row_a=281, source_row_b=1029; frozen inputs kepler.csv (Exoplanet.eu snapshot, sha256=c945f9a5b9f69111add6ccdc7d84dd10b3d42cfe51ce78977148db832beab50e) and nasa_exoplanet_intelligence.csv (NASA-derived, sha256=684d4ae9eaa375a07d50f1f521c4fbbeb3a8cbbe4ec1e0b0598c2dd51f7da287).",Khaled Tarchi (Lead Author - Solo-Author Self-Audit),2026-08-14,N/A (Solo-Author Project),"Confirmed genuine difference between the two frozen source snapshots for this system/observable; no pipeline matching, unit, or conversion error identified. Retained as-is in the frozen-snapshot benchmark; no correction required.",False,False,True,False,False,hat-p-32 b,HAT-P-32 b,HAT-P-32 b,geometric_area_ratio_ppm,ppm,281,1029,transit,transit,confirmed,confirmed,both_transit,22.832732999999998,22.19382,1.387,1.367,,,,,,,22726.664389146725,22105.478195015527,1.0281010068477625,21472.56970185369,23396.537586106842,1.089601194033477,1.059819207233615,21,22,1,12.0,34.0,possible,0.05676258507644949,0.02904916718176409
operational_candidate,0,confirmed_source_difference,"Source A value 21216.2 vs Source B value 19548.6 (ppm); factorial width 1.1164. dominant contributor(s): planet-radius contribution 0.0141, star-radius contribution 0.0960. Planet radius 14.2354 vs 14.3363 R_earth. Host star radius 0.8950 vs 0.9390 R_sun. Transit evidence confirmed in both sources (both_transit); selection reasons: operational_candidate.","forensic_cases.csv (protocol 2.4.0 corrected-input run), source_row_a=3596, source_row_b=1670; frozen inputs kepler.csv (Exoplanet.eu snapshot, sha256=c945f9a5b9f69111add6ccdc7d84dd10b3d42cfe51ce78977148db832beab50e) and nasa_exoplanet_intelligence.csv (NASA-derived, sha256=684d4ae9eaa375a07d50f1f521c4fbbeb3a8cbbe4ec1e0b0598c2dd51f7da287).",Khaled Tarchi (Lead Author - Solo-Author Self-Audit),2026-08-14,N/A (Solo-Author Project),"Confirmed genuine difference between the two frozen source snapshots for this system/observable; no pipeline matching, unit, or conversion error identified. Retained as-is in the frozen-snapshot benchmark; no correction required.",False,False,True,False,False,wasp-39 b,WASP-39 b,WASP-39 b,geometric_area_ratio_ppm,ppm,3596,1670,transit,transit,confirmed,confirmed,both_transit,14.23543,14.336311,0.895,0.939,,,,,,,21216.216284564758,19548.636323899955,1.085304157949168,19274.486656599405,21517.984043126486,1.1163972574988879,1.0286492033795158,29,37,8,18.0,50.0,possible,0.014123244252411737,0.09598352186681491
operational_candidate,0,confirmed_source_difference,"Source A value 21660.6 vs Source B value 21348.5 (ppm); factorial width 1.1195. dominant contributor(s): planet-radius contribution 0.0637, star-radius contribution 0.0492. Planet radius 13.2266 vs 12.8119 R_earth. Host star radius 0.8230 vs 0.8030 R_sun. Transit evidence confirmed in both sources (both_transit); selection reasons: operational_candidate.","forensic_cases.csv (protocol 2.4.0 corrected-input run), source_row_a=3477, source_row_b=1849; frozen inputs kepler.csv (Exoplanet.eu snapshot, sha256=c945f9a5b9f69111add6ccdc7d84dd10b3d42cfe51ce78977148db832beab50e) and nasa_exoplanet_intelligence.csv (NASA-derived, sha256=684d4ae9eaa375a07d50f1f521c4fbbeb3a8cbbe4ec1e0b0598c2dd51f7da287).",Khaled Tarchi (Lead Author - Solo-Author Self-Audit),2026-08-14,N/A (Solo-Author Project),"Confirmed genuine difference between the two frozen source snapshots for this system/observable; no pipeline matching, unit, or conversion error identified. Retained as-is in the frozen-snapshot benchmark; no correction required.",False,False,True,False,False,qatar-1 b,Qatar-1 b,Qatar-1 b,geometric_area_ratio_ppm,ppm,3477,1849,transit,transit,confirmed,confirmed,both_transit,13.226619999999999,12.811887,0.823,0.803,,,,,,,21660.621174312942,21348.527883401497,1.01461896073659,20323.53983952885,22753.04296214261,1.119541336883077,1.103410620347875,26,23,3,15.0,40.0,possible,0.0637161073297996,0.049202973460616084
operational_candidate,0,confirmed_source_difference,"Source A value 30748.5 vs Source B value 34614.9 (ppm); factorial width 1.1257. dominant contributor(s): planet-radius contribution 0.0946, star-radius contribution 0.0238. Planet radius 14.5717 vs 15.2779 R_earth. Host star radius 0.7610 vs 0.7520 R_sun. Transit evidence confirmed in both sources (both_transit); selection reasons: operational_candidate.","forensic_cases.csv (protocol 2.4.0 corrected-input run), source_row_a=3676, source_row_b=173; frozen inputs kepler.csv (Exoplanet.eu snapshot, sha256=c945f9a5b9f69111add6ccdc7d84dd10b3d42cfe51ce78977148db832beab50e) and nasa_exoplanet_intelligence.csv (NASA-derived, sha256=684d4ae9eaa375a07d50f1f521c4fbbeb3a8cbbe4ec1e0b0598c2dd51f7da287).",Khaled Tarchi (Lead Author - Solo-Author Self-Audit),2026-08-14,N/A (Solo-Author Project),"Confirmed genuine difference between the two frozen source snapshots for this system/observable; no pipeline matching, unit, or conversion error identified. Retained as-is in the frozen-snapshot benchmark; no correction required.",False,False,True,False,False,wts-2 b,WTS-2 b,WTS-2 b,geometric_area_ratio_ppm,ppm,3676,173,transit,transit,confirmed,confirmed,both_transit,14.5717,15.277867,0.761,0.752,,,,,,,30748.501371540347,34614.86110300612,1.1257414039386104,30748.501371540347,34614.86110300612,1.1257414039386104,1.0,4,2,2,2.0,8.0,guaranteed,0.09464777649380895,0.02379406782369209
operational_candidate,0,confirmed_source_difference,"Source A value 20806.4 vs Source B value 20061.3 (ppm); factorial width 1.1802. dominant contributor(s): planet-radius contribution 0.1011, star-radius contribution 0.0646. Planet radius 13.8767 vs 13.1930 R_earth. Host star radius 0.8810 vs 0.8530 R_sun. Transit evidence confirmed in both sources (both_transit); selection reasons: operational_candidate.","forensic_cases.csv (protocol 2.4.0 corrected-input run), source_row_a=3537, source_row_b=4326; frozen inputs kepler.csv (Exoplanet.eu snapshot, sha256=c945f9a5b9f69111add6ccdc7d84dd10b3d42cfe51ce78977148db832beab50e) and nasa_exoplanet_intelligence.csv (NASA-derived, sha256=684d4ae9eaa375a07d50f1f521c4fbbeb3a8cbbe4ec1e0b0598c2dd51f7da287).",Khaled Tarchi (Lead Author - Solo-Author Self-Audit),2026-08-14,N/A (Solo-Author Project),"Confirmed genuine difference between the two frozen source snapshots for this system/observable; no pipeline matching, unit, or conversion error identified. Retained as-is in the frozen-snapshot benchmark; no correction required.",False,False,True,False,False,wasp-110 b,WASP-110 b,WASP-110 b,geometric_area_ratio_ppm,ppm,3537,4326,transit,transit,confirmed,confirmed,both_transit,13.876742,13.19297028,0.881,0.853,,,,,,,20806.356492478943,20061.339626494268,1.0371369449825154,18806.421946340884,22194.726098163886,1.1801674003428522,1.1379089386915515,33,32,1,18.0,55.0,possible,0.10106013622406174,0.06459615688900083
operational_candidate,0,confirmed_source_difference,"Source A value 19081.2 vs Source B value 19123.9 (ppm); factorial width 1.1931. dominant contributor(s): planet-radius contribution 0.0894, star-radius contribution 0.0872. Planet radius 14.2242 vs 14.8743 R_earth. Host star radius 0.9430 vs 0.9850 R_sun. Transit evidence confirmed in both sources (both_transit); selection reasons: operational_candidate.","forensic_cases.csv (protocol 2.4.0 corrected-input run), source_row_a=3593, source_row_b=1671; frozen inputs kepler.csv (Exoplanet.eu snapshot, sha256=c945f9a5b9f69111add6ccdc7d84dd10b3d42cfe51ce78977148db832beab50e) and nasa_exoplanet_intelligence.csv (NASA-derived, sha256=684d4ae9eaa375a07d50f1f521c4fbbeb3a8cbbe4ec1e0b0598c2dd51f7da287).",Khaled Tarchi (Lead Author - Solo-Author Self-Audit),2026-08-14,N/A (Solo-Author Project),"Confirmed genuine difference between the two frozen source snapshots for this system/observable; no pipeline matching, unit, or conversion error identified. Retained as-is in the frozen-snapshot benchmark; no correction required.",False,False,True,False,False,wasp-36 b,WASP-36 b,WASP-36 b,geometric_area_ratio_ppm,ppm,3593,1671,transit,transit,confirmed,confirmed,both_transit,14.224220999999998,14.874343,0.943,0.985,,,,,,,19081.232419783737,19123.877254157407,1.002234909854641,17488.692672380395,20865.31872278166,1.1930748120317716,1.1904143432848582,46,40,6,20.0,76.0,possible,0.08938313323564007,0.08715071707726285
operational_candidate,0,confirmed_source_difference,"Source A value 18381 vs Source B value 18594.8 (ppm); factorial width 1.2047. dominant contributor(s): planet-radius contribution 0.0989, star-radius contribution 0.0873. Planet radius 10.6149 vs 11.1530 R_earth. Host star radius 0.7170 vs 0.7490 R_sun. Transit evidence confirmed in both sources (both_transit); selection reasons: operational_candidate.","forensic_cases.csv (protocol 2.4.0 corrected-input run), source_row_a=265, source_row_b=844; frozen inputs kepler.csv (Exoplanet.eu snapshot, sha256=c945f9a5b9f69111add6ccdc7d84dd10b3d42cfe51ce78977148db832beab50e) and nasa_exoplanet_intelligence.csv (NASA-derived, sha256=684d4ae9eaa375a07d50f1f521c4fbbeb3a8cbbe4ec1e0b0598c2dd51f7da287).",Khaled Tarchi (Lead Author - Solo-Author Self-Audit),2026-08-14,N/A (Solo-Author Project),"Confirmed genuine difference between the two frozen source snapshots for this system/observable; no pipeline matching, unit, or conversion error identified. Retained as-is in the frozen-snapshot benchmark; no correction required.",False,False,True,False,False,hat-p-18 b,HAT-P-18 b,HAT-P-18 b,geometric_area_ratio_ppm,ppm,265,844,transit,transit,confirmed,confirmed,both_transit,10.614923,11.153,0.717,0.749,,,,,,,18380.960825819173,18594.846322328765,1.0116362522360178,16843.90895913653,20291.675919291716,1.2046892421776618,1.1908324158163959,52,47,5,23.0,80.0,possible,0.0988953575390008,0.0873262858351983
operational_candidate,0,confirmed_source_difference,"Source A value 18535.3 vs Source B value 20465.5 (ppm); factorial width 1.2080. dominant contributor(s): planet-radius contribution 0.0449, star-radius contribution 0.1440. Planet radius 14.1233 vs 13.8095 R_earth. Host star radius 0.9500 vs 0.8840 R_sun. Transit evidence confirmed in both sources (both_transit); selection reasons: operational_candidate.","forensic_cases.csv (protocol 2.4.0 corrected-input run), source_row_a=3583, source_row_b=1281; frozen inputs kepler.csv (Exoplanet.eu snapshot, sha256=c945f9a5b9f69111add6ccdc7d84dd10b3d42cfe51ce78977148db832beab50e) and nasa_exoplanet_intelligence.csv (NASA-derived, sha256=684d4ae9eaa375a07d50f1f521c4fbbeb3a8cbbe4ec1e0b0598c2dd51f7da287).",Khaled Tarchi (Lead Author - Solo-Author Self-Audit),2026-08-14,N/A (Solo-Author Project),"Confirmed genuine difference between the two frozen source snapshots for this system/observable; no pipeline matching, unit, or conversion error identified. Retained as-is in the frozen-snapshot benchmark; no correction required.",False,False,True,False,False,wasp-25 b,WASP-25 b,WASP-25 b,geometric_area_ratio_ppm,ppm,3583,1281,transit,transit,confirmed,confirmed,both_transit,14.123339999999999,13.80946422,0.95,0.884,,,,,,,18535.335117744566,20465.480829995213,1.1041333053861457,17720.634667573107,21406.374695138922,1.2079914233721172,1.0940630243461857,50,28,22,19.0,69.0,possible,0.04494915571601332,0.14400984391388605
operational_candidate,0,confirmed_source_difference,"Source A value 26019.3 vs Source B value 25114.4 (ppm); factorial width 1.2120. dominant contributor(s): planet-radius contribution 0.0784, star-radius contribution 0.1138. Planet radius 12.3299 vs 12.8231 R_earth. Host star radius 0.7000 vs 0.7410 R_sun. Transit evidence confirmed in both sources (both_transit); selection reasons: operational_candidate.","forensic_cases.csv (protocol 2.4.0 corrected-input run), source_row_a=3665, source_row_b=905; frozen inputs kepler.csv (Exoplanet.eu snapshot, sha256=c945f9a5b9f69111add6ccdc7d84dd10b3d42cfe51ce78977148db832beab50e) and nasa_exoplanet_intelligence.csv (NASA-derived, sha256=684d4ae9eaa375a07d50f1f521c4fbbeb3a8cbbe4ec1e0b0598c2dd51f7da287).",Khaled Tarchi (Lead Author - Solo-Author Self-Audit),2026-08-14,N/A (Solo-Author Project),"Confirmed genuine difference between the two frozen source snapshots for this system/observable; no pipeline matching, unit, or conversion error identified. Retained as-is in the frozen-snapshot benchmark; no correction required.",False,False,True,False,False,wasp-98 b,WASP-98 b,WASP-98 b,geometric_area_ratio_ppm,ppm,3665,905,transit,transit,confirmed,confirmed,both_transit,12.3299,12.823096,0.7,0.741,,,,,,,26019.314652787474,25114.364651013057,1.0360331632653075,23219.64187408754,28142.490728454897,1.2120122644897944,1.1698585599999969,12,14,2,6.0,24.0,guaranteed,0.07844142630656226,0.1138405805053645
operational_candidate,0,confirmed_source_difference,"Source A value 20046.1 vs Source B value 25226.9 (ppm); factorial width 1.2584. dominant contributor(s): planet-radius contribution 0.0000, star-radius contribution 0.2298. Planet radius 12.1057 vs 12.1060 R_earth. Host star radius 0.7830 vs 0.6980 R_sun. Transit evidence confirmed in both sources (both_transit); selection reasons: operational_candidate.","forensic_cases.csv (protocol 2.4.0 corrected-input run), source_row_a=3525, source_row_b=1028; frozen inputs kepler.csv (Exoplanet.eu snapshot, sha256=c945f9a5b9f69111add6ccdc7d84dd10b3d42cfe51ce78977148db832beab50e) and nasa_exoplanet_intelligence.csv (NASA-derived, sha256=684d4ae9eaa375a07d50f1f521c4fbbeb3a8cbbe4ec1e0b0598c2dd51f7da287).",Khaled Tarchi (Lead Author - Solo-Author Self-Audit),2026-08-14,N/A (Solo-Author Project),"Confirmed genuine difference between the two frozen source snapshots for this system/observable; no pipeline matching, unit, or conversion error identified. Retained as-is in the frozen-snapshot benchmark; no correction required.",False,False,True,False,False,wasp-10 b,WASP-10 b,WASP-10 b,geometric_area_ratio_ppm,ppm,3525,1028,transit,transit,confirmed,confirmed,both_transit,12.10572,12.106,0.783,0.698,,,,,,,20046.130332627763,25226.867048658678,1.258440737941256,20046.130332627763,25226.867048658678,1.258440737941256,1.0,38,13,25,10.0,44.0,possible,4.625858881812661e-05,0.22982718645686145
operational_candidate,0,confirmed_source_difference,"Source A value 24060.2 vs Source B value 30622.6 (ppm); factorial width 1.2727. dominant contributor(s): planet-radius contribution 0.0964, star-radius contribution 0.1448. Planet radius 10.6710 vs 11.1978 R_earth. Host star radius 0.6300 vs 0.5860 R_sun. Transit evidence confirmed in both sources (both_transit); selection reasons: operational_candidate.","forensic_cases.csv (protocol 2.4.0 corrected-input run), source_row_a=3645, source_row_b=1245; frozen inputs kepler.csv (Exoplanet.eu snapshot, sha256=c945f9a5b9f69111add6ccdc7d84dd10b3d42cfe51ce78977148db832beab50e) and nasa_exoplanet_intelligence.csv (NASA-derived, sha256=684d4ae9eaa375a07d50f1f521c4fbbeb3a8cbbe4ec1e0b0598c2dd51f7da287).",Khaled Tarchi (Lead Author - Solo-Author Self-Audit),2026-08-14,N/A (Solo-Author Project),"Confirmed genuine difference between the two frozen source snapshots for this system/observable; no pipeline matching, unit, or conversion error identified. Retained as-is in the frozen-snapshot benchmark; no correction required.",False,False,True,False,False,wasp-80 b,WASP-80 b,WASP-80 b,geometric_area_ratio_ppm,ppm,3645,1245,transit,transit,confirmed,confirmed,both_transit,10.670967999999998,11.197791,0.63,0.586,,,,,,,24060.207067727613,30622.617323214454,1.2727495335769208,24060.207067727613,30622.617323214454,1.2727495335769208,1.0,16,5,11,5.0,22.0,guaranteed,0.09637948771437621,0.14480005961713172
operational_candidate,0,confirmed_source_difference,Source A value 28866.4 vs Source B value 22453 (ppm); factorial width 1.2856. dominant contributor(s): planet-radius contribution 0.2513. Planet radius 16.1410 vs 14.2354 R_earth. Host star radius 0.8700 vs 0.8700 R_sun. Transit evidence confirmed in both sources (both_transit); selection reasons: operational_candidate.,"forensic_cases.csv (protocol 2.4.0 corrected-input run), source_row_a=3564, source_row_b=1909; frozen inputs kepler.csv (Exoplanet.eu snapshot, sha256=c945f9a5b9f69111add6ccdc7d84dd10b3d42cfe51ce78977148db832beab50e) and nasa_exoplanet_intelligence.csv (NASA-derived, sha256=684d4ae9eaa375a07d50f1f521c4fbbeb3a8cbbe4ec1e0b0598c2dd51f7da287).",Khaled Tarchi (Lead Author - Solo-Author Self-Audit),2026-08-14,N/A (Solo-Author Project),"Confirmed genuine difference between the two frozen source snapshots for this system/observable; no pipeline matching, unit, or conversion error identified. Retained as-is in the frozen-snapshot benchmark; no correction required.",False,False,True,False,False,wasp-140 b,WASP-140 b,WASP-140 b,geometric_area_ratio_ppm,ppm,3564,1909,transit,transit,confirmed,confirmed,both_transit,16.14096,14.23540549,0.87,0.87,,,,,,,28866.427678984044,22452.980747420315,1.2856389983900283,22452.980747420315,28866.427678984044,1.2856389983900283,1.0,5,19,14,5.0,28.0,possible,0.2512558697586327,0.0
operational_candidate,0,confirmed_source_difference,"Source A value 21932.6 vs Source B value 16596.5 (ppm); factorial width 1.3215. dominant contributor(s): planet-radius contribution 0.1254, star-radius contribution 0.1534. Planet radius 22.3171 vs 20.9608 R_earth. Host star radius 1.3800 vs 1.4900 R_sun. Transit evidence confirmed in both sources (both_transit); selection reasons: operational_candidate.","forensic_cases.csv (protocol 2.4.0 corrected-input run), source_row_a=3574, source_row_b=345; frozen inputs kepler.csv (Exoplanet.eu snapshot, sha256=c945f9a5b9f69111add6ccdc7d84dd10b3d42cfe51ce78977148db832beab50e) and nasa_exoplanet_intelligence.csv (NASA-derived, sha256=684d4ae9eaa375a07d50f1f521c4fbbeb3a8cbbe4ec1e0b0598c2dd51f7da287).",Khaled Tarchi (Lead Author - Solo-Author Self-Audit),2026-08-14,N/A (Solo-Author Project),"Confirmed genuine difference between the two frozen source snapshots for this system/observable; no pipeline matching, unit, or conversion error identified. Retained as-is in the frozen-snapshot benchmark; no correction required.",False,False,True,False,False,wasp-17 b,WASP-17 b,WASP-17 b,geometric_area_ratio_ppm,ppm,3574,345,transit,transit,confirmed,confirmed,both_transit,22.317119,20.96083,1.38,1.49,,,,,,,21932.639991419062,16596.52785001232,1.3215197895385558,16596.52785001232,21932.639991419062,1.321519789538556,1.0000000000000002,25,64,39,18.0,84.0,possible,0.12539718843112801,0.15338524157650912
operational_candidate,0,confirmed_source_difference,"Source A value 20080.4 vs Source B value 17917.1 (ppm); factorial width 1.4192. dominant contributor(s): planet-radius contribution 0.2320, star-radius contribution 0.1181. Planet radius 12.6886 vs 11.2987 R_earth. Host star radius 0.8200 vs 0.7730 R_sun. Transit evidence confirmed in both sources (both_transit); selection reasons: operational_candidate.","forensic_cases.csv (protocol 2.4.0 corrected-input run), source_row_a=266, source_row_b=402; frozen inputs kepler.csv (Exoplanet.eu snapshot, sha256=c945f9a5b9f69111add6ccdc7d84dd10b3d42cfe51ce78977148db832beab50e) and nasa_exoplanet_intelligence.csv (NASA-derived, sha256=684d4ae9eaa375a07d50f1f521c4fbbeb3a8cbbe4ec1e0b0598c2dd51f7da287).",Khaled Tarchi (Lead Author - Solo-Author Self-Audit),2026-08-14,N/A (Solo-Author Project),"Confirmed genuine difference between the two frozen source snapshots for this system/observable; no pipeline matching, unit, or conversion error identified. Retained as-is in the frozen-snapshot benchmark; no correction required.",False,False,True,False,False,hat-p-19 b,HAT-P-19 b,HAT-P-19 b,geometric_area_ratio_ppm,ppm,266,402,transit,transit,confirmed,confirmed,both_transit,12.688587999999998,11.29865255,0.82,0.773,,,,,,,20080.37004147033,17917.076333547175,1.1207392136781098,15922.029602183386,22596.461118848878,1.419194768721585,1.266302411302256,37,53,16,15.0,90.0,possible,0.23203906314908274,0.1180505833417535
operational_candidate,0,confirmed_source_difference,"Source A value 21503.6 vs Source B value 19727.3 (ppm); factorial width 1.4222. dominant contributor(s): planet-radius contribution 0.2192, star-radius contribution 0.1330. Planet radius 14.6838 vs 13.1594 R_earth. Host star radius 0.9170 vs 0.8580 R_sun. Transit evidence confirmed in both sources (both_transit); selection reasons: operational_candidate.","forensic_cases.csv (protocol 2.4.0 corrected-input run), source_row_a=3604, source_row_b=1273; frozen inputs kepler.csv (Exoplanet.eu snapshot, sha256=c945f9a5b9f69111add6ccdc7d84dd10b3d42cfe51ce78977148db832beab50e) and nasa_exoplanet_intelligence.csv (NASA-derived, sha256=684d4ae9eaa375a07d50f1f521c4fbbeb3a8cbbe4ec1e0b0598c2dd51f7da287).",Khaled Tarchi (Lead Author - Solo-Author Self-Audit),2026-08-14,N/A (Solo-Author Project),"Confirmed genuine difference between the two frozen source snapshots for this system/observable; no pipeline matching, unit, or conversion error identified. Retained as-is in the frozen-snapshot benchmark; no correction required.",False,False,True,False,False,wasp-46 b,WASP-46 b,WASP-46 b,geometric_area_ratio_ppm,ppm,3604,1273,transit,transit,confirmed,confirmed,both_transit,14.68379,13.159366,0.917,0.858,,,,,,,21503.565828749983,19727.324157567098,1.0900396656432265,17270.467161695815,24562.61371945889,1.4222321544339187,1.3047526610829039,27,33,6,11.0,76.0,possible,0.2192208316143116,0.13300674553700526
operational_candidate,0,confirmed_source_difference,"Source A value 27125.6 vs Source B value 27515.2 (ppm); factorial width 1.4233. dominant contributor(s): planet-radius contribution 0.1836, star-radius contribution 0.1693. Planet radius 12.8231 vs 14.0560 R_earth. Host star radius 0.7130 vs 0.7760 R_sun. Transit evidence confirmed in both sources (both_transit); selection reasons: operational_candidate.","forensic_cases.csv (protocol 2.4.0 corrected-input run), source_row_a=3478, source_row_b=1066; frozen inputs kepler.csv (Exoplanet.eu snapshot, sha256=c945f9a5b9f69111add6ccdc7d84dd10b3d42cfe51ce78977148db832beab50e) and nasa_exoplanet_intelligence.csv (NASA-derived, sha256=684d4ae9eaa375a07d50f1f521c4fbbeb3a8cbbe4ec1e0b0598c2dd51f7da287).",Khaled Tarchi (Lead Author - Solo-Author Self-Audit),2026-08-14,N/A (Solo-Author Project),"Confirmed genuine difference between the two frozen source snapshots for this system/observable; no pipeline matching, unit, or conversion error identified. Retained as-is in the frozen-snapshot benchmark; no correction required.",False,False,True,False,False,qatar-2 b,Qatar-2 b,Qatar-2 b,geometric_area_ratio_ppm,ppm,3478,1066,transit,transit,confirmed,confirmed,both_transit,12.823095999999998,14.056,0.713,0.776,,,,,,,27125.61241331177,27515.21298843927,1.0143628305673316,22899.98348812122,32592.469046158236,1.423252949639232,1.4031004555275441,10,8,2,2.0,25.0,guaranteed,0.18360286177646312,0.1693421995378458
operational_candidate,0,confirmed_source_difference,"Source A value 20856 vs Source B value 21140.3 (ppm); factorial width 1.4511. dominant contributor(s): planet-radius contribution 0.1794, star-radius contribution 0.1929. Planet radius 13.7198 vs 12.5428 R_earth. Host star radius 0.8700 vs 0.7900 R_sun. Transit evidence confirmed in both sources (both_transit); selection reasons: operational_candidate.","forensic_cases.csv (protocol 2.4.0 corrected-input run), source_row_a=3622, source_row_b=1275; frozen inputs kepler.csv (Exoplanet.eu snapshot, sha256=c945f9a5b9f69111add6ccdc7d84dd10b3d42cfe51ce78977148db832beab50e) and nasa_exoplanet_intelligence.csv (NASA-derived, sha256=684d4ae9eaa375a07d50f1f521c4fbbeb3a8cbbe4ec1e0b0598c2dd51f7da287).",Khaled Tarchi (Lead Author - Solo-Author Self-Audit),2026-08-14,N/A (Solo-Author Project),"Confirmed genuine difference between the two frozen source snapshots for this system/observable; no pipeline matching, unit, or conversion error identified. Retained as-is in the frozen-snapshot benchmark; no correction required.",False,False,True,False,False,wasp-6 b,WASP-6 b,WASP-6 b,geometric_area_ratio_ppm,ppm,3622,1275,transit,transit,confirmed,confirmed,both_transit,13.719816,12.5428494,0.87,0.79,,,,,,,20855.993998065962,21140.295688796698,1.013631653842876,17431.17788265031,25293.866138657424,1.4510703928868196,1.4315559181538262,32,24,8,10.0,76.0,possible,0.17938095371119722,0.19292053237512435
operational_candidate,0,confirmed_source_difference,"Source A value 27285 vs Source B value 17994.4 (ppm); factorial width 1.5163. dominant contributor(s): planet-radius contribution 0.3934, star-radius contribution 0.0229. Planet radius 15.6926 vs 12.8903 R_earth. Host star radius 0.8700 vs 0.8800 R_sun. Transit evidence confirmed in both sources (both_transit); selection reasons: operational_candidate.","forensic_cases.csv (protocol 2.4.0 corrected-input run), source_row_a=3630, source_row_b=129; frozen inputs kepler.csv (Exoplanet.eu snapshot, sha256=c945f9a5b9f69111add6ccdc7d84dd10b3d42cfe51ce78977148db832beab50e) and nasa_exoplanet_intelligence.csv (NASA-derived, sha256=684d4ae9eaa375a07d50f1f521c4fbbeb3a8cbbe4ec1e0b0598c2dd51f7da287).",Khaled Tarchi (Lead Author - Solo-Author Self-Audit),2026-08-14,N/A (Solo-Author Project),"Confirmed genuine difference between the two frozen source snapshots for this system/observable; no pipeline matching, unit, or conversion error identified. Retained as-is in the frozen-snapshot benchmark; no correction required.",False,False,True,False,False,wasp-67 b,WASP-67 b,WASP-67 b,geometric_area_ratio_ppm,ppm,3630,129,transit,transit,confirmed,confirmed,both_transit,15.692599999999999,12.89035,0.87,0.88,,,,,,,27285.010730521204,17994.380483181427,1.5163073136095644,17994.380483181427,27285.010730521204,1.5163073136095644,1.0,8,52,44,7.0,64.0,possible,0.39342058849210915,0.02285739164724554
operational_candidate,0,confirmed_source_difference,"Source A value 25419.9 vs Source B value 25312.7 (ppm); factorial width 1.5337. dominant contributor(s): planet-radius contribution 0.2159, star-radius contribution 0.2117. Planet radius 11.6125 vs 10.4240 R_earth. Host star radius 0.6670 vs 0.6000 R_sun. Transit evidence confirmed in both sources (both_transit); selection reasons: operational_candidate.","forensic_cases.csv (protocol 2.4.0 corrected-input run), source_row_a=3601, source_row_b=1672; frozen inputs kepler.csv (Exoplanet.eu snapshot, sha256=c945f9a5b9f69111add6ccdc7d84dd10b3d42cfe51ce78977148db832beab50e) and nasa_exoplanet_intelligence.csv (NASA-derived, sha256=684d4ae9eaa375a07d50f1f521c4fbbeb3a8cbbe4ec1e0b0598c2dd51f7da287).",Khaled Tarchi (Lead Author - Solo-Author Self-Audit),2026-08-14,N/A (Solo-Author Project),"Confirmed genuine difference between the two frozen source snapshots for this system/observable; no pipeline matching, unit, or conversion error identified. Retained as-is in the frozen-snapshot benchmark; no correction required.",False,False,True,False,False,wasp-43 b,WASP-43 b,WASP-43 b,geometric_area_ratio_ppm,ppm,3601,1672,transit,transit,confirmed,confirmed,both_transit,11.612524,10.424,0.667,0.6,,,,,,,25419.933248449976,25312.73829898413,1.0042348223333128,20482.830071398243,31414.02411936015,1.5336759622502547,1.52720850556327,13,12,1,4.0,40.0,possible,0.2159466621074113,0.2117207813989549
operational_candidate,0,confirmed_source_difference,"Source A value 17021.2 vs Source B value 15968.1 (ppm); factorial width 1.6471. dominant contributor(s): planet-radius contribution 0.2814, star-radius contribution 0.2176. Planet radius 13.4060 vs 11.6462 R_earth. Host star radius 0.9410 vs 0.8440 R_sun. Transit evidence confirmed in both sources (both_transit); selection reasons: operational_candidate.","forensic_cases.csv (protocol 2.4.0 corrected-input run), source_row_a=987, source_row_b=447; frozen inputs kepler.csv (Exoplanet.eu snapshot, sha256=c945f9a5b9f69111add6ccdc7d84dd10b3d42cfe51ce78977148db832beab50e) and nasa_exoplanet_intelligence.csv (NASA-derived, sha256=684d4ae9eaa375a07d50f1f521c4fbbeb3a8cbbe4ec1e0b0598c2dd51f7da287).",Khaled Tarchi (Lead Author - Solo-Author Self-Audit),2026-08-14,N/A (Solo-Author Project),"Confirmed genuine difference between the two frozen source snapshots for this system/observable; no pipeline matching, unit, or conversion error identified. Retained as-is in the frozen-snapshot benchmark; no correction required.",False,False,True,False,False,k2-30 b,K2-30 b,K2-30 b,geometric_area_ratio_ppm,ppm,987,447,transit,transit,confirmed,confirmed,both_transit,13.405963999999999,11.646151,0.941,0.844,,,,,,,17021.180424044807,15968.082386175645,1.0659501881566493,12845.718806658539,21158.458737258294,1.6471214305493649,1.5452142593996223,69,74,5,19.0,155.0,possible,0.2814478868226997,0.21758128997884502
operational_candidate,0,confirmed_source_difference,"Source A value 15504.6 vs Source B value 23053.6 (ppm); factorial width 1.7003. dominant contributor(s): planet-radius contribution 0.0671, star-radius contribution 0.4638. Planet radius 15.6366 vs 15.1209 R_earth. Host star radius 1.1500 vs 0.9120 R_sun. Transit evidence confirmed in both sources (both_transit); selection reasons: operational_candidate.","forensic_cases.csv (protocol 2.4.0 corrected-input run), source_row_a=3597, source_row_b=4371; frozen inputs kepler.csv (Exoplanet.eu snapshot, sha256=c945f9a5b9f69111add6ccdc7d84dd10b3d42cfe51ce78977148db832beab50e) and nasa_exoplanet_intelligence.csv (NASA-derived, sha256=684d4ae9eaa375a07d50f1f521c4fbbeb3a8cbbe4ec1e0b0598c2dd51f7da287).",Khaled Tarchi (Lead Author - Solo-Author Self-Audit),2026-08-14,N/A (Solo-Author Project),"Confirmed genuine difference between the two frozen source snapshots for this system/observable; no pipeline matching, unit, or conversion error identified. Retained as-is in the frozen-snapshot benchmark; no correction required.",False,False,True,False,False,wasp-4 b,WASP-4 b,WASP-4 b,geometric_area_ratio_ppm,ppm,3597,4371,transit,transit,confirmed,confirmed,both_transit,15.636555,15.12091496,1.15,0.912,,,,,,,15504.55469113621,23053.62846148195,1.4868939431495871,14498.840945986274,24652.7460120273,1.7003252952334744,1.1435417455745298,90,17,73,11.0,117.0,possible,0.06706512032847645,0.4637544625659285
operational_candidate,0,confirmed_source_difference,"Source A value 14382.3 vs Source B value 18507 (ppm); factorial width 1.7040. dominant contributor(s): planet-radius contribution 0.1404, star-radius contribution 0.3926. Planet radius 13.2266 vs 12.3299 R_earth. Host star radius 1.0100 vs 0.8300 R_sun. Transit evidence confirmed in both sources (both_transit); selection reasons: operational_candidate.","forensic_cases.csv (protocol 2.4.0 corrected-input run), source_row_a=3598, source_row_b=1683; frozen inputs kepler.csv (Exoplanet.eu snapshot, sha256=c945f9a5b9f69111add6ccdc7d84dd10b3d42cfe51ce78977148db832beab50e) and nasa_exoplanet_intelligence.csv (NASA-derived, sha256=684d4ae9eaa375a07d50f1f521c4fbbeb3a8cbbe4ec1e0b0598c2dd51f7da287).",Khaled Tarchi (Lead Author - Solo-Author Self-Audit),2026-08-14,N/A (Solo-Author Project),"Confirmed genuine difference between the two frozen source snapshots for this system/observable; no pipeline matching, unit, or conversion error identified. Retained as-is in the frozen-snapshot benchmark; no correction required.",False,False,True,False,False,wasp-41 b,WASP-41 b,WASP-41 b,geometric_area_ratio_ppm,ppm,3598,1683,transit,transit,confirmed,confirmed,both_transit,13.226619999999999,12.3299,1.01,0.83,,,,,,,14382.282991252057,18506.988212898625,1.2867907149480646,12498.249367577557,21296.801973256235,1.703982801663689,1.3242112970425517,106,48,58,19.0,162.0,possible,0.14040851734649706,0.39255981808932316
rank_displacement,0,confirmed_source_difference,"Source A value 681.56 vs Source B value 360.497 (ppm); factorial width 1.8906. dominant contributor(s): planet-radius contribution 0.0003, star-radius contribution 0.6366. Planet radius 3.6205 vs 3.6200 R_earth. Host star radius 1.2700 vs 1.7460 R_sun. Transit evidence confirmed in both sources (both_transit); selection reasons: rank_displacement.","forensic_cases.csv (protocol 2.4.0 corrected-input run), source_row_a=2247, source_row_b=380; frozen inputs kepler.csv (Exoplanet.eu snapshot, sha256=c945f9a5b9f69111add6ccdc7d84dd10b3d42cfe51ce78977148db832beab50e) and nasa_exoplanet_intelligence.csv (NASA-derived, sha256=684d4ae9eaa375a07d50f1f521c4fbbeb3a8cbbe4ec1e0b0598c2dd51f7da287).",Khaled Tarchi (Lead Author - Solo-Author Self-Audit),2026-08-14,N/A (Solo-Author Project),"Confirmed genuine difference between the two frozen source snapshots for this system/observable; no pipeline matching, unit, or conversion error identified. Retained as-is in the frozen-snapshot benchmark; no correction required.",False,True,False,False,False,kepler-279 b,Kepler-279 b,Kepler-279 b,geometric_area_ratio_ppm,ppm,2247,380,transit,transit,confirmed,confirmed,both_transit,3.620507,3.62,1.27,1.746,,,,,,,681.5601118980409,360.49686042778717,1.8906131695273596,360.49686042778717,681.5601118980409,1.8906131695273598,1.0000000000000002,1032,1562,530,987.0,1557.0,excluded,0.00028009088359626233,0.6366211138938209
rank_displacement;operational_candidate,0,confirmed_source_difference,"Source A value 23165.8 vs Source B value 12026.5 (ppm); factorial width 1.9262. dominant contributor(s): planet-radius contribution 0.6384, star-radius contribution 0.0172. Planet radius 19.2795 vs 14.0110 R_earth. Host star radius 1.1600 vs 1.1700 R_sun. Transit evidence confirmed in both sources (both_transit); selection reasons: rank_displacement;operational_candidate.","forensic_cases.csv (protocol 2.4.0 corrected-input run), source_row_a=3448, source_row_b=108; frozen inputs kepler.csv (Exoplanet.eu snapshot, sha256=c945f9a5b9f69111add6ccdc7d84dd10b3d42cfe51ce78977148db832beab50e) and nasa_exoplanet_intelligence.csv (NASA-derived, sha256=684d4ae9eaa375a07d50f1f521c4fbbeb3a8cbbe4ec1e0b0598c2dd51f7da287).",Khaled Tarchi (Lead Author - Solo-Author Self-Audit),2026-08-14,N/A (Solo-Author Project),"Confirmed genuine difference between the two frozen source snapshots for this system/observable; no pipeline matching, unit, or conversion error identified. Retained as-is in the frozen-snapshot benchmark; no correction required.",False,True,True,False,False,ogle-tr-10 b,OGLE-TR-10 b,OGLE-TR-10 b,geometric_area_ratio_ppm,ppm,3448,108,transit,transit,confirmed,confirmed,both_transit,19.27948,14.011,1.16,1.17,,,,,,,23165.80936564296,12026.50308777932,1.9262298605471444,12026.50308777932,23165.80936564296,1.926229860547144,0.9999999999999998,19,152,133,13.0,175.0,possible,0.638397164950451,0.017167487382782953
rank_displacement,0,confirmed_source_difference,"Source A value 452.143 vs Source B value 228.415 (ppm); factorial width 1.9795. dominant contributor(s): planet-radius contribution 0.0363, star-radius contribution 0.6465. Planet radius 2.4032 vs 2.3600 R_earth. Host star radius 1.0350 vs 1.4300 R_sun. Transit evidence confirmed in both sources (both_transit); selection reasons: rank_displacement.","forensic_cases.csv (protocol 2.4.0 corrected-input run), source_row_a=3160, source_row_b=6076; frozen inputs kepler.csv (Exoplanet.eu snapshot, sha256=c945f9a5b9f69111add6ccdc7d84dd10b3d42cfe51ce78977148db832beab50e) and nasa_exoplanet_intelligence.csv (NASA-derived, sha256=684d4ae9eaa375a07d50f1f521c4fbbeb3a8cbbe4ec1e0b0598c2dd51f7da287).",Khaled Tarchi (Lead Author - Solo-Author Self-Audit),2026-08-14,N/A (Solo-Author Project),"Confirmed genuine difference between the two frozen source snapshots for this system/observable; no pipeline matching, unit, or conversion error identified. Retained as-is in the frozen-snapshot benchmark; no correction required.",False,True,False,False,False,kepler-84 c,Kepler-84 c,Kepler-84 c,geometric_area_ratio_ppm,ppm,3160,6076,transit,transit,confirmed,confirmed,both_transit,2.4032096,2.36,1.035,1.43,,,,,,,452.1425978198651,228.41507093627266,1.9794779563648495,228.41507093627266,452.1425978198651,1.9794779563648495,1.0,1384,1893,509,1338.0,1878.0,excluded,0.03628711643189875,0.6465460351089671
primary_extreme;rank_displacement;operational_candidate,0,confirmed_source_difference,Source A value 23916.9 vs Source B value 11570.3 (ppm); factorial width 2.0671. dominant contributor(s): star-radius contribution 0.7261. Planet radius 17.9008 vs 17.9008 R_earth. Host star radius 1.0600 vs 1.5240 R_sun. Transit evidence confirmed in both sources (both_transit); selection reasons: primary_extreme;rank_displacement;operational_candidate.,"forensic_cases.csv (protocol 2.4.0 corrected-input run), source_row_a=3659, source_row_b=5515; frozen inputs kepler.csv (Exoplanet.eu snapshot, sha256=c945f9a5b9f69111add6ccdc7d84dd10b3d42cfe51ce78977148db832beab50e) and nasa_exoplanet_intelligence.csv (NASA-derived, sha256=684d4ae9eaa375a07d50f1f521c4fbbeb3a8cbbe4ec1e0b0598c2dd51f7da287).",Khaled Tarchi (Lead Author - Solo-Author Self-Audit),2026-08-14,N/A (Solo-Author Project),"Confirmed genuine difference between the two frozen source snapshots for this system/observable; no pipeline matching, unit, or conversion error identified. Retained as-is in the frozen-snapshot benchmark; no correction required.",True,True,True,False,False,wasp-93 b,WASP-93 b,WASP-93 b,geometric_area_ratio_ppm,ppm,3659,5515,transit,transit,confirmed,confirmed,both_transit,17.900772999999997,17.900773,1.06,1.524,,,,,,,23916.887711508363,11570.349057533886,2.0670843716625114,11570.349057533886,23916.887711508363,2.0670843716625114,1.0,17,165,148,12.0,191.0,possible,0.0,0.7261390982809575
primary_extreme;rank_displacement,0,confirmed_source_difference,"Source A value 976.613 vs Source B value 386.525 (ppm); factorial width 2.5267. dominant contributor(s): planet-radius contribution 0.0008, star-radius contribution 0.9261. Planet radius 3.0713 vs 3.0700 R_earth. Host star radius 0.9000 vs 1.4300 R_sun. Transit evidence confirmed in both sources (both_transit); selection reasons: primary_extreme;rank_displacement.","forensic_cases.csv (protocol 2.4.0 corrected-input run), source_row_a=2133, source_row_b=5724; frozen inputs kepler.csv (Exoplanet.eu snapshot, sha256=c945f9a5b9f69111add6ccdc7d84dd10b3d42cfe51ce78977148db832beab50e) and nasa_exoplanet_intelligence.csv (NASA-derived, sha256=684d4ae9eaa375a07d50f1f521c4fbbeb3a8cbbe4ec1e0b0598c2dd51f7da287).",Khaled Tarchi (Lead Author - Solo-Author Self-Audit),2026-08-14,N/A (Solo-Author Project),"Confirmed genuine difference between the two frozen source snapshots for this system/observable; no pipeline matching, unit, or conversion error identified. Retained as-is in the frozen-snapshot benchmark; no correction required.",True,True,False,False,False,kepler-238 d,Kepler-238 d,Kepler-238 d,geometric_area_ratio_ppm,ppm,2133,5724,transit,transit,confirmed,confirmed,both_transit,3.071266,3.07,0.9,1.43,,,,,,,976.6133790099059,386.5249213708842,2.526650482318606,386.5249213708842,976.6133790099059,2.526650482318606,1.0,756,1512,756,719.0,1507.0,excluded,0.0008245856915714,0.9260699198592843
primary_extreme;rank_displacement,0,confirmed_source_difference,"Source A value 590.175 vs Source B value 234.259 (ppm); factorial width 2.5298. dominant contributor(s): planet-radius contribution 0.0021, star-radius contribution 0.9261. Planet radius 2.3875 vs 2.3900 R_earth. Host star radius 0.9000 vs 1.4300 R_sun. Transit evidence confirmed in both sources (both_transit); selection reasons: primary_extreme;rank_displacement.","forensic_cases.csv (protocol 2.4.0 corrected-input run), source_row_a=2132, source_row_b=554; frozen inputs kepler.csv (Exoplanet.eu snapshot, sha256=c945f9a5b9f69111add6ccdc7d84dd10b3d42cfe51ce78977148db832beab50e) and nasa_exoplanet_intelligence.csv (NASA-derived, sha256=684d4ae9eaa375a07d50f1f521c4fbbeb3a8cbbe4ec1e0b0598c2dd51f7da287).",Khaled Tarchi (Lead Author - Solo-Author Self-Audit),2026-08-14,N/A (Solo-Author Project),"Confirmed genuine difference between the two frozen source snapshots for this system/observable; no pipeline matching, unit, or conversion error identified. Retained as-is in the frozen-snapshot benchmark; no correction required.",True,True,False,False,False,kepler-238 c,Kepler-238 c,Kepler-238 c,geometric_area_ratio_ppm,ppm,2132,554,transit,transit,confirmed,confirmed,both_transit,2.387517,2.39,0.9,1.43,,,,,,,590.1749213104107,234.2591436898669,2.5193250176468536,233.7726472010526,591.4031147301346,2.52982169561312,1.0041664643873822,1169,1884,715,1130.0,1870.0,excluded,0.0020789043543461005,0.9260699198592843
primary_extreme;rank_displacement,0,confirmed_source_difference,"Source A value 308.506 vs Source B value 122.742 (ppm); factorial width 2.5357. dominant contributor(s): planet-radius contribution 0.0044, star-radius contribution 0.9261. Planet radius 1.7262 vs 1.7300 R_earth. Host star radius 0.9000 vs 1.4300 R_sun. Transit evidence confirmed in both sources (both_transit); selection reasons: primary_extreme;rank_displacement.","forensic_cases.csv (protocol 2.4.0 corrected-input run), source_row_a=2131, source_row_b=1271; frozen inputs kepler.csv (Exoplanet.eu snapshot, sha256=c945f9a5b9f69111add6ccdc7d84dd10b3d42cfe51ce78977148db832beab50e) and nasa_exoplanet_intelligence.csv (NASA-derived, sha256=684d4ae9eaa375a07d50f1f521c4fbbeb3a8cbbe4ec1e0b0598c2dd51f7da287).",Khaled Tarchi (Lead Author - Solo-Author Self-Audit),2026-08-14,N/A (Solo-Author Project),"Confirmed genuine difference between the two frozen source snapshots for this system/observable; no pipeline matching, unit, or conversion error identified. Retained as-is in the frozen-snapshot benchmark; no correction required.",True,True,False,False,False,kepler-238 b,Kepler-238 b,Kepler-238 b,geometric_area_ratio_ppm,ppm,2131,1271,transit,transit,confirmed,confirmed,both_transit,1.726186,1.73,0.9,1.43,,,,,,,308.5055529942849,122.74193224022736,2.5134487241938297,122.2013291238548,309.87034226918644,2.535736268098388,1.008867315927325,1687,2260,573,1637.0,2250.0,excluded,0.004414116078474306,0.9260699198592843
primary_extreme;rank_displacement;operational_candidate,0,confirmed_source_difference,"Source A value 19164.6 vs Source B value 7029.59 (ppm); factorial width 3.0255. dominant contributor(s): planet-radius contribution 0.0521, star-radius contribution 1.0550. Planet radius 23.3708 vs 23.9872 R_earth. Host star radius 1.5460 vs 2.6200 R_sun. Transit evidence confirmed in both sources (both_transit); selection reasons: primary_extreme;rank_displacement;operational_candidate.","forensic_cases.csv (protocol 2.4.0 corrected-input run), source_row_a=314, source_row_b=3843; frozen inputs kepler.csv (Exoplanet.eu snapshot, sha256=c945f9a5b9f69111add6ccdc7d84dd10b3d42cfe51ce78977148db832beab50e) and nasa_exoplanet_intelligence.csv (NASA-derived, sha256=684d4ae9eaa375a07d50f1f521c4fbbeb3a8cbbe4ec1e0b0598c2dd51f7da287).",Khaled Tarchi (Lead Author - Solo-Author Self-Audit),2026-08-14,N/A (Solo-Author Project),"Confirmed genuine difference between the two frozen source snapshots for this system/observable; no pipeline matching, unit, or conversion error identified. Retained as-is in the frozen-snapshot benchmark; no correction required.",True,True,True,False,False,hat-p-67 b,HAT-P-67 b,HAT-P-67 b,geometric_area_ratio_ppm,ppm,314,3843,transit,transit,confirmed,confirmed,both_transit,23.370765,23.9872187,1.546,2.62,,,,,,,19164.597488299692,7029.590579137481,2.7262750614775,6672.922774072735,20188.945461823343,3.0255026388536,1.1097569286401843,44,300,256,24.0,318.0,possible,0.05207050406843816,1.0550067352155508
primary_extreme;operational_candidate,0,confirmed_source_difference,"Source A value 20414.6 vs Source B value 18831.4 (ppm); factorial width 3.2250. dominant contributor(s): planet-radius contribution 0.6258, star-radius contribution 0.5451. Planet radius 17.3964 vs 12.7222 R_earth. Host star radius 1.1150 vs 0.8490 R_sun. Transit evidence confirmed in both sources (both_transit); selection reasons: primary_extreme;operational_candidate.","forensic_cases.csv (protocol 2.4.0 corrected-input run), source_row_a=3480, source_row_b=1198; frozen inputs kepler.csv (Exoplanet.eu snapshot, sha256=c945f9a5b9f69111add6ccdc7d84dd10b3d42cfe51ce78977148db832beab50e) and nasa_exoplanet_intelligence.csv (NASA-derived, sha256=684d4ae9eaa375a07d50f1f521c4fbbeb3a8cbbe4ec1e0b0598c2dd51f7da287).",Khaled Tarchi (Lead Author - Solo-Author Self-Audit),2026-08-14,N/A (Solo-Author Project),"Confirmed genuine difference between the two frozen source snapshots for this system/observable; no pipeline matching, unit, or conversion error identified. Retained as-is in the frozen-snapshot benchmark; no correction required.",True,False,True,False,False,qatar-4 b,Qatar-4 b,Qatar-4 b,geometric_area_ratio_ppm,ppm,3480,1198,transit,transit,confirmed,confirmed,both_transit,17.396368,12.722215,1.115,0.849,,,,,,,20414.571186009747,18831.412878135998,1.0840700757887294,10918.13729129748,35210.696520574966,3.224972866813129,2.9748749078483305,34,45,11,2.0,207.0,possible,0.625823541655322,0.5451009951657437
primary_extreme;rank_displacement,0,confirmed_source_difference,Source A value 401.837 vs Source B value 116.465 (ppm); factorial width 3.4503. dominant contributor(s): planet-radius contribution 1.2385. Planet radius 3.2506 vs 1.7500 R_earth. Host star radius 1.4850 vs 1.4850 R_sun. Transit evidence confirmed in both sources (both_transit); selection reasons: primary_extreme;rank_displacement.,"forensic_cases.csv (protocol 2.4.0 corrected-input run), source_row_a=2606, source_row_b=987; frozen inputs kepler.csv (Exoplanet.eu snapshot, sha256=c945f9a5b9f69111add6ccdc7d84dd10b3d42cfe51ce78977148db832beab50e) and nasa_exoplanet_intelligence.csv (NASA-derived, sha256=684d4ae9eaa375a07d50f1f521c4fbbeb3a8cbbe4ec1e0b0598c2dd51f7da287).",Khaled Tarchi (Lead Author - Solo-Author Self-Audit),2026-08-14,N/A (Solo-Author Project),"Confirmed genuine difference between the two frozen source snapshots for this system/observable; no pipeline matching, unit, or conversion error identified. Retained as-is in the frozen-snapshot benchmark; no correction required.",True,True,False,False,False,kepler-430 c,Kepler-430 c,Kepler-430 c,geometric_area_ratio_ppm,ppm,2606,987,transit,transit,confirmed,confirmed,both_transit,3.2506099999999996,1.75,1.485,1.485,,,,,,,401.8367487385443,116.46515648091463,3.4502744072163254,116.46515648091463,401.8367487385443,3.4502744072163254,1.0,1477,2313,836,1429.0,2292.0,excluded,1.2384537662038362,0.0
primary_extreme;rank_displacement,0,confirmed_source_difference,"Source A value 1935.32 vs Source B value 655.934 (ppm); factorial width 3.6443. dominant contributor(s): planet-radius contribution 1.1876, star-radius contribution 0.1056. Planet radius 3.3627 vs 1.8570 R_earth. Host star radius 0.7000 vs 0.6640 R_sun. Transit evidence confirmed in both sources (both_transit); selection reasons: primary_extreme;rank_displacement.","forensic_cases.csv (protocol 2.4.0 corrected-input run), source_row_a=2251, source_row_b=5006; frozen inputs kepler.csv (Exoplanet.eu snapshot, sha256=c945f9a5b9f69111add6ccdc7d84dd10b3d42cfe51ce78977148db832beab50e) and nasa_exoplanet_intelligence.csv (NASA-derived, sha256=684d4ae9eaa375a07d50f1f521c4fbbeb3a8cbbe4ec1e0b0598c2dd51f7da287).",Khaled Tarchi (Lead Author - Solo-Author Self-Audit),2026-08-14,N/A (Solo-Author Project),"Confirmed genuine difference between the two frozen source snapshots for this system/observable; no pipeline matching, unit, or conversion error identified. Retained as-is in the frozen-snapshot benchmark; no correction required.",True,True,False,False,False,kepler-28 c,Kepler-28 c,Kepler-28 c,geometric_area_ratio_ppm,ppm,2251,5006,transit,transit,confirmed,confirmed,both_transit,3.3627,1.857,0.7,0.664,,,,,,,1935.3209245874953,655.9344988605728,2.950478939512026,590.201830223737,2150.8638160651776,3.644285235865528,1.2351503978090586,487,1079,592,441.0,1166.0,excluded,1.1875638806849071,0.10559637113394138
primary_extreme;rank_displacement,0,confirmed_source_difference,"Source A value 2201.97 vs Source B value 729.971 (ppm); factorial width 3.7258. dominant contributor(s): planet-radius contribution 1.2097, star-radius contribution 0.1056. Planet radius 3.5869 vs 1.9590 R_earth. Host star radius 0.7000 vs 0.6640 R_sun. Transit evidence confirmed in both sources (both_transit); selection reasons: primary_extreme;rank_displacement.","forensic_cases.csv (protocol 2.4.0 corrected-input run), source_row_a=2250, source_row_b=5001; frozen inputs kepler.csv (Exoplanet.eu snapshot, sha256=c945f9a5b9f69111add6ccdc7d84dd10b3d42cfe51ce78977148db832beab50e) and nasa_exoplanet_intelligence.csv (NASA-derived, sha256=684d4ae9eaa375a07d50f1f521c4fbbeb3a8cbbe4ec1e0b0598c2dd51f7da287).",Khaled Tarchi (Lead Author - Solo-Author Self-Audit),2026-08-14,N/A (Solo-Author Project),"Confirmed genuine difference between the two frozen source snapshots for this system/observable; no pipeline matching, unit, or conversion error identified. Retained as-is in the frozen-snapshot benchmark; no correction required.",True,True,False,False,False,kepler-28 b,Kepler-28 b,Kepler-28 b,geometric_area_ratio_ppm,ppm,2250,5001,transit,transit,confirmed,confirmed,both_transit,3.58688,1.959,0.7,0.664,,,,,,,2201.9651408639943,729.970883583241,3.0165109189768073,656.8188626292176,2447.2050529452686,3.725844661569572,1.2351503978090583,469,972,503,419.0,1076.0,excluded,1.2096972097763792,0.10559637113394138
primary_extreme;rank_displacement;operational_candidate,0,confirmed_source_difference,"Source A value 21125.8 vs Source B value 10536.7 (ppm); factorial width 4.3926. dominant contributor(s): planet-radius contribution 0.3921, star-radius contribution 1.0878. Planet radius 18.8872 vs 22.9784 R_earth. Host star radius 1.1900 vs 2.0500 R_sun. Transit evidence confirmed in both sources (both_transit); selection reasons: primary_extreme;rank_displacement;operational_candidate.","forensic_cases.csv (protocol 2.4.0 corrected-input run), source_row_a=291, source_row_b=1144; frozen inputs kepler.csv (Exoplanet.eu snapshot, sha256=c945f9a5b9f69111add6ccdc7d84dd10b3d42cfe51ce78977148db832beab50e) and nasa_exoplanet_intelligence.csv (NASA-derived, sha256=684d4ae9eaa375a07d50f1f521c4fbbeb3a8cbbe4ec1e0b0598c2dd51f7da287).",Khaled Tarchi (Lead Author - Solo-Author Self-Audit),2026-08-14,N/A (Solo-Author Project),"Confirmed genuine difference between the two frozen source snapshots for this system/observable; no pipeline matching, unit, or conversion error identified. Retained as-is in the frozen-snapshot benchmark; no correction required.",True,True,True,False,False,hat-p-41 b,HAT-P-41 b,HAT-P-41 b,geometric_area_ratio_ppm,ppm,291,1144,transit,transit,confirmed,confirmed,both_transit,18.887165,22.97845,1.19,2.05,,,,,,,21125.765290703323,10536.74725608747,2.0049608078525547,7118.66656232361,31269.458614298142,4.392600544011357,2.190866039279901,30,194,164,4.0,304.0,possible,0.39214845869198367,1.0877729720537577
primary_extreme;rank_displacement,0,confirmed_source_difference,"Source A value 1396.67 vs Source B value 301.357 (ppm); factorial width 4.6346. dominant contributor(s): planet-radius contribution 0.0016, star-radius contribution 1.5319. Planet radius 4.2034 vs 4.2000 R_earth. Host star radius 1.0300 vs 2.2156 R_sun. Transit evidence confirmed in both sources (both_transit); selection reasons: primary_extreme;rank_displacement.","forensic_cases.csv (protocol 2.4.0 corrected-input run), source_row_a=2652, source_row_b=3152; frozen inputs kepler.csv (Exoplanet.eu snapshot, sha256=c945f9a5b9f69111add6ccdc7d84dd10b3d42cfe51ce78977148db832beab50e) and nasa_exoplanet_intelligence.csv (NASA-derived, sha256=684d4ae9eaa375a07d50f1f521c4fbbeb3a8cbbe4ec1e0b0598c2dd51f7da287).",Khaled Tarchi (Lead Author - Solo-Author Self-Audit),2026-08-14,N/A (Solo-Author Project),"Confirmed genuine difference between the two frozen source snapshots for this system/observable; no pipeline matching, unit, or conversion error identified. Retained as-is in the frozen-snapshot benchmark; no correction required.",True,True,False,False,False,kepler-458 c,Kepler-458 c,Kepler-458 c,geometric_area_ratio_ppm,ppm,2652,3152,transit,transit,confirmed,confirmed,both_transit,4.203374999999999,4.2,1.03,2.21562,,,,,,,1396.672714569988,301.356700135337,4.634616432761419,301.356700135337,1396.672714569988,4.634616432761418,0.9999999999999998,570,1689,1119,530.0,1675.0,excluded,0.0016064974758185357,1.5319469435893753
secondary_extreme,0,confirmed_source_difference,Source A value 3.71254 vs Source B value 0.582042 (g_earth); factorial width 10.1143. dominant contributor(s): planet-radius contribution 0.2305. Planet radius 1.9952 vs 1.7780 R_earth. Transit evidence confirmed in both sources (both_transit); selection reasons: secondary_extreme.,"forensic_cases.csv (protocol 2.4.0 corrected-input run), source_row_a=3174, source_row_b=5612; frozen inputs kepler.csv (Exoplanet.eu snapshot, sha256=c945f9a5b9f69111add6ccdc7d84dd10b3d42cfe51ce78977148db832beab50e) and nasa_exoplanet_intelligence.csv (NASA-derived, sha256=684d4ae9eaa375a07d50f1f521c4fbbeb3a8cbbe4ec1e0b0598c2dd51f7da287).",Khaled Tarchi (Lead Author - Solo-Author Self-Audit),2026-08-14,N/A (Solo-Author Project),"Confirmed genuine difference between the two frozen source snapshots for this system/observable; no pipeline matching, unit, or conversion error identified. Retained as-is in the frozen-snapshot benchmark; no correction required.",False,False,False,True,False,kepler-85 b,Kepler-85 b,Kepler-85 b,gravity_gearth,g_earth,3174,5612,transit,transit,confirmed,confirmed,both_transit,1.995202,1.778,,,14.779001999999998,1.84,,,,,3.712541909657626,0.5820419804104914,6.378477901266359,0.46221504765815935,4.674999778570985,10.11433920694957,1.5856979303701135,,,,,,,0.23051232251438702,
primary_extreme;rank_displacement,0,confirmed_source_difference,"Source A value 463.803 vs Source B value 599.835 (ppm); factorial width 10.4571. dominant contributor(s): planet-radius contribution 1.3022, star-radius contribution 1.0450. Planet radius 2.3987 vs 4.6000 R_earth. Host star radius 1.0200 vs 1.7200 R_sun. Transit evidence confirmed in both sources (both_transit); selection reasons: primary_extreme;rank_displacement.","forensic_cases.csv (protocol 2.4.0 corrected-input run), source_row_a=2092, source_row_b=3792; frozen inputs kepler.csv (Exoplanet.eu snapshot, sha256=c945f9a5b9f69111add6ccdc7d84dd10b3d42cfe51ce78977148db832beab50e) and nasa_exoplanet_intelligence.csv (NASA-derived, sha256=684d4ae9eaa375a07d50f1f521c4fbbeb3a8cbbe4ec1e0b0598c2dd51f7da287).",Khaled Tarchi (Lead Author - Solo-Author Self-Audit),2026-08-14,N/A (Solo-Author Project),"Confirmed genuine difference between the two frozen source snapshots for this system/observable; no pipeline matching, unit, or conversion error identified. Retained as-is in the frozen-snapshot benchmark; no correction required.",True,True,False,False,False,kepler-223 e,Kepler-223 e,Kepler-223 e,geometric_area_ratio_ppm,ppm,2092,3792,transit,transit,confirmed,confirmed,both_transit,2.398726,4.6,1.02,1.72,,,,,,,463.8032269701866,599.8347113900754,1.2932956834054823,163.10873355184629,1705.6430316958858,10.45709199350582,8.085615785842878,1372,1163,209,480.0,2145.0,excluded,1.302237080832753,1.045043327058364
secondary_extreme,0,confirmed_source_difference,Source A value 164.328 vs Source B value 15.5169 (km s^-1); factorial width 10.7915. dominant contributor(s): planet-radius contribution 0.0094. Planet radius 2.0176 vs 1.9800 R_earth. Transit evidence confirmed in both sources (both_transit); selection reasons: secondary_extreme.,"forensic_cases.csv (protocol 2.4.0 corrected-input run), source_row_a=2835, source_row_b=139; frozen inputs kepler.csv (Exoplanet.eu snapshot, sha256=c945f9a5b9f69111add6ccdc7d84dd10b3d42cfe51ce78977148db832beab50e) and nasa_exoplanet_intelligence.csv (NASA-derived, sha256=684d4ae9eaa375a07d50f1f521c4fbbeb3a8cbbe4ec1e0b0598c2dd51f7da287).",Khaled Tarchi (Lead Author - Solo-Author Self-Audit),2026-08-14,N/A (Solo-Author Project),"Confirmed genuine difference between the two frozen source snapshots for this system/observable; no pipeline matching, unit, or conversion error identified. Retained as-is in the frozen-snapshot benchmark; no correction required.",False,False,False,True,False,kepler-59 c,Kepler-59 c,Kepler-59 c,escape_velocity_km_s,km s^-1,2835,139,transit,transit,confirmed,confirmed,both_transit,2.01762,1.98,,,435.42436,3.81,,,,,164.32796948975363,15.516890939368048,10.59026386998929,15.371548358714572,165.8817395200607,10.791478883519082,1.0189999999999995,,,,,,,0.00941087712029387,
secondary_extreme,0,confirmed_source_difference,Source A value 3.84572 vs Source B value 0.549523 (g_earth); factorial width 10.8697. dominant contributor(s): planet-radius contribution 0.2202. Planet radius 2.2082 vs 1.9780 R_earth. Transit evidence confirmed in both sources (both_transit); selection reasons: secondary_extreme.,"forensic_cases.csv (protocol 2.4.0 corrected-input run), source_row_a=3175, source_row_b=1552; frozen inputs kepler.csv (Exoplanet.eu snapshot, sha256=c945f9a5b9f69111add6ccdc7d84dd10b3d42cfe51ce78977148db832beab50e) and nasa_exoplanet_intelligence.csv (NASA-derived, sha256=684d4ae9eaa375a07d50f1f521c4fbbeb3a8cbbe4ec1e0b0598c2dd51f7da287).",Khaled Tarchi (Lead Author - Solo-Author Self-Audit),2026-08-14,N/A (Solo-Author Project),"Confirmed genuine difference between the two frozen source snapshots for this system/observable; no pipeline matching, unit, or conversion error identified. Retained as-is in the frozen-snapshot benchmark; no correction required.",False,False,False,True,False,kepler-85 c,Kepler-85 c,Kepler-85 c,gravity_gearth,g_earth,3175,1552,transit,transit,confirmed,confirmed,both_transit,2.208173,1.978,,,18.751851999999996,2.15,,,,,3.8457227907560196,0.5495230140238274,6.998292505706172,0.4409326609513259,4.7928252230552255,10.86974417525469,1.5531994649254608,,,,,,,0.2201584871885789,
secondary_extreme,0,confirmed_source_difference,Source A value 11.6004 vs Source B value 1.03661 (g_earth); factorial width 11.1908. dominant contributor(s): planet-radius contribution 0.0175. Planet radius 2.9143 vs 2.9400 R_earth. Transit evidence confirmed in both sources (both_transit); selection reasons: secondary_extreme.,"forensic_cases.csv (protocol 2.4.0 corrected-input run), source_row_a=2940, source_row_b=1272; frozen inputs kepler.csv (Exoplanet.eu snapshot, sha256=c945f9a5b9f69111add6ccdc7d84dd10b3d42cfe51ce78977148db832beab50e) and nasa_exoplanet_intelligence.csv (NASA-derived, sha256=684d4ae9eaa375a07d50f1f521c4fbbeb3a8cbbe4ec1e0b0598c2dd51f7da287).",Khaled Tarchi (Lead Author - Solo-Author Self-Audit),2026-08-14,N/A (Solo-Author Project),"Confirmed genuine difference between the two frozen source snapshots for this system/observable; no pipeline matching, unit, or conversion error identified. Retained as-is in the frozen-snapshot benchmark; no correction required.",False,False,False,True,False,kepler-67 b,Kepler-67 b,Kepler-67 b,gravity_gearth,g_earth,2940,1272,transit,transit,confirmed,confirmed,both_transit,2.91434,2.94,,,98.52667999999998,8.96,,,,,11.600412018302977,1.0366051182377711,11.190772468906655,1.0366051182377711,11.600412018302977,11.190772468906655,1.0,,,,,,,0.01753240455648264,
secondary_extreme,0,confirmed_source_difference,Source A value 21.9483 vs Source B value 1.94416 (g cm^-3); factorial width 11.2893. dominant contributor(s): planet-radius contribution 0.0263. Planet radius 2.9143 vs 2.9400 R_earth. Transit evidence confirmed in both sources (both_transit); selection reasons: secondary_extreme.,"forensic_cases.csv (protocol 2.4.0 corrected-input run), source_row_a=2940, source_row_b=1272; frozen inputs kepler.csv (Exoplanet.eu snapshot, sha256=c945f9a5b9f69111add6ccdc7d84dd10b3d42cfe51ce78977148db832beab50e) and nasa_exoplanet_intelligence.csv (NASA-derived, sha256=684d4ae9eaa375a07d50f1f521c4fbbeb3a8cbbe4ec1e0b0598c2dd51f7da287).",Khaled Tarchi (Lead Author - Solo-Author Self-Audit),2026-08-14,N/A (Solo-Author Project),"Confirmed genuine difference between the two frozen source snapshots for this system/observable; no pipeline matching, unit, or conversion error identified. Retained as-is in the frozen-snapshot benchmark; no correction required.",False,False,False,True,False,kepler-67 b,Kepler-67 b,Kepler-67 b,density_g_cm3,g cm^-3,2940,1272,transit,transit,confirmed,confirmed,both_transit,2.91434,2.94,,,98.52667999999998,8.96,,,,,21.94825307579849,1.9441634768581875,11.289304287964184,1.9441634768581875,21.94825307579849,11.289304287964184,1.0,,,,,,,0.02629860683472396,
secondary_extreme,0,confirmed_source_difference,Source A value 14.2174 vs Source B value 1.54474 (g_earth); factorial width 11.3394. dominant contributor(s): planet-radius contribution 0.1043. Planet radius 1.0030 vs 0.9520 R_earth. Transit evidence confirmed in both sources (both_transit); selection reasons: secondary_extreme.,"forensic_cases.csv (protocol 2.4.0 corrected-input run), source_row_a=2024, source_row_b=4907; frozen inputs kepler.csv (Exoplanet.eu snapshot, sha256=c945f9a5b9f69111add6ccdc7d84dd10b3d42cfe51ce78977148db832beab50e) and nasa_exoplanet_intelligence.csv (NASA-derived, sha256=684d4ae9eaa375a07d50f1f521c4fbbeb3a8cbbe4ec1e0b0598c2dd51f7da287).",Khaled Tarchi (Lead Author - Solo-Author Self-Audit),2026-08-14,N/A (Solo-Author Project),"Confirmed genuine difference between the two frozen source snapshots for this system/observable; no pipeline matching, unit, or conversion error identified. Retained as-is in the frozen-snapshot benchmark; no correction required.",False,False,False,True,False,kepler-20 f,Kepler-20 f,Kepler-20 f,gravity_gearth,g_earth,2024,4907,transit,transit,confirmed,confirmed,both_transit,1.00298132,0.952,,,14.302259999999999,1.4,,,,,14.21736062909362,1.5447355412753336,9.203750576850046,1.3916894868874616,15.780863816114687,11.33935692178639,1.232036529793406,,,,,,,0.1043342577390437,
secondary_extreme,0,confirmed_source_difference,Source A value 10.2601 vs Source B value 1.80505 (g cm^-3); factorial width 11.3499. dominant contributor(s): planet-radius contribution 0.3458. Planet radius 1.9952 vs 1.7780 R_earth. Transit evidence confirmed in both sources (both_transit); selection reasons: secondary_extreme.,"forensic_cases.csv (protocol 2.4.0 corrected-input run), source_row_a=3174, source_row_b=5612; frozen inputs kepler.csv (Exoplanet.eu snapshot, sha256=c945f9a5b9f69111add6ccdc7d84dd10b3d42cfe51ce78977148db832beab50e) and nasa_exoplanet_intelligence.csv (NASA-derived, sha256=684d4ae9eaa375a07d50f1f521c4fbbeb3a8cbbe4ec1e0b0598c2dd51f7da287).",Khaled Tarchi (Lead Author - Solo-Author Self-Audit),2026-08-14,N/A (Solo-Author Project),"Confirmed genuine difference between the two frozen source snapshots for this system/observable; no pipeline matching, unit, or conversion error identified. Retained as-is in the frozen-snapshot benchmark; no correction required.",False,False,False,True,False,kepler-85 b,Kepler-85 b,Kepler-85 b,density_g_cm3,g cm^-3,3174,5612,transit,transit,confirmed,confirmed,both_transit,1.995202,1.778,,,14.779001999999998,1.84,,,,,10.260092005647621,1.8050503261999156,5.684103017364447,1.2773913482379682,14.49828390272239,11.349915531149714,1.996782165361306,,,,,,,0.34576848377158054,
secondary_extreme,0,confirmed_source_difference,Source A value 446.734 vs Source B value 37.6961 (km s^-1); factorial width 11.8509. dominant contributor(s): planet-radius contribution 0.0050. Planet radius 3.1385 vs 3.1700 R_earth. Transit evidence confirmed in both sources (both_transit); selection reasons: secondary_extreme.,"forensic_cases.csv (protocol 2.4.0 corrected-input run), source_row_a=2752, source_row_b=6108; frozen inputs kepler.csv (Exoplanet.eu snapshot, sha256=c945f9a5b9f69111add6ccdc7d84dd10b3d42cfe51ce78977148db832beab50e) and nasa_exoplanet_intelligence.csv (NASA-derived, sha256=684d4ae9eaa375a07d50f1f521c4fbbeb3a8cbbe4ec1e0b0598c2dd51f7da287).",Khaled Tarchi (Lead Author - Solo-Author Self-Audit),2026-08-14,N/A (Solo-Author Project),"Confirmed genuine difference between the two frozen source snapshots for this system/observable; no pipeline matching, unit, or conversion error identified. Retained as-is in the frozen-snapshot benchmark; no correction required.",False,False,False,True,False,kepler-53 c,Kepler-53 c,Kepler-53 c,escape_velocity_km_s,km s^-1,2752,6108,transit,transit,confirmed,confirmed,both_transit,3.13852,3.17,,,5005.790999999999,36.0,,,,,446.73370614381383,37.696101163146935,11.850926020448947,37.696101163146935,446.73370614381383,11.850926020448947,1.0,,,,,,,0.004990118331559157,
secondary_extreme,0,confirmed_source_difference,Source A value 78.1615 vs Source B value 8.94713 (g cm^-3); factorial width 11.9466. dominant contributor(s): planet-radius contribution 0.1565. Planet radius 1.0030 vs 0.9520 R_earth. Transit evidence confirmed in both sources (both_transit); selection reasons: secondary_extreme.,"forensic_cases.csv (protocol 2.4.0 corrected-input run), source_row_a=2024, source_row_b=4907; frozen inputs kepler.csv (Exoplanet.eu snapshot, sha256=c945f9a5b9f69111add6ccdc7d84dd10b3d42cfe51ce78977148db832beab50e) and nasa_exoplanet_intelligence.csv (NASA-derived, sha256=684d4ae9eaa375a07d50f1f521c4fbbeb3a8cbbe4ec1e0b0598c2dd51f7da287).",Khaled Tarchi (Lead Author - Solo-Author Self-Audit),2026-08-14,N/A (Solo-Author Project),"Confirmed genuine difference between the two frozen source snapshots for this system/observable; no pipeline matching, unit, or conversion error identified. Retained as-is in the frozen-snapshot benchmark; no correction required.",False,False,False,True,False,kepler-20 f,Kepler-20 f,Kepler-20 f,density_g_cm3,g cm^-3,2024,4907,transit,transit,confirmed,confirmed,both_transit,1.00298132,0.952,,,14.302259999999999,1.4,,,,,78.16150205950221,8.947134217008603,8.735925958383,7.65096585318006,91.40302844753828,11.946599972021488,1.3675253234670017,,,,,,,0.15650138660856555,
secondary_extreme,0,confirmed_source_difference,Source A value 12.547 vs Source B value 1.0523 (g_earth); factorial width 11.9618. dominant contributor(s): planet-radius contribution 0.0016. Planet radius 2.8022 vs 2.8000 R_earth. Transit evidence confirmed in both sources (both_transit); selection reasons: secondary_extreme.,"forensic_cases.csv (protocol 2.4.0 corrected-input run), source_row_a=2929, source_row_b=5932; frozen inputs kepler.csv (Exoplanet.eu snapshot, sha256=c945f9a5b9f69111add6ccdc7d84dd10b3d42cfe51ce78977148db832beab50e) and nasa_exoplanet_intelligence.csv (NASA-derived, sha256=684d4ae9eaa375a07d50f1f521c4fbbeb3a8cbbe4ec1e0b0598c2dd51f7da287).",Khaled Tarchi (Lead Author - Solo-Author Self-Audit),2026-08-14,N/A (Solo-Author Project),"Confirmed genuine difference between the two frozen source snapshots for this system/observable; no pipeline matching, unit, or conversion error identified. Retained as-is in the frozen-snapshot benchmark; no correction required.",False,False,False,True,False,kepler-66 b,Kepler-66 b,Kepler-66 b,gravity_gearth,g_earth,2929,5932,transit,transit,confirmed,confirmed,both_transit,2.80225,2.8,,,98.52667999999998,8.25,,,,,12.5470056389965,1.052295918367347,11.923457479967583,1.0506067648044282,12.567178571428569,11.961829099556546,1.003218162152499,,,,,,,0.0016064974758189798,
secondary_extreme,0,confirmed_source_difference,Source A value 24.6888 vs Source B value 2.07227 (g cm^-3); factorial width 11.9714. dominant contributor(s): planet-radius contribution 0.0024. Planet radius 2.8022 vs 2.8000 R_earth. Transit evidence confirmed in both sources (both_transit); selection reasons: secondary_extreme.,"forensic_cases.csv (protocol 2.4.0 corrected-input run), source_row_a=2929, source_row_b=5932; frozen inputs kepler.csv (Exoplanet.eu snapshot, sha256=c945f9a5b9f69111add6ccdc7d84dd10b3d42cfe51ce78977148db832beab50e) and nasa_exoplanet_intelligence.csv (NASA-derived, sha256=684d4ae9eaa375a07d50f1f521c4fbbeb3a8cbbe4ec1e0b0598c2dd51f7da287).",Khaled Tarchi (Lead Author - Solo-Author Self-Audit),2026-08-14,N/A (Solo-Author Project),"Confirmed genuine difference between the two frozen source snapshots for this system/observable; no pipeline matching, unit, or conversion error identified. Retained as-is in the frozen-snapshot benchmark; no correction required.",False,False,False,True,False,kepler-66 b,Kepler-66 b,Kepler-66 b,density_g_cm3,g cm^-3,2929,5932,transit,transit,confirmed,confirmed,both_transit,2.80225,2.8,,,98.52667999999998,8.25,,,,,24.688799747855004,2.0722713192419833,11.913883823323832,2.0672836831587538,24.74836522959183,11.971441283654402,1.004831124861054,,,,,,,0.0024097462137284698,
secondary_extreme,0,confirmed_source_difference,Source A value 9.6031 vs Source B value 1.53189 (g cm^-3); factorial width 12.1346. dominant contributor(s): planet-radius contribution 0.3302. Planet radius 2.2082 vs 1.9780 R_earth. Transit evidence confirmed in both sources (both_transit); selection reasons: secondary_extreme.,"forensic_cases.csv (protocol 2.4.0 corrected-input run), source_row_a=3175, source_row_b=1552; frozen inputs kepler.csv (Exoplanet.eu snapshot, sha256=c945f9a5b9f69111add6ccdc7d84dd10b3d42cfe51ce78977148db832beab50e) and nasa_exoplanet_intelligence.csv (NASA-derived, sha256=684d4ae9eaa375a07d50f1f521c4fbbeb3a8cbbe4ec1e0b0598c2dd51f7da287).",Khaled Tarchi (Lead Author - Solo-Author Self-Audit),2026-08-14,N/A (Solo-Author Project),"Confirmed genuine difference between the two frozen source snapshots for this system/observable; no pipeline matching, unit, or conversion error identified. Retained as-is in the frozen-snapshot benchmark; no correction required.",False,False,False,True,False,kepler-85 c,Kepler-85 c,Kepler-85 c,density_g_cm3,g cm^-3,3175,1552,transit,transit,confirmed,confirmed,both_transit,2.208173,1.978,,,18.751851999999996,2.15,,,,,9.60310422608586,1.5318856922787585,6.268812532481291,1.101047197156025,13.360787805827359,12.134618607029664,1.935712472522543,,,,,,,0.33023773078286833,
primary_extreme,0,confirmed_source_difference,"Source A value 3277.52 vs Source B value 3485.48 (ppm); factorial width 12.4478. dominant contributor(s): planet-radius contribution 1.2300, star-radius contribution 1.2915. Planet radius 11.2090 vs 6.0600 R_earth. Host star radius 1.7930 vs 0.9400 R_sun. Transit evidence confirmed in both sources (both_transit); selection reasons: primary_extreme.","forensic_cases.csv (protocol 2.4.0 corrected-input run), source_row_a=1888, source_row_b=3769; frozen inputs kepler.csv (Exoplanet.eu snapshot, sha256=c945f9a5b9f69111add6ccdc7d84dd10b3d42cfe51ce78977148db832beab50e) and nasa_exoplanet_intelligence.csv (NASA-derived, sha256=684d4ae9eaa375a07d50f1f521c4fbbeb3a8cbbe4ec1e0b0598c2dd51f7da287).",Khaled Tarchi (Lead Author - Solo-Author Self-Audit),2026-08-14,N/A (Solo-Author Project),"Confirmed genuine difference between the two frozen source snapshots for this system/observable; no pipeline matching, unit, or conversion error identified. Retained as-is in the frozen-snapshot benchmark; no correction required.",True,False,False,False,False,kepler-1625 b,Kepler-1625 b,Kepler-1625 b,geometric_area_ratio_ppm,ppm,1888,3769,transit,transit,confirmed,confirmed,both_transit,11.209,6.06,1.793,0.94,,,,,,,3277.5247783293967,3485.4781584633806,1.063448301446551,957.982319175254,11924.793182534475,12.447821785271326,11.705149905584719,416,403,13,138.0,771.0,excluded,1.2300144539154707,1.2915311966821665
secondary_extreme,0,confirmed_source_difference,Source A value 272.428 vs Source B value 21.5959 (km s^-1); factorial width 12.6148. dominant contributor(s): planet-radius contribution 0.0007. Planet radius 1.0985 vs 1.1000 R_earth. Transit evidence confirmed in both sources (both_transit); selection reasons: secondary_extreme.,"forensic_cases.csv (protocol 2.4.0 corrected-input run), source_row_a=2834, source_row_b=151; frozen inputs kepler.csv (Exoplanet.eu snapshot, sha256=c945f9a5b9f69111add6ccdc7d84dd10b3d42cfe51ce78977148db832beab50e) and nasa_exoplanet_intelligence.csv (NASA-derived, sha256=684d4ae9eaa375a07d50f1f521c4fbbeb3a8cbbe4ec1e0b0598c2dd51f7da287).",Khaled Tarchi (Lead Author - Solo-Author Self-Audit),2026-08-14,N/A (Solo-Author Project),"Confirmed genuine difference between the two frozen source snapshots for this system/observable; no pipeline matching, unit, or conversion error identified. Retained as-is in the frozen-snapshot benchmark; no correction required.",False,False,False,True,False,kepler-59 b,Kepler-59 b,Kepler-59 b,escape_velocity_km_s,km s^-1,2834,151,transit,transit,confirmed,confirmed,both_transit,1.098482,1.1,,,651.5473999999999,4.1,,,,,272.4277544273956,21.595854896884095,12.61481685852141,21.595854896884095,272.4277544273956,12.61481685852141,1.0,,,,,,,0.0006904765384658992,
secondary_extreme,0,confirmed_source_difference,Source A value 56.2592 vs Source B value 4.59345 (g_earth); factorial width 12.6445. dominant contributor(s): planet-radius contribution 0.0159. Planet radius 2.8022 vs 2.7800 R_earth. Transit evidence confirmed in both sources (both_transit); selection reasons: secondary_extreme.,"forensic_cases.csv (protocol 2.4.0 corrected-input run), source_row_a=2821, source_row_b=279; frozen inputs kepler.csv (Exoplanet.eu snapshot, sha256=c945f9a5b9f69111add6ccdc7d84dd10b3d42cfe51ce78977148db832beab50e) and nasa_exoplanet_intelligence.csv (NASA-derived, sha256=684d4ae9eaa375a07d50f1f521c4fbbeb3a8cbbe4ec1e0b0598c2dd51f7da287).",Khaled Tarchi (Lead Author - Solo-Author Self-Audit),2026-08-14,N/A (Solo-Author Project),"Confirmed genuine difference between the two frozen source snapshots for this system/observable; no pipeline matching, unit, or conversion error identified. Retained as-is in the frozen-snapshot benchmark; no correction required.",False,False,False,True,False,kepler-58 b,Kepler-58 b,Kepler-58 b,gravity_gearth,g_earth,2821,279,transit,transit,confirmed,confirmed,both_transit,2.80225,2.78,,,441.7809199999999,35.5,,,,,56.2591543167908,4.593447544122976,12.247697133010869,4.520792745522086,57.16330935251801,12.644532180586944,1.03240078875779,,,,,,,0.015943476433044168,
secondary_extreme,0,confirmed_source_difference,Source A value 110.701 vs Source B value 9.11089 (g cm^-3); factorial width 12.7457. dominant contributor(s): planet-radius contribution 0.0239. Planet radius 2.8022 vs 2.7800 R_earth. Transit evidence confirmed in both sources (both_transit); selection reasons: secondary_extreme.,"forensic_cases.csv (protocol 2.4.0 corrected-input run), source_row_a=2821, source_row_b=279; frozen inputs kepler.csv (Exoplanet.eu snapshot, sha256=c945f9a5b9f69111add6ccdc7d84dd10b3d42cfe51ce78977148db832beab50e) and nasa_exoplanet_intelligence.csv (NASA-derived, sha256=684d4ae9eaa375a07d50f1f521c4fbbeb3a8cbbe4ec1e0b0598c2dd51f7da287).",Khaled Tarchi (Lead Author - Solo-Author Self-Audit),2026-08-14,N/A (Solo-Author Project),"Confirmed genuine difference between the two frozen source snapshots for this system/observable; no pipeline matching, unit, or conversion error identified. Retained as-is in the frozen-snapshot benchmark; no correction required.",False,False,False,True,False,kepler-58 b,Kepler-58 b,Kepler-58 b,density_g_cm3,g cm^-3,2821,279,transit,transit,confirmed,confirmed,both_transit,2.80225,2.78,,,441.7809199999999,35.5,,,,,110.70139241780149,9.11088840226406,12.150449827734926,8.89558433359221,113.38075099632522,12.745733921960342,1.0489927618043082,,,,,,,0.023915214649566252,
primary_extreme,0,confirmed_source_difference,"Source A value 3931.78 vs Source B value 3689.13 (ppm); factorial width 13.5672. dominant contributor(s): planet-radius contribution 1.3357, star-radius contribution 1.2720. Planet radius 15.1321 vs 7.7600 R_earth. Host star radius 2.2100 vs 1.1700 R_sun. Transit evidence confirmed in both sources (both_transit); selection reasons: primary_extreme.","forensic_cases.csv (protocol 2.4.0 corrected-input run), source_row_a=321, source_row_b=1785; frozen inputs kepler.csv (Exoplanet.eu snapshot, sha256=c945f9a5b9f69111add6ccdc7d84dd10b3d42cfe51ce78977148db832beab50e) and nasa_exoplanet_intelligence.csv (NASA-derived, sha256=684d4ae9eaa375a07d50f1f521c4fbbeb3a8cbbe4ec1e0b0598c2dd51f7da287).",Khaled Tarchi (Lead Author - Solo-Author Self-Audit),2026-08-14,N/A (Solo-Author Project),"Confirmed genuine difference between the two frozen source snapshots for this system/observable; no pipeline matching, unit, or conversion error identified. Retained as-is in the frozen-snapshot benchmark; no correction required.",True,False,False,False,False,hats-12 b,HATS-12 b,HATS-12 b,geometric_area_ratio_ppm,ppm,321,1785,transit,transit,confirmed,confirmed,both_transit,15.132150000000001,7.76,2.21,1.17,,,,,,,3931.7831072704153,3689.134961149467,1.0657737243761187,1033.979002951926,14028.213802483344,13.567213417713448,12.72991921963117,393,397,4,95.0,721.0,excluded,1.335678570588339,1.2719775334399934
secondary_extreme,0,confirmed_source_difference,Source A value 81.9513 vs Source B value 6.47953 (g_earth); factorial width 13.6367. dominant contributor(s): planet-radius contribution 0.0376. Planet radius 2.9143 vs 2.8600 R_earth. Transit evidence confirmed in both sources (both_transit); selection reasons: secondary_extreme.,"forensic_cases.csv (protocol 2.4.0 corrected-input run), source_row_a=2822, source_row_b=140; frozen inputs kepler.csv (Exoplanet.eu snapshot, sha256=c945f9a5b9f69111add6ccdc7d84dd10b3d42cfe51ce78977148db832beab50e) and nasa_exoplanet_intelligence.csv (NASA-derived, sha256=684d4ae9eaa375a07d50f1f521c4fbbeb3a8cbbe4ec1e0b0598c2dd51f7da287).",Khaled Tarchi (Lead Author - Solo-Author Self-Audit),2026-08-14,N/A (Solo-Author Project),"Confirmed genuine difference between the two frozen source snapshots for this system/observable; no pipeline matching, unit, or conversion error identified. Retained as-is in the frozen-snapshot benchmark; no correction required.",False,False,False,True,False,kepler-58 c,Kepler-58 c,Kepler-58 c,gravity_gearth,g_earth,2822,140,transit,transit,confirmed,confirmed,both_transit,2.91434,2.86,,,696.0433199999999,53.0,,,,,81.951297806721,6.479534451562424,12.647713878110473,6.240155833628598,85.0950315418847,13.636683732047546,1.0781935663210007,,,,,,,0.03764350848117548,
secondary_extreme,0,confirmed_source_difference,Source A value 188.359 vs Source B value 25.1362 (km s^-1); factorial width 13.8606. dominant contributor(s): planet-radius contribution 0.3075. Planet radius 11.2090 vs 6.0600 R_earth. Transit evidence confirmed in both sources (both_transit); selection reasons: secondary_extreme.,"forensic_cases.csv (protocol 2.4.0 corrected-input run), source_row_a=1888, source_row_b=3769; frozen inputs kepler.csv (Exoplanet.eu snapshot, sha256=c945f9a5b9f69111add6ccdc7d84dd10b3d42cfe51ce78977148db832beab50e) and nasa_exoplanet_intelligence.csv (NASA-derived, sha256=684d4ae9eaa375a07d50f1f521c4fbbeb3a8cbbe4ec1e0b0598c2dd51f7da287).",Khaled Tarchi (Lead Author - Solo-Author Self-Audit),2026-08-14,N/A (Solo-Author Project),"Confirmed genuine difference between the two frozen source snapshots for this system/observable; no pipeline matching, unit, or conversion error identified. Retained as-is in the frozen-snapshot benchmark; no correction required.",False,False,False,True,False,kepler-1625 b,Kepler-1625 b,Kepler-1625 b,escape_velocity_km_s,km s^-1,1888,3769,transit,transit,confirmed,confirmed,both_transit,11.209,6.06,,,3178.2799999999997,30.6,,,,,188.35946919770743,25.13617643836456,7.493560910489961,18.482133105870094,256.17372326392916,13.860614561993717,1.8496699669966985,,,,,,,0.3075036134788677,
secondary_extreme,0,confirmed_source_difference,Source A value 155.054 vs Source B value 12.4924 (g cm^-3); factorial width 13.8958. dominant contributor(s): planet-radius contribution 0.0565. Planet radius 2.9143 vs 2.8600 R_earth. Transit evidence confirmed in both sources (both_transit); selection reasons: secondary_extreme.,"forensic_cases.csv (protocol 2.4.0 corrected-input run), source_row_a=2822, source_row_b=140; frozen inputs kepler.csv (Exoplanet.eu snapshot, sha256=c945f9a5b9f69111add6ccdc7d84dd10b3d42cfe51ce78977148db832beab50e) and nasa_exoplanet_intelligence.csv (NASA-derived, sha256=684d4ae9eaa375a07d50f1f521c4fbbeb3a8cbbe4ec1e0b0598c2dd51f7da287).",Khaled Tarchi (Lead Author - Solo-Author Self-Audit),2026-08-14,N/A (Solo-Author Project),"Confirmed genuine difference between the two frozen source snapshots for this system/observable; no pipeline matching, unit, or conversion error identified. Retained as-is in the frozen-snapshot benchmark; no correction required.",False,False,False,True,False,kepler-58 c,Kepler-58 c,Kepler-58 c,density_g_cm3,g cm^-3,2822,140,transit,transit,confirmed,confirmed,both_transit,2.91434,2.86,,,696.0433199999999,53.0,,,,,155.05378785806033,12.492361176893432,12.411888005996532,11.80652197980609,164.06084053215102,13.895780722956443,1.1195541497186408,,,,,,,0.05646526272176322,
secondary_extreme,0,confirmed_source_difference,Source A value 15.5687 vs Source B value 1.09375 (g_earth); factorial width 14.3372. dominant contributor(s): planet-radius contribution 0.0036. Planet radius 1.6029 vs 1.6000 R_earth. Transit evidence confirmed in both sources (both_transit); selection reasons: secondary_extreme.,"forensic_cases.csv (protocol 2.4.0 corrected-input run), source_row_a=1260, source_row_b=291; frozen inputs kepler.csv (Exoplanet.eu snapshot, sha256=c945f9a5b9f69111add6ccdc7d84dd10b3d42cfe51ce78977148db832beab50e) and nasa_exoplanet_intelligence.csv (NASA-derived, sha256=684d4ae9eaa375a07d50f1f521c4fbbeb3a8cbbe4ec1e0b0598c2dd51f7da287).",Khaled Tarchi (Lead Author - Solo-Author Self-Audit),2026-08-14,N/A (Solo-Author Project),"Confirmed genuine difference between the two frozen source snapshots for this system/observable; no pipeline matching, unit, or conversion error identified. Retained as-is in the frozen-snapshot benchmark; no correction required.",False,False,False,True,False,kepler-114 c,Kepler-114 c,Kepler-114 c,gravity_gearth,g_earth,1260,291,transit,transit,confirmed,confirmed,both_transit,1.6028869999999997,1.6,,,39.99974829315962,2.8,,,,,15.568667559971034,1.0937499999999998,14.234210340544948,1.0898135870363372,15.624901677015473,14.33722414812809,1.0072370581239563,,,,,,,0.003605498141985408,
secondary_extreme,0,confirmed_source_difference,Source A value 53.5569 vs Source B value 3.76934 (g cm^-3); factorial width 14.3631. dominant contributor(s): planet-radius contribution 0.0054. Planet radius 1.6029 vs 1.6000 R_earth. Transit evidence confirmed in both sources (both_transit); selection reasons: secondary_extreme.,"forensic_cases.csv (protocol 2.4.0 corrected-input run), source_row_a=1260, source_row_b=291; frozen inputs kepler.csv (Exoplanet.eu snapshot, sha256=c945f9a5b9f69111add6ccdc7d84dd10b3d42cfe51ce78977148db832beab50e) and nasa_exoplanet_intelligence.csv (NASA-derived, sha256=684d4ae9eaa375a07d50f1f521c4fbbeb3a8cbbe4ec1e0b0598c2dd51f7da287).",Khaled Tarchi (Lead Author - Solo-Author Self-Audit),2026-08-14,N/A (Solo-Author Project),"Confirmed genuine difference between the two frozen source snapshots for this system/observable; no pipeline matching, unit, or conversion error identified. Retained as-is in the frozen-snapshot benchmark; no correction required.",False,False,False,True,False,kepler-114 c,Kepler-114 c,Kepler-114 c,density_g_cm3,g cm^-3,1260,291,transit,transit,confirmed,confirmed,both_transit,1.6028869999999997,1.6,,,39.99974829315962,2.8,,,,,53.556883876206044,3.769335937499998,14.208572747094411,3.749005462592412,53.84731740441456,14.363093876950373,1.0108752041887923,,,,,,,0.005408247212978112,
secondary_extreme,0,confirmed_source_difference,Source A value 22.4194 vs Source B value 2.25451 (g_earth); factorial width 14.6683. dominant contributor(s): planet-radius contribution 0.1943. Planet radius 3.6698 vs 3.3300 R_earth. Transit evidence confirmed in both sources (both_transit); selection reasons: secondary_extreme.,"forensic_cases.csv (protocol 2.4.0 corrected-input run), source_row_a=1209, source_row_b=369; frozen inputs kepler.csv (Exoplanet.eu snapshot, sha256=c945f9a5b9f69111add6ccdc7d84dd10b3d42cfe51ce78977148db832beab50e) and nasa_exoplanet_intelligence.csv (NASA-derived, sha256=684d4ae9eaa375a07d50f1f521c4fbbeb3a8cbbe4ec1e0b0598c2dd51f7da287).",Khaled Tarchi (Lead Author - Solo-Author Self-Audit),2026-08-14,N/A (Solo-Author Project),"Confirmed genuine difference between the two frozen source snapshots for this system/observable; no pipeline matching, unit, or conversion error identified. Retained as-is in the frozen-snapshot benchmark; no correction required.",False,False,False,True,False,kepler-11 g,Kepler-11 g,Kepler-11 g,gravity_gearth,g_earth,1209,369,transit,transit,confirmed,confirmed,both_transit,3.6698266,3.33,,,301.93659999999994,25.0,,,,,22.419435425079705,2.254506759011263,9.944275099406656,1.8563032293103678,27.22872421971519,14.66825235758001,1.4750449088496373,,,,,,,0.19434421800300639,
secondary_extreme,0,confirmed_source_difference,Source A value 33.6857 vs Source B value 3.73314 (g cm^-3); factorial width 16.1651. dominant contributor(s): planet-radius contribution 0.2915. Planet radius 3.6698 vs 3.3300 R_earth. Transit evidence confirmed in both sources (both_transit); selection reasons: secondary_extreme.,"forensic_cases.csv (protocol 2.4.0 corrected-input run), source_row_a=1209, source_row_b=369; frozen inputs kepler.csv (Exoplanet.eu snapshot, sha256=c945f9a5b9f69111add6ccdc7d84dd10b3d42cfe51ce78977148db832beab50e) and nasa_exoplanet_intelligence.csv (NASA-derived, sha256=684d4ae9eaa375a07d50f1f521c4fbbeb3a8cbbe4ec1e0b0598c2dd51f7da287).",Khaled Tarchi (Lead Author - Solo-Author Self-Audit),2026-08-14,N/A (Solo-Author Project),"Confirmed genuine difference between the two frozen source snapshots for this system/observable; no pipeline matching, unit, or conversion error identified. Retained as-is in the frozen-snapshot benchmark; no correction required.",False,False,False,True,False,kepler-11 g,Kepler-11 g,Kepler-11 g,density_g_cm3,g cm^-3,1209,369,transit,transit,confirmed,confirmed,both_transit,3.6698266,3.33,,,301.93659999999994,25.0,,,,,33.685724261165205,3.7331382189754057,9.023433445336122,2.789138867328872,45.08684244669954,16.165147951159106,1.791463088755231,,,,,,,0.2915163270045096,
secondary_extreme,0,confirmed_source_difference,Source A value 25.7899 vs Source B value 1.46103 (g_earth); factorial width 17.6519. dominant contributor(s): planet-radius contribution 0.5906. Planet radius 1.1321 vs 1.5210 R_earth. Transit evidence confirmed in both sources (both_transit); selection reasons: secondary_extreme.,"forensic_cases.csv (protocol 2.4.0 corrected-input run), source_row_a=1440, source_row_b=2664; frozen inputs kepler.csv (Exoplanet.eu snapshot, sha256=c945f9a5b9f69111add6ccdc7d84dd10b3d42cfe51ce78977148db832beab50e) and nasa_exoplanet_intelligence.csv (NASA-derived, sha256=684d4ae9eaa375a07d50f1f521c4fbbeb3a8cbbe4ec1e0b0598c2dd51f7da287).",Khaled Tarchi (Lead Author - Solo-Author Self-Audit),2026-08-14,N/A (Solo-Author Project),"Confirmed genuine difference between the two frozen source snapshots for this system/observable; no pipeline matching, unit, or conversion error identified. Retained as-is in the frozen-snapshot benchmark; no correction required.",False,False,False,True,False,kepler-128 c,Kepler-128 c,Kepler-128 c,gravity_gearth,g_earth,1440,2664,transit,transit,confirmed,confirmed,both_transit,1.132109,1.521,,,33.054111999999996,3.38,,,,,25.789861415698418,1.4610271020527432,17.65187064597478,1.4610271020527432,25.789861415698418,17.65187064597478,1.0,,,,,,,0.59057149675815,
secondary_extreme,0,confirmed_source_difference,Source A value 126.822 vs Source B value 11.7816 (km s^-1); factorial width 19.4926. dominant contributor(s): planet-radius contribution 0.2969. Planet radius 3.3627 vs 1.8570 R_earth. Transit evidence confirmed in both sources (both_transit); selection reasons: secondary_extreme.,"forensic_cases.csv (protocol 2.4.0 corrected-input run), source_row_a=2251, source_row_b=5006; frozen inputs kepler.csv (Exoplanet.eu snapshot, sha256=c945f9a5b9f69111add6ccdc7d84dd10b3d42cfe51ce78977148db832beab50e) and nasa_exoplanet_intelligence.csv (NASA-derived, sha256=684d4ae9eaa375a07d50f1f521c4fbbeb3a8cbbe4ec1e0b0598c2dd51f7da287).",Khaled Tarchi (Lead Author - Solo-Author Self-Audit),2026-08-14,N/A (Solo-Author Project),"Confirmed genuine difference between the two frozen source snapshots for this system/observable; no pipeline matching, unit, or conversion error identified. Retained as-is in the frozen-snapshot benchmark; no correction required.",False,False,False,True,False,kepler-28 c,Kepler-28 c,Kepler-28 c,escape_velocity_km_s,km s^-1,2251,5006,transit,transit,confirmed,confirmed,both_transit,3.3627,1.857,,,432.24608,2.06,,,,,126.82249262330049,11.781551155767731,10.764498744396127,8.755165564794876,170.6610427279106,19.492611700474335,1.8108239095315017,,,,,,,0.2968909701712268,
secondary_extreme,0,confirmed_source_difference,Source A value 609.636 vs Source B value 30.6122 (g_earth); factorial width 21.0659. dominant contributor(s): planet-radius contribution 0.0281. Planet radius 2.1297 vs 2.1000 R_earth. Transit evidence confirmed in both sources (both_transit); selection reasons: secondary_extreme.,"forensic_cases.csv (protocol 2.4.0 corrected-input run), source_row_a=2735, source_row_b=278; frozen inputs kepler.csv (Exoplanet.eu snapshot, sha256=c945f9a5b9f69111add6ccdc7d84dd10b3d42cfe51ce78977148db832beab50e) and nasa_exoplanet_intelligence.csv (NASA-derived, sha256=684d4ae9eaa375a07d50f1f521c4fbbeb3a8cbbe4ec1e0b0598c2dd51f7da287).",Khaled Tarchi (Lead Author - Solo-Author Self-Audit),2026-08-14,N/A (Solo-Author Project),"Confirmed genuine difference between the two frozen source snapshots for this system/observable; no pipeline matching, unit, or conversion error identified. Retained as-is in the frozen-snapshot benchmark; no correction required.",False,False,False,True,False,kepler-52 b,Kepler-52 b,Kepler-52 b,gravity_gearth,g_earth,2735,278,transit,transit,confirmed,confirmed,both_transit,2.1297099999999998,2.1,,,2765.1035999999995,135.0,,,,,609.6358070060181,30.612244897959187,19.914769695529923,29.76410502153065,627.0076190476191,21.065898625006753,1.0578027738746691,,,,,,,0.028096950975859958,
secondary_extreme,0,confirmed_source_difference,Source A value 419.678 vs Source B value 19.7706 (km s^-1); factorial width 21.2273. dominant contributor(s): planet-radius contribution 0.1680. Planet radius 1.5693 vs 2.1960 R_earth. Transit evidence confirmed in both sources (both_transit); selection reasons: secondary_extreme.,"forensic_cases.csv (protocol 2.4.0 corrected-input run), source_row_a=2810, source_row_b=4998; frozen inputs kepler.csv (Exoplanet.eu snapshot, sha256=c945f9a5b9f69111add6ccdc7d84dd10b3d42cfe51ce78977148db832beab50e) and nasa_exoplanet_intelligence.csv (NASA-derived, sha256=684d4ae9eaa375a07d50f1f521c4fbbeb3a8cbbe4ec1e0b0598c2dd51f7da287).",Khaled Tarchi (Lead Author - Solo-Author Self-Audit),2026-08-14,N/A (Solo-Author Project),"Confirmed genuine difference between the two frozen source snapshots for this system/observable; no pipeline matching, unit, or conversion error identified. Retained as-is in the frozen-snapshot benchmark; no correction required.",False,False,False,True,False,kepler-57 c,Kepler-57 c,Kepler-57 c,escape_velocity_km_s,km s^-1,2810,4998,transit,transit,confirmed,confirmed,both_transit,1.56926,2.196,,,2208.9046,6.86,,,,,419.6776509360427,19.77063894236692,21.227318558567507,19.77063894236692,419.6776509360427,21.227318558567507,1.0,,,,,,,0.1680166764905793,
secondary_extreme,0,confirmed_source_difference,Source A value 1578.4 vs Source B value 80.379 (g cm^-3); factorial width 21.3639. dominant contributor(s): planet-radius contribution 0.0421. Planet radius 2.1297 vs 2.1000 R_earth. Transit evidence confirmed in both sources (both_transit); selection reasons: secondary_extreme.,"forensic_cases.csv (protocol 2.4.0 corrected-input run), source_row_a=2735, source_row_b=278; frozen inputs kepler.csv (Exoplanet.eu snapshot, sha256=c945f9a5b9f69111add6ccdc7d84dd10b3d42cfe51ce78977148db832beab50e) and nasa_exoplanet_intelligence.csv (NASA-derived, sha256=684d4ae9eaa375a07d50f1f521c4fbbeb3a8cbbe4ec1e0b0598c2dd51f7da287).",Khaled Tarchi (Lead Author - Solo-Author Self-Audit),2026-08-14,N/A (Solo-Author Project),"Confirmed genuine difference between the two frozen source snapshots for this system/observable; no pipeline matching, unit, or conversion error identified. Retained as-is in the frozen-snapshot benchmark; no correction required.",False,False,False,True,False,kepler-52 b,Kepler-52 b,Kepler-52 b,density_g_cm3,g cm^-3,2735,278,transit,transit,confirmed,confirmed,both_transit,2.1297099999999998,2.1,,,2765.1035999999995,135.0,,,,,1578.3988617375994,80.37900874635568,19.636953557344818,77.06179484001106,1646.3428625850331,21.3639309336491,1.0879452798653864,,,,,,,0.04214542646378994,
secondary_extreme,0,confirmed_source_difference,Source A value 129.39 vs Source B value 10.2036 (km s^-1); factorial width 23.2184. dominant contributor(s): planet-radius contribution 0.3024. Planet radius 3.5869 vs 1.9590 R_earth. Transit evidence confirmed in both sources (both_transit); selection reasons: secondary_extreme.,"forensic_cases.csv (protocol 2.4.0 corrected-input run), source_row_a=2250, source_row_b=5001; frozen inputs kepler.csv (Exoplanet.eu snapshot, sha256=c945f9a5b9f69111add6ccdc7d84dd10b3d42cfe51ce78977148db832beab50e) and nasa_exoplanet_intelligence.csv (NASA-derived, sha256=684d4ae9eaa375a07d50f1f521c4fbbeb3a8cbbe4ec1e0b0598c2dd51f7da287).",Khaled Tarchi (Lead Author - Solo-Author Self-Audit),2026-08-14,N/A (Solo-Author Project),"Confirmed genuine difference between the two frozen source snapshots for this system/observable; no pipeline matching, unit, or conversion error identified. Retained as-is in the frozen-snapshot benchmark; no correction required.",False,False,False,True,False,kepler-28 b,Kepler-28 b,Kepler-28 b,escape_velocity_km_s,km s^-1,2250,5001,transit,transit,confirmed,confirmed,both_transit,3.58688,1.959,,,479.92028,1.63,,,,,129.39006838701388,10.20355240164267,12.680884391418758,7.540674482137037,175.08226169509277,23.21838213674942,1.830974987238387,,,,,,,0.3024243024440948,
secondary_extreme,0,confirmed_source_difference,Source A value 125.611 vs Source B value 5.29658 (g cm^-3); factorial width 23.7155. dominant contributor(s): planet-radius contribution 0.8859. Planet radius 1.1321 vs 1.5210 R_earth. Transit evidence confirmed in both sources (both_transit); selection reasons: secondary_extreme.,"forensic_cases.csv (protocol 2.4.0 corrected-input run), source_row_a=1440, source_row_b=2664; frozen inputs kepler.csv (Exoplanet.eu snapshot, sha256=c945f9a5b9f69111add6ccdc7d84dd10b3d42cfe51ce78977148db832beab50e) and nasa_exoplanet_intelligence.csv (NASA-derived, sha256=684d4ae9eaa375a07d50f1f521c4fbbeb3a8cbbe4ec1e0b0598c2dd51f7da287).",Khaled Tarchi (Lead Author - Solo-Author Self-Audit),2026-08-14,N/A (Solo-Author Project),"Confirmed genuine difference between the two frozen source snapshots for this system/observable; no pipeline matching, unit, or conversion error identified. Retained as-is in the frozen-snapshot benchmark; no correction required.",False,False,False,True,False,kepler-128 c,Kepler-128 c,Kepler-128 c,density_g_cm3,g cm^-3,1440,2664,transit,transit,confirmed,confirmed,both_transit,1.132109,1.521,,,33.054111999999996,3.38,,,,,125.61095781957489,5.296583458723753,23.71546843327598,5.296583458723753,125.61095781957489,23.71546843327599,1.0000000000000004,,,,,,,0.8858572451372251,
secondary_extreme,0,confirmed_source_difference,Source A value 3.59239 vs Source B value 113.224 (g_earth); factorial width 31.7633. dominant contributor(s): planet-radius contribution 0.0039. Planet radius 0.7286 vs 0.7300 R_earth. Transit evidence confirmed in both sources (both_transit); selection reasons: secondary_extreme.,"forensic_cases.csv (protocol 2.4.0 corrected-input run), source_row_a=2596, source_row_b=258; frozen inputs kepler.csv (Exoplanet.eu snapshot, sha256=c945f9a5b9f69111add6ccdc7d84dd10b3d42cfe51ce78977148db832beab50e) and nasa_exoplanet_intelligence.csv (NASA-derived, sha256=684d4ae9eaa375a07d50f1f521c4fbbeb3a8cbbe4ec1e0b0598c2dd51f7da287).",Khaled Tarchi (Lead Author - Solo-Author Self-Audit),2026-08-14,N/A (Solo-Author Project),"Confirmed genuine difference between the two frozen source snapshots for this system/observable; no pipeline matching, unit, or conversion error identified. Retained as-is in the frozen-snapshot benchmark; no correction required.",False,False,False,True,False,kepler-42 c,Kepler-42 c,Kepler-42 c,gravity_gearth,g_earth,2596,258,transit,transit,confirmed,confirmed,both_transit,0.728585,0.73,,,1.906968,60.337,,,,,3.5923856572809236,113.22386939388258,31.517737847662413,3.5784725089134923,113.66408529317697,31.76329705203968,1.0077911430561466,,,,,,,0.003880474415682733,
secondary_extreme,0,confirmed_source_difference,Source A value 27.1875 vs Source B value 855.228 (g cm^-3); factorial width 31.8250. dominant contributor(s): planet-radius contribution 0.0058. Planet radius 0.7286 vs 0.7300 R_earth. Transit evidence confirmed in both sources (both_transit); selection reasons: secondary_extreme.,"forensic_cases.csv (protocol 2.4.0 corrected-input run), source_row_a=2596, source_row_b=258; frozen inputs kepler.csv (Exoplanet.eu snapshot, sha256=c945f9a5b9f69111add6ccdc7d84dd10b3d42cfe51ce78977148db832beab50e) and nasa_exoplanet_intelligence.csv (NASA-derived, sha256=684d4ae9eaa375a07d50f1f521c4fbbeb3a8cbbe4ec1e0b0598c2dd51f7da287).",Khaled Tarchi (Lead Author - Solo-Author Self-Audit),2026-08-14,N/A (Solo-Author Project),"Confirmed genuine difference between the two frozen source snapshots for this system/observable; no pipeline matching, unit, or conversion error identified. Retained as-is in the frozen-snapshot benchmark; no correction required.",False,False,False,True,False,kepler-42 c,Kepler-42 c,Kepler-42 c,density_g_cm3,g cm^-3,2596,258,transit,transit,confirmed,confirmed,both_transit,0.728585,0.73,,,1.906968,60.337,,,,,27.187513487440743,855.2279669011892,31.456645246217953,27.02972248513562,860.220518273884,31.824985208299594,1.0117094483279627,,,,,,,0.0058207116235241,
secondary_extreme,0,confirmed_source_difference,Source A value 0.223106 vs Source B value 7.88221 (g_earth); factorial width 35.6315. dominant contributor(s): planet-radius contribution 0.0043. Planet radius 0.8183 vs 0.8200 R_earth. Transit evidence confirmed in both sources (both_transit); selection reasons: secondary_extreme.,"forensic_cases.csv (protocol 2.4.0 corrected-input run), source_row_a=1148, source_row_b=777; frozen inputs kepler.csv (Exoplanet.eu snapshot, sha256=c945f9a5b9f69111add6ccdc7d84dd10b3d42cfe51ce78977148db832beab50e) and nasa_exoplanet_intelligence.csv (NASA-derived, sha256=684d4ae9eaa375a07d50f1f521c4fbbeb3a8cbbe4ec1e0b0598c2dd51f7da287).",Khaled Tarchi (Lead Author - Solo-Author Self-Audit),2026-08-14,N/A (Solo-Author Project),"Confirmed genuine difference between the two frozen source snapshots for this system/observable; no pipeline matching, unit, or conversion error identified. Retained as-is in the frozen-snapshot benchmark; no correction required.",False,False,False,True,False,kepler-106 b,Kepler-106 b,Kepler-106 b,gravity_gearth,g_earth,1148,777,transit,transit,confirmed,confirmed,both_transit,0.8182569999999999,0.82,,,0.14937915999999998,5.3,,,,,0.22310564267672467,7.882212968471147,35.32950970627088,0.22215817965496729,7.91582913029261,35.63149978356252,1.008547813988996,,,,,,,0.004255744141898832,
secondary_extreme,0,confirmed_source_difference,Source A value 1.50345 vs Source B value 53.0031 (g cm^-3); factorial width 35.7074. dominant contributor(s): planet-radius contribution 0.0064. Planet radius 0.8183 vs 0.8200 R_earth. Transit evidence confirmed in both sources (both_transit); selection reasons: secondary_extreme.,"forensic_cases.csv (protocol 2.4.0 corrected-input run), source_row_a=1148, source_row_b=777; frozen inputs kepler.csv (Exoplanet.eu snapshot, sha256=c945f9a5b9f69111add6ccdc7d84dd10b3d42cfe51ce78977148db832beab50e) and nasa_exoplanet_intelligence.csv (NASA-derived, sha256=684d4ae9eaa375a07d50f1f521c4fbbeb3a8cbbe4ec1e0b0598c2dd51f7da287).",Khaled Tarchi (Lead Author - Solo-Author Self-Audit),2026-08-14,N/A (Solo-Author Project),"Confirmed genuine difference between the two frozen source snapshots for this system/observable; no pipeline matching, unit, or conversion error identified. Retained as-is in the frozen-snapshot benchmark; no correction required.",False,False,False,True,False,kepler-106 b,Kepler-106 b,Kepler-106 b,density_g_cm3,g cm^-3,1148,777,transit,transit,confirmed,confirmed,both_transit,0.8182569999999999,0.82,,,0.14937915999999998,5.3,,,,,1.50344514464216,53.003075985548676,35.254412955761104,1.4938782958749872,53.34250953482031,35.70739978090168,1.0128490814953863,,,,,,,0.006383616212848248,
secondary_extreme,0,confirmed_source_difference,Source A value 91.7783 vs Source B value 2.02064 (g_earth); factorial width 45.8779. dominant contributor(s): planet-radius contribution 0.0050. Planet radius 2.3539 vs 2.3480 R_earth. Transit evidence confirmed in both sources (both_transit); selection reasons: secondary_extreme.,"forensic_cases.csv (protocol 2.4.0 corrected-input run), source_row_a=2138, source_row_b=5053; frozen inputs kepler.csv (Exoplanet.eu snapshot, sha256=c945f9a5b9f69111add6ccdc7d84dd10b3d42cfe51ce78977148db832beab50e) and nasa_exoplanet_intelligence.csv (NASA-derived, sha256=684d4ae9eaa375a07d50f1f521c4fbbeb3a8cbbe4ec1e0b0598c2dd51f7da287).",Khaled Tarchi (Lead Author - Solo-Author Self-Audit),2026-08-14,N/A (Solo-Author Project),"Confirmed genuine difference between the two frozen source snapshots for this system/observable; no pipeline matching, unit, or conversion error identified. Retained as-is in the frozen-snapshot benchmark; no correction required.",False,False,False,True,False,kepler-24 b,Kepler-24 b,Kepler-24 b,gravity_gearth,g_earth,2138,5053,transit,transit,confirmed,confirmed,both_transit,2.35389,2.348,,,508.52479999999997,11.14,,,,,91.77825791088071,2.0206402781445805,45.420384273025874,2.0105406720128722,92.23929024375383,45.87785341910421,1.0100718907028274,,,,,,,0.005010753616879748,
secondary_extreme,0,confirmed_source_difference,Source A value 214.991 vs Source B value 4.74523 (g cm^-3); factorial width 45.9929. dominant contributor(s): planet-radius contribution 0.0075. Planet radius 2.3539 vs 2.3480 R_earth. Transit evidence confirmed in both sources (both_transit); selection reasons: secondary_extreme.,"forensic_cases.csv (protocol 2.4.0 corrected-input run), source_row_a=2138, source_row_b=5053; frozen inputs kepler.csv (Exoplanet.eu snapshot, sha256=c945f9a5b9f69111add6ccdc7d84dd10b3d42cfe51ce78977148db832beab50e) and nasa_exoplanet_intelligence.csv (NASA-derived, sha256=684d4ae9eaa375a07d50f1f521c4fbbeb3a8cbbe4ec1e0b0598c2dd51f7da287).",Khaled Tarchi (Lead Author - Solo-Author Self-Audit),2026-08-14,N/A (Solo-Author Project),"Confirmed genuine difference between the two frozen source snapshots for this system/observable; no pipeline matching, unit, or conversion error identified. Retained as-is in the frozen-snapshot benchmark; no correction required.",False,False,False,True,False,kepler-24 b,Kepler-24 b,Kepler-24 b,density_g_cm3,g cm^-3,2138,5053,transit,transit,confirmed,confirmed,both_transit,2.35389,2.348,,,508.52479999999997,11.14,,,,,214.99106335495551,4.7452344521674705,45.3067315265644,4.709702350355786,216.6130521312002,45.992938835049,1.0151458135549298,,,,,,,0.007516130425319623,
secondary_extreme,0,confirmed_source_difference,Source A value 688.915 vs Source B value 13.2901 (g_earth); factorial width 53.6053. dominant contributor(s): planet-radius contribution 0.0168. Planet radius 2.9143 vs 2.8900 R_earth. Transit evidence confirmed in both sources (both_transit); selection reasons: secondary_extreme.,"forensic_cases.csv (protocol 2.4.0 corrected-input run), source_row_a=2751, source_row_b=152; frozen inputs kepler.csv (Exoplanet.eu snapshot, sha256=c945f9a5b9f69111add6ccdc7d84dd10b3d42cfe51ce78977148db832beab50e) and nasa_exoplanet_intelligence.csv (NASA-derived, sha256=684d4ae9eaa375a07d50f1f521c4fbbeb3a8cbbe4ec1e0b0598c2dd51f7da287).",Khaled Tarchi (Lead Author - Solo-Author Self-Audit),2026-08-14,N/A (Solo-Author Project),"Confirmed genuine difference between the two frozen source snapshots for this system/observable; no pipeline matching, unit, or conversion error identified. Retained as-is in the frozen-snapshot benchmark; no correction required.",False,False,False,True,False,kepler-53 b,Kepler-53 b,Kepler-53 b,gravity_gearth,g_earth,2751,152,transit,transit,confirmed,confirmed,both_transit,2.91434,2.89,,,5851.213479999999,111.0,,,,,688.9147911514779,13.290070760647021,51.83680384843477,13.069005613825928,700.5679386022686,53.60529785534147,1.0341165711543017,,,,,,,0.01677375389601643,
secondary_extreme,0,confirmed_source_difference,Source A value 1303.44 vs Source B value 25.3569 (g cm^-3); factorial width 54.0568. dominant contributor(s): planet-radius contribution 0.0252. Planet radius 2.9143 vs 2.8900 R_earth. Transit evidence confirmed in both sources (both_transit); selection reasons: secondary_extreme.,"forensic_cases.csv (protocol 2.4.0 corrected-input run), source_row_a=2751, source_row_b=152; frozen inputs kepler.csv (Exoplanet.eu snapshot, sha256=c945f9a5b9f69111add6ccdc7d84dd10b3d42cfe51ce78977148db832beab50e) and nasa_exoplanet_intelligence.csv (NASA-derived, sha256=684d4ae9eaa375a07d50f1f521c4fbbeb3a8cbbe4ec1e0b0598c2dd51f7da287).",Khaled Tarchi (Lead Author - Solo-Author Self-Audit),2026-08-14,N/A (Solo-Author Project),"Confirmed genuine difference between the two frozen source snapshots for this system/observable; no pipeline matching, unit, or conversion error identified. Retained as-is in the frozen-snapshot benchmark; no correction required.",False,False,False,True,False,kepler-53 b,Kepler-53 b,Kepler-53 b,density_g_cm3,g cm^-3,2751,152,transit,transit,confirmed,confirmed,both_transit,2.91434,2.89,,,5851.213479999999,111.0,,,,,1303.4430294369388,25.356903174466307,51.4038729599074,24.726866787895755,1336.654537526958,54.056769464268484,1.0516088837592104,,,,,,,0.025160630844024645,
secondary_extreme,0,confirmed_source_difference,Source A value 38.7924 vs Source B value 1.00401 (g_earth); factorial width 60.2590. dominant contributor(s): planet-radius contribution 0.2222. Planet radius 3.6990 vs 3.3100 R_earth. Transit evidence confirmed in both sources (both_transit); selection reasons: secondary_extreme.,"forensic_cases.csv (protocol 2.4.0 corrected-input run), source_row_a=1007, source_row_b=4604; frozen inputs kepler.csv (Exoplanet.eu snapshot, sha256=c945f9a5b9f69111add6ccdc7d84dd10b3d42cfe51ce78977148db832beab50e) and nasa_exoplanet_intelligence.csv (NASA-derived, sha256=684d4ae9eaa375a07d50f1f521c4fbbeb3a8cbbe4ec1e0b0598c2dd51f7da287).",Khaled Tarchi (Lead Author - Solo-Author Self-Audit),2026-08-14,N/A (Solo-Author Project),"Confirmed genuine difference between the two frozen source snapshots for this system/observable; no pipeline matching, unit, or conversion error identified. Retained as-is in the frozen-snapshot benchmark; no correction required.",False,False,False,True,False,k2-95 b,K2-95 b,K2-95 b,gravity_gearth,g_earth,1007,4604,transit,transit,confirmed,confirmed,both_transit,3.69897,3.31,,,530.77276,11.0,,,,,38.79243204983144,1.0040069002656056,38.63761498010529,0.8039537532938691,48.445410319365465,60.25895161367226,1.559592941870245,,,,,,,0.22221242625675153,
secondary_extreme,0,confirmed_source_difference,Source A value 64.7587 vs Source B value 1.58065 (g_earth); factorial width 63.2455. dominant contributor(s): planet-radius contribution 0.2171. Planet radius 2.8022 vs 2.5140 R_earth. Transit evidence confirmed in both sources (both_transit); selection reasons: secondary_extreme.,"forensic_cases.csv (protocol 2.4.0 corrected-input run), source_row_a=2139, source_row_b=5049; frozen inputs kepler.csv (Exoplanet.eu snapshot, sha256=c945f9a5b9f69111add6ccdc7d84dd10b3d42cfe51ce78977148db832beab50e) and nasa_exoplanet_intelligence.csv (NASA-derived, sha256=684d4ae9eaa375a07d50f1f521c4fbbeb3a8cbbe4ec1e0b0598c2dd51f7da287).",Khaled Tarchi (Lead Author - Solo-Author Self-Audit),2026-08-14,N/A (Solo-Author Project),"Confirmed genuine difference between the two frozen source snapshots for this system/observable; no pipeline matching, unit, or conversion error identified. Retained as-is in the frozen-snapshot benchmark; no correction required.",False,False,False,True,False,kepler-24 c,Kepler-24 c,Kepler-24 c,gravity_gearth,g_earth,2139,5049,transit,transit,confirmed,confirmed,both_transit,2.80225,2.514,,,508.52479999999997,9.99,,,,,64.75873878191746,1.5806471824607975,40.96976194339535,1.2721892824722714,80.46028952266673,63.245533216807644,1.5437124898160002,,,,,,,0.2170951115020241,
secondary_extreme,0,confirmed_source_difference,Source A value 57.8273 vs Source B value 1.67254 (g cm^-3); factorial width 67.3402. dominant contributor(s): planet-radius contribution 0.3333. Planet radius 3.6990 vs 3.3100 R_earth. Transit evidence confirmed in both sources (both_transit); selection reasons: secondary_extreme.,"forensic_cases.csv (protocol 2.4.0 corrected-input run), source_row_a=1007, source_row_b=4604; frozen inputs kepler.csv (Exoplanet.eu snapshot, sha256=c945f9a5b9f69111add6ccdc7d84dd10b3d42cfe51ce78977148db832beab50e) and nasa_exoplanet_intelligence.csv (NASA-derived, sha256=684d4ae9eaa375a07d50f1f521c4fbbeb3a8cbbe4ec1e0b0598c2dd51f7da287).",Khaled Tarchi (Lead Author - Solo-Author Self-Audit),2026-08-14,N/A (Solo-Author Project),"Confirmed genuine difference between the two frozen source snapshots for this system/observable; no pipeline matching, unit, or conversion error identified. Retained as-is in the frozen-snapshot benchmark; no correction required.",False,False,False,True,False,k2-95 b,K2-95 b,K2-95 b,density_g_cm3,g cm^-3,1007,4604,transit,transit,confirmed,confirmed,both_transit,3.69897,3.31,,,530.77276,11.0,,,,,57.827306067032325,1.6725359661826442,34.57462633764222,1.1984419975459102,80.7033209972752,67.34019765873865,1.947676802089507,,,,,,,0.3333186393851273,
secondary_extreme,0,confirmed_source_difference,Source A value 127.426 vs Source B value 3.46686 (g cm^-3); factorial width 70.4971. dominant contributor(s): planet-radius contribution 0.3256. Planet radius 2.8022 vs 2.5140 R_earth. Transit evidence confirmed in both sources (both_transit); selection reasons: secondary_extreme.,"forensic_cases.csv (protocol 2.4.0 corrected-input run), source_row_a=2139, source_row_b=5049; frozen inputs kepler.csv (Exoplanet.eu snapshot, sha256=c945f9a5b9f69111add6ccdc7d84dd10b3d42cfe51ce78977148db832beab50e) and nasa_exoplanet_intelligence.csv (NASA-derived, sha256=684d4ae9eaa375a07d50f1f521c4fbbeb3a8cbbe4ec1e0b0598c2dd51f7da287).",Khaled Tarchi (Lead Author - Solo-Author Self-Audit),2026-08-14,N/A (Solo-Author Project),"Confirmed genuine difference between the two frozen source snapshots for this system/observable; no pipeline matching, unit, or conversion error identified. Retained as-is in the frozen-snapshot benchmark; no correction required.",False,False,False,True,False,kepler-24 c,Kepler-24 c,Kepler-24 c,density_g_cm3,g cm^-3,2139,5049,transit,transit,confirmed,confirmed,both_transit,2.80225,2.514,,,508.52479999999997,9.99,,,,,127.4260632147355,3.4668610040130607,36.755457766329144,2.5032926054249627,176.47495482417835,70.49713423102601,1.918004522735311,,,,,,,0.32564266725303614,
secondary_extreme,0,confirmed_source_difference,Source A value 1028.65 vs Source B value 13.4097 (g_earth); factorial width 76.7095. dominant contributor(s): planet-radius contribution 0.0513. Planet radius 1.7934 vs 1.8400 R_earth. Transit evidence confirmed in both sources (both_transit); selection reasons: secondary_extreme.,"forensic_cases.csv (protocol 2.4.0 corrected-input run), source_row_a=2736, source_row_b=161; frozen inputs kepler.csv (Exoplanet.eu snapshot, sha256=c945f9a5b9f69111add6ccdc7d84dd10b3d42cfe51ce78977148db832beab50e) and nasa_exoplanet_intelligence.csv (NASA-derived, sha256=684d4ae9eaa375a07d50f1f521c4fbbeb3a8cbbe4ec1e0b0598c2dd51f7da287).",Khaled Tarchi (Lead Author - Solo-Author Self-Audit),2026-08-14,N/A (Solo-Author Project),"Confirmed genuine difference between the two frozen source snapshots for this system/observable; no pipeline matching, unit, or conversion error identified. Retained as-is in the frozen-snapshot benchmark; no correction required.",False,False,False,True,False,kepler-52 c,Kepler-52 c,Kepler-52 c,gravity_gearth,g_earth,2736,161,transit,transit,confirmed,confirmed,both_transit,1.79344,1.84,,,3308.5894799999996,45.4,,,,,1028.6536723629158,13.409735349716447,76.70946857162751,13.409735349716447,1028.6536723629158,76.70946857162751,1.0,,,,,,,0.0512600166604924,
secondary_extreme,0,confirmed_source_difference,Source A value 3162.64 vs Source B value 40.1855 (g cm^-3); factorial width 78.7009. dominant contributor(s): planet-radius contribution 0.0769. Planet radius 1.7934 vs 1.8400 R_earth. Transit evidence confirmed in both sources (both_transit); selection reasons: secondary_extreme.,"forensic_cases.csv (protocol 2.4.0 corrected-input run), source_row_a=2736, source_row_b=161; frozen inputs kepler.csv (Exoplanet.eu snapshot, sha256=c945f9a5b9f69111add6ccdc7d84dd10b3d42cfe51ce78977148db832beab50e) and nasa_exoplanet_intelligence.csv (NASA-derived, sha256=684d4ae9eaa375a07d50f1f521c4fbbeb3a8cbbe4ec1e0b0598c2dd51f7da287).",Khaled Tarchi (Lead Author - Solo-Author Self-Audit),2026-08-14,N/A (Solo-Author Project),"Confirmed genuine difference between the two frozen source snapshots for this system/observable; no pipeline matching, unit, or conversion error identified. Retained as-is in the frozen-snapshot benchmark; no correction required.",False,False,False,True,False,kepler-52 c,Kepler-52 c,Kepler-52 c,density_g_cm3,g cm^-3,2736,161,transit,transit,confirmed,confirmed,both_transit,1.79344,1.84,,,3308.5894799999996,45.4,,,,,3162.635131038188,40.18547865126984,78.70094464927446,40.18547865126984,3162.635131038188,78.70094464927446,1.0,,,,,,,0.0768900249907386,
secondary_extreme,0,confirmed_source_difference,Source A value 106.963 vs Source B value 0.97184 (g_earth); factorial width 118.6687. dominant contributor(s): planet-radius contribution 0.0376. Planet radius 2.0176 vs 1.9800 R_earth. Transit evidence confirmed in both sources (both_transit); selection reasons: secondary_extreme.,"forensic_cases.csv (protocol 2.4.0 corrected-input run), source_row_a=2835, source_row_b=139; frozen inputs kepler.csv (Exoplanet.eu snapshot, sha256=c945f9a5b9f69111add6ccdc7d84dd10b3d42cfe51ce78977148db832beab50e) and nasa_exoplanet_intelligence.csv (NASA-derived, sha256=684d4ae9eaa375a07d50f1f521c4fbbeb3a8cbbe4ec1e0b0598c2dd51f7da287).",Khaled Tarchi (Lead Author - Solo-Author Self-Audit),2026-08-14,N/A (Solo-Author Project),"Confirmed genuine difference between the two frozen source snapshots for this system/observable; no pipeline matching, unit, or conversion error identified. Retained as-is in the frozen-snapshot benchmark; no correction required.",False,False,False,True,False,kepler-59 c,Kepler-59 c,Kepler-59 c,gravity_gearth,g_earth,2835,139,transit,transit,confirmed,confirmed,both_transit,2.01762,1.98,,,435.42436,3.81,,,,,106.96309815203858,0.9718396082032447,110.06250131108979,0.9359361611262795,111.06630956024892,118.66868080681363,1.0781935663209998,,,,,,,0.03764350848117548,
secondary_extreme,0,confirmed_source_difference,Source A value 292.322 vs Source B value 2.70643 (g cm^-3); factorial width 120.9234. dominant contributor(s): planet-radius contribution 0.0565. Planet radius 2.0176 vs 1.9800 R_earth. Transit evidence confirmed in both sources (both_transit); selection reasons: secondary_extreme.,"forensic_cases.csv (protocol 2.4.0 corrected-input run), source_row_a=2835, source_row_b=139; frozen inputs kepler.csv (Exoplanet.eu snapshot, sha256=c945f9a5b9f69111add6ccdc7d84dd10b3d42cfe51ce78977148db832beab50e) and nasa_exoplanet_intelligence.csv (NASA-derived, sha256=684d4ae9eaa375a07d50f1f521c4fbbeb3a8cbbe4ec1e0b0598c2dd51f7da287).",Khaled Tarchi (Lead Author - Solo-Author Self-Audit),2026-08-14,N/A (Solo-Author Project),"Confirmed genuine difference between the two frozen source snapshots for this system/observable; no pipeline matching, unit, or conversion error identified. Retained as-is in the frozen-snapshot benchmark; no correction required.",False,False,False,True,False,kepler-59 c,Kepler-59 c,Kepler-59 c,density_g_cm3,g cm^-3,2835,139,transit,transit,confirmed,confirmed,both_transit,2.01762,1.98,,,435.42436,3.81,,,,,292.3219056166872,2.7064260604205517,108.01030550646678,2.5578414133733345,309.302843896572,120.92338574214303,1.1195541497186408,,,,,,,0.05646526272176322,
secondary_extreme,0,confirmed_source_difference,Source A value 508.186 vs Source B value 3.58248 (g_earth); factorial width 141.8531. dominant contributor(s): planet-radius contribution 0.0200. Planet radius 3.1385 vs 3.1700 R_earth. Transit evidence confirmed in both sources (both_transit); selection reasons: secondary_extreme.,"forensic_cases.csv (protocol 2.4.0 corrected-input run), source_row_a=2752, source_row_b=6108; frozen inputs kepler.csv (Exoplanet.eu snapshot, sha256=c945f9a5b9f69111add6ccdc7d84dd10b3d42cfe51ce78977148db832beab50e) and nasa_exoplanet_intelligence.csv (NASA-derived, sha256=684d4ae9eaa375a07d50f1f521c4fbbeb3a8cbbe4ec1e0b0598c2dd51f7da287).",Khaled Tarchi (Lead Author - Solo-Author Self-Audit),2026-08-14,N/A (Solo-Author Project),"Confirmed genuine difference between the two frozen source snapshots for this system/observable; no pipeline matching, unit, or conversion error identified. Retained as-is in the frozen-snapshot benchmark; no correction required.",False,False,False,True,False,kepler-53 c,Kepler-53 c,Kepler-53 c,gravity_gearth,g_earth,2752,6108,transit,transit,confirmed,confirmed,both_transit,3.13852,3.17,,,5005.790999999999,36.0,,,,,508.1862522995059,3.582481664659814,141.85313418701395,3.582481664659814,508.1862522995059,141.85313418701406,1.0000000000000009,,,,,,,0.019960473326236627,
secondary_extreme,0,confirmed_source_difference,Source A value 892.822 vs Source B value 6.23148 (g cm^-3); factorial width 143.2760. dominant contributor(s): planet-radius contribution 0.0299. Planet radius 3.1385 vs 3.1700 R_earth. Transit evidence confirmed in both sources (both_transit); selection reasons: secondary_extreme.,"forensic_cases.csv (protocol 2.4.0 corrected-input run), source_row_a=2752, source_row_b=6108; frozen inputs kepler.csv (Exoplanet.eu snapshot, sha256=c945f9a5b9f69111add6ccdc7d84dd10b3d42cfe51ce78977148db832beab50e) and nasa_exoplanet_intelligence.csv (NASA-derived, sha256=684d4ae9eaa375a07d50f1f521c4fbbeb3a8cbbe4ec1e0b0598c2dd51f7da287).",Khaled Tarchi (Lead Author - Solo-Author Self-Audit),2026-08-14,N/A (Solo-Author Project),"Confirmed genuine difference between the two frozen source snapshots for this system/observable; no pipeline matching, unit, or conversion error identified. Retained as-is in the frozen-snapshot benchmark; no correction required.",False,False,False,True,False,kepler-53 c,Kepler-53 c,Kepler-53 c,density_g_cm3,g cm^-3,2752,6108,transit,transit,confirmed,confirmed,both_transit,3.13852,3.17,,,5005.790999999999,36.0,,,,,892.8217743329581,6.231483879789971,143.27595024815344,6.231483879789971,892.8217743329581,143.27595024815344,1.0,,,,,,,0.02994070998935494,
secondary_extreme,0,confirmed_source_difference,Source A value 539.958 vs Source B value 3.38843 (g_earth); factorial width 159.3535. dominant contributor(s): planet-radius contribution 0.0028. Planet radius 1.0985 vs 1.1000 R_earth. Transit evidence confirmed in both sources (both_transit); selection reasons: secondary_extreme.,"forensic_cases.csv (protocol 2.4.0 corrected-input run), source_row_a=2834, source_row_b=151; frozen inputs kepler.csv (Exoplanet.eu snapshot, sha256=c945f9a5b9f69111add6ccdc7d84dd10b3d42cfe51ce78977148db832beab50e) and nasa_exoplanet_intelligence.csv (NASA-derived, sha256=684d4ae9eaa375a07d50f1f521c4fbbeb3a8cbbe4ec1e0b0598c2dd51f7da287).",Khaled Tarchi (Lead Author - Solo-Author Self-Audit),2026-08-14,N/A (Solo-Author Project),"Confirmed genuine difference between the two frozen source snapshots for this system/observable; no pipeline matching, unit, or conversion error identified. Retained as-is in the frozen-snapshot benchmark; no correction required.",False,False,False,True,False,kepler-59 b,Kepler-59 b,Kepler-59 b,gravity_gearth,g_earth,2834,151,transit,transit,confirmed,confirmed,both_transit,1.098482,1.1,,,651.5473999999999,4.1,,,,,539.9581819055325,3.3884297520661146,159.35351222090102,3.3884297520661146,539.9581819055325,159.35351222090117,1.0000000000000009,,,,,,,0.002761906153863597,
secondary_extreme,0,confirmed_source_difference,Source A value 2710.4 vs Source B value 16.9853 (g cm^-3); factorial width 159.5737. dominant contributor(s): planet-radius contribution 0.0041. Planet radius 1.0985 vs 1.1000 R_earth. Transit evidence confirmed in both sources (both_transit); selection reasons: secondary_extreme.,"forensic_cases.csv (protocol 2.4.0 corrected-input run), source_row_a=2834, source_row_b=151; frozen inputs kepler.csv (Exoplanet.eu snapshot, sha256=c945f9a5b9f69111add6ccdc7d84dd10b3d42cfe51ce78977148db832beab50e) and nasa_exoplanet_intelligence.csv (NASA-derived, sha256=684d4ae9eaa375a07d50f1f521c4fbbeb3a8cbbe4ec1e0b0598c2dd51f7da287).",Khaled Tarchi (Lead Author - Solo-Author Self-Audit),2026-08-14,N/A (Solo-Author Project),"Confirmed genuine difference between the two frozen source snapshots for this system/observable; no pipeline matching, unit, or conversion error identified. Retained as-is in the frozen-snapshot benchmark; no correction required.",False,False,False,True,False,kepler-59 b,Kepler-59 b,Kepler-59 b,density_g_cm3,g cm^-3,2834,151,transit,transit,confirmed,confirmed,both_transit,1.098482,1.1,,,651.5473999999999,4.1,,,,,2710.403461346755,16.985274229902327,159.57372395996586,16.985274229902327,2710.403461346755,159.57372395996586,1.0,,,,,,,0.004142859230795395,
secondary_extreme,0,confirmed_source_difference,Source A value 25.2964 vs Source B value 0.833252 (g_earth); factorial width 355.3524. dominant contributor(s): planet-radius contribution 1.2300. Planet radius 11.2090 vs 6.0600 R_earth. Transit evidence confirmed in both sources (both_transit); selection reasons: secondary_extreme.,"forensic_cases.csv (protocol 2.4.0 corrected-input run), source_row_a=1888, source_row_b=3769; frozen inputs kepler.csv (Exoplanet.eu snapshot, sha256=c945f9a5b9f69111add6ccdc7d84dd10b3d42cfe51ce78977148db832beab50e) and nasa_exoplanet_intelligence.csv (NASA-derived, sha256=684d4ae9eaa375a07d50f1f521c4fbbeb3a8cbbe4ec1e0b0598c2dd51f7da287).",Khaled Tarchi (Lead Author - Solo-Author Self-Audit),2026-08-14,N/A (Solo-Author Project),"Confirmed genuine difference between the two frozen source snapshots for this system/observable; no pipeline matching, unit, or conversion error identified. Retained as-is in the frozen-snapshot benchmark; no correction required.",False,False,False,True,False,kepler-1625 b,Kepler-1625 b,Kepler-1625 b,gravity_gearth,g_earth,1888,3769,transit,transit,confirmed,confirmed,both_transit,11.209,6.06,,,3178.2799999999997,30.6,,,,,25.296382336686477,0.8332516419958829,30.358634849004556,0.2435497500228447,86.54598133080626,355.3523718365072,11.705149905584737,,,,,,,1.2300144539154707,
secondary_extreme,0,confirmed_source_difference,Source A value 896.989 vs Source B value 1.42252 (g_earth); factorial width 630.5619. dominant contributor(s): planet-radius contribution 0.6721. Planet radius 1.5693 vs 2.1960 R_earth. Transit evidence confirmed in both sources (both_transit); selection reasons: secondary_extreme.,"forensic_cases.csv (protocol 2.4.0 corrected-input run), source_row_a=2810, source_row_b=4998; frozen inputs kepler.csv (Exoplanet.eu snapshot, sha256=c945f9a5b9f69111add6ccdc7d84dd10b3d42cfe51ce78977148db832beab50e) and nasa_exoplanet_intelligence.csv (NASA-derived, sha256=684d4ae9eaa375a07d50f1f521c4fbbeb3a8cbbe4ec1e0b0598c2dd51f7da287).",Khaled Tarchi (Lead Author - Solo-Author Self-Audit),2026-08-14,N/A (Solo-Author Project),"Confirmed genuine difference between the two frozen source snapshots for this system/observable; no pipeline matching, unit, or conversion error identified. Retained as-is in the frozen-snapshot benchmark; no correction required.",False,False,False,True,False,kepler-57 c,Kepler-57 c,Kepler-57 c,gravity_gearth,g_earth,2810,4998,transit,transit,confirmed,confirmed,both_transit,1.56926,2.196,,,2208.9046,6.86,,,,,896.9890675508738,1.4225234820057,630.561870434754,1.4225234820057,896.9890675508738,630.561870434754,1.0,,,,,,,0.6720667059623172,
secondary_extreme,0,confirmed_source_difference,Source A value 12.444 vs Source B value 0.758176 (g cm^-3); factorial width 657.2846. dominant contributor(s): planet-radius contribution 1.8450. Planet radius 11.2090 vs 6.0600 R_earth. Transit evidence confirmed in both sources (both_transit); selection reasons: secondary_extreme.,"forensic_cases.csv (protocol 2.4.0 corrected-input run), source_row_a=1888, source_row_b=3769; frozen inputs kepler.csv (Exoplanet.eu snapshot, sha256=c945f9a5b9f69111add6ccdc7d84dd10b3d42cfe51ce78977148db832beab50e) and nasa_exoplanet_intelligence.csv (NASA-derived, sha256=684d4ae9eaa375a07d50f1f521c4fbbeb3a8cbbe4ec1e0b0598c2dd51f7da287).",Khaled Tarchi (Lead Author - Solo-Author Self-Audit),2026-08-14,N/A (Solo-Author Project),"Confirmed genuine difference between the two frozen source snapshots for this system/observable; no pipeline matching, unit, or conversion error identified. Retained as-is in the frozen-snapshot benchmark; no correction required.",False,False,False,True,False,kepler-1625 b,Kepler-1625 b,Kepler-1625 b,density_g_cm3,g cm^-3,1888,3769,transit,transit,confirmed,confirmed,both_transit,11.209,6.06,,,3178.2799999999997,30.6,,,,,12.44395148581401,0.7581764940536798,16.413000908641944,0.11980848618306406,78.74827410199113,657.284609887032,40.04658340943317,,,,,,,1.845021680873206,
secondary_extreme,0,confirmed_source_difference,Source A value 38.2256 vs Source B value 0.59737 (g_earth); factorial width 688.0441. dominant contributor(s): planet-radius contribution 1.1876. Planet radius 3.3627 vs 1.8570 R_earth. Transit evidence confirmed in both sources (both_transit); selection reasons: secondary_extreme.,"forensic_cases.csv (protocol 2.4.0 corrected-input run), source_row_a=2251, source_row_b=5006; frozen inputs kepler.csv (Exoplanet.eu snapshot, sha256=c945f9a5b9f69111add6ccdc7d84dd10b3d42cfe51ce78977148db832beab50e) and nasa_exoplanet_intelligence.csv (NASA-derived, sha256=684d4ae9eaa375a07d50f1f521c4fbbeb3a8cbbe4ec1e0b0598c2dd51f7da287).",Khaled Tarchi (Lead Author - Solo-Author Self-Audit),2026-08-14,N/A (Solo-Author Project),"Confirmed genuine difference between the two frozen source snapshots for this system/observable; no pipeline matching, unit, or conversion error identified. Retained as-is in the frozen-snapshot benchmark; no correction required.",False,False,False,True,False,kepler-28 c,Kepler-28 c,Kepler-28 c,gravity_gearth,g_earth,2251,5006,transit,transit,confirmed,confirmed,both_transit,3.3627,1.857,,,432.24608,2.06,,,,,38.225644419881824,0.5973700060519962,63.989895764124796,0.1821759204963908,125.3450696240541,688.0441129789016,10.752386837995846,,,,,,,1.1875638806849071,
secondary_extreme,0,confirmed_source_difference,Source A value 3151.8 vs Source B value 3.57186 (g cm^-3); factorial width 882.3993. dominant contributor(s): planet-radius contribution 1.0081. Planet radius 1.5693 vs 2.1960 R_earth. Transit evidence confirmed in both sources (both_transit); selection reasons: secondary_extreme.,"forensic_cases.csv (protocol 2.4.0 corrected-input run), source_row_a=2810, source_row_b=4998; frozen inputs kepler.csv (Exoplanet.eu snapshot, sha256=c945f9a5b9f69111add6ccdc7d84dd10b3d42cfe51ce78977148db832beab50e) and nasa_exoplanet_intelligence.csv (NASA-derived, sha256=684d4ae9eaa375a07d50f1f521c4fbbeb3a8cbbe4ec1e0b0598c2dd51f7da287).",Khaled Tarchi (Lead Author - Solo-Author Self-Audit),2026-08-14,N/A (Solo-Author Project),"Confirmed genuine difference between the two frozen source snapshots for this system/observable; no pipeline matching, unit, or conversion error identified. Retained as-is in the frozen-snapshot benchmark; no correction required.",False,False,False,True,False,kepler-57 c,Kepler-57 c,Kepler-57 c,density_g_cm3,g cm^-3,2810,4998,transit,transit,confirmed,confirmed,both_transit,1.56926,2.196,,,2208.9046,6.86,,,,,3151.8025811372995,3.5718554097356248,882.3992630123241,3.5718554097356248,3151.8025811372995,882.3992630123249,1.0000000000000009,,,,,,,1.0081000589434759,
secondary_extreme,0,confirmed_source_difference,Source A value 37.3023 vs Source B value 0.424736 (g_earth); factorial width 987.0663. dominant contributor(s): planet-radius contribution 1.2097. Planet radius 3.5869 vs 1.9590 R_earth. Transit evidence confirmed in both sources (both_transit); selection reasons: secondary_extreme.,"forensic_cases.csv (protocol 2.4.0 corrected-input run), source_row_a=2250, source_row_b=5001; frozen inputs kepler.csv (Exoplanet.eu snapshot, sha256=c945f9a5b9f69111add6ccdc7d84dd10b3d42cfe51ce78977148db832beab50e) and nasa_exoplanet_intelligence.csv (NASA-derived, sha256=684d4ae9eaa375a07d50f1f521c4fbbeb3a8cbbe4ec1e0b0598c2dd51f7da287).",Khaled Tarchi (Lead Author - Solo-Author Self-Audit),2026-08-14,N/A (Solo-Author Project),"Confirmed genuine difference between the two frozen source snapshots for this system/observable; no pipeline matching, unit, or conversion error identified. Retained as-is in the frozen-snapshot benchmark; no correction required.",False,False,False,True,False,kepler-28 b,Kepler-28 b,Kepler-28 b,gravity_gearth,g_earth,2250,5001,transit,transit,confirmed,confirmed,both_transit,3.58688,1.959,,,479.92028,1.63,,,,,37.302282547262344,0.42473566719068095,87.82469999279775,0.1266933761416325,125.05476093505429,987.0662914156902,11.23905110403607,,,,,,,1.2096972097763792,
secondary_extreme,0,confirmed_source_difference,Source A value 62.6806 vs Source B value 1.77377 (g cm^-3); factorial width 1245.9267. dominant contributor(s): planet-radius contribution 1.7813. Planet radius 3.3627 vs 1.8570 R_earth. Transit evidence confirmed in both sources (both_transit); selection reasons: secondary_extreme.,"forensic_cases.csv (protocol 2.4.0 corrected-input run), source_row_a=2251, source_row_b=5006; frozen inputs kepler.csv (Exoplanet.eu snapshot, sha256=c945f9a5b9f69111add6ccdc7d84dd10b3d42cfe51ce78977148db832beab50e) and nasa_exoplanet_intelligence.csv (NASA-derived, sha256=684d4ae9eaa375a07d50f1f521c4fbbeb3a8cbbe4ec1e0b0598c2dd51f7da287).",Khaled Tarchi (Lead Author - Solo-Author Self-Audit),2026-08-14,N/A (Solo-Author Project),"Confirmed genuine difference between the two frozen source snapshots for this system/observable; no pipeline matching, unit, or conversion error identified. Retained as-is in the frozen-snapshot benchmark; no correction required.",False,False,False,True,False,kepler-28 c,Kepler-28 c,Kepler-28 c,density_g_cm3,g cm^-3,2251,5006,transit,transit,confirmed,confirmed,both_transit,3.3627,1.857,,,432.24608,2.06,,,,,62.680644521137246,1.773773943656816,35.3374480131976,0.29872365230829356,372.187783471747,1245.9267305945893,35.2579713772559,,,,,,,1.7813458210273607,
secondary_extreme,0,confirmed_source_difference,Source A value 57.3436 vs Source B value 1.1955 (g cm^-3); factorial width 1807.2937. dominant contributor(s): planet-radius contribution 1.8145. Planet radius 3.5869 vs 1.9590 R_earth. Transit evidence confirmed in both sources (both_transit); selection reasons: secondary_extreme.,"forensic_cases.csv (protocol 2.4.0 corrected-input run), source_row_a=2250, source_row_b=5001; frozen inputs kepler.csv (Exoplanet.eu snapshot, sha256=c945f9a5b9f69111add6ccdc7d84dd10b3d42cfe51ce78977148db832beab50e) and nasa_exoplanet_intelligence.csv (NASA-derived, sha256=684d4ae9eaa375a07d50f1f521c4fbbeb3a8cbbe4ec1e0b0598c2dd51f7da287).",Khaled Tarchi (Lead Author - Solo-Author Self-Audit),2026-08-14,N/A (Solo-Author Project),"Confirmed genuine difference between the two frozen source snapshots for this system/observable; no pipeline matching, unit, or conversion error identified. Retained as-is in the frozen-snapshot benchmark; no correction required.",False,False,False,True,False,kepler-28 b,Kepler-28 b,Kepler-28 b,density_g_cm3,g cm^-3,2250,5001,transit,transit,confirmed,confirmed,both_transit,3.58688,1.959,,,479.92028,1.63,,,,,57.34364850945798,1.1955040678353317,47.966083974342844,0.19476181975559864,351.9918079611482,1807.2936903282853,37.67857495506638,,,,,,,1.8145458146645688,
rank_displacement,1,pending,,,,,,,False,True,False,False,False,kepler-55 d,Kepler-55 d,Kepler-55 d,geometric_area_ratio_ppm,ppm,2781,5999,transit,transit,confirmed,confirmed,both_transit,1.5916779999999997,1.59,0.58,0.619,,,,,,,631.5783937923544,553.3319850194803,1.1414095170553342,553.3319850194803,631.5783937923544,1.1414095170553342,1.0,1106,1224,118,1063.0,1219.0,excluded,0.0021095788518831204,0.1301543382882624
rank_displacement,1,pending,,,,,,,False,True,False,False,False,kepler-55 f,Kepler-55 f,Kepler-55 f,geometric_area_ratio_ppm,ppm,2783,2235,transit,transit,confirmed,confirmed,both_transit,1.5916779999999997,1.59,0.58,0.619,,,,,,,631.5783937923544,553.3319850194803,1.1414095170553342,553.3319850194803,631.5783937923544,1.1414095170553342,1.0,1106,1224,118,1063.0,1219.0,excluded,0.0021095788518831204,0.1301543382882624
rank_displacement,1,pending,,,,,,,False,True,False,False,False,kepler-186 b,Kepler-186 b,Kepler-186 b,geometric_area_ratio_ppm,ppm,1980,193,transit,transit,confirmed,confirmed,both_transit,1.1433179999999998,1.07,0.472,0.472,,,,,,,492.0654914730597,430.9792713575528,1.1417381859760676,430.9792713575528,492.0654914730597,1.1417381859760676,1.0,1306,1433,127,1270.0,1431.0,excluded,0.13255182573455465,0.0
rank_displacement,1,pending,,,,,,,False,True,False,False,False,kepler-55 e,Kepler-55 e,Kepler-55 e,geometric_area_ratio_ppm,ppm,2782,597,transit,transit,confirmed,confirmed,both_transit,1.546842,1.55,0.58,0.619,,,,,,,596.497665710256,525.8415782640329,1.1343676315583124,523.7010414549761,598.9357460440701,1.1436596428757764,1.0081913579504196,1164,1275,111,1126.0,1272.0,excluded,0.004078995434258603,0.1301543382882624
rank_displacement,1,pending,,,,,,,False,True,False,False,False,kepler-176 e,Kepler-176 e,Kepler-176 e,geometric_area_ratio_ppm,ppm,1956,1748,transit,transit,confirmed,confirmed,both_transit,1.445961,1.45,0.89,0.83,,,,,,,221.36347820799375,255.948532707541,1.1562364974544312,221.36347820799375,255.948532707541,1.1562364974544312,1.0,1960,1820,140,1780.0,1941.0,excluded,0.005578808027979165,0.13959152387108395
rank_displacement,1,pending,,,,,,,False,True,False,False,False,kepler-186 c,Kepler-186 c,Kepler-186 c,geometric_area_ratio_ppm,ppm,1981,2667,transit,transit,confirmed,confirmed,both_transit,1.3450799999999998,1.25,0.472,0.472,,,,,,,681.0595037689404,588.1781041979004,1.1579137320959993,588.1781041979004,681.0595037689404,1.1579137320959993,1.0,1035,1172,137,990.0,1166.0,excluded,0.14661987904931473,0.0
rank_displacement,1,pending,,,,,,,False,True,False,False,False,kepler-138 d,Kepler-138 d,Kepler-138 d,geometric_area_ratio_ppm,ppm,1572,4844,radial_velocity,transit,absent,confirmed,b_transit_only,1.610002872699969,1.51,0.54,0.535,,,,,,,745.4844804261551,668.0656697637489,1.1158850307182886,655.7513591499621,759.4838832815683,1.1581888053820775,1.037910513627518,962,1072,110,,,,0.1282526249072835,0.01860478532462695
rank_displacement,1,pending,,,,,,,False,True,False,False,False,kepler-138 c,Kepler-138 c,Kepler-138 c,geometric_area_ratio_ppm,ppm,1571,4845,transit,transit,confirmed,confirmed,both_transit,1.6140959999999998,1.51,0.54,0.535,,,,,,,749.2798048773316,668.0656697637489,1.121566095653894,655.7513591499621,763.3504798750282,1.164085242407343,1.0379105136275177,960,1072,112,914.0,1076.0,excluded,0.13333079361197753,0.01860478532462695
rank_displacement,1,pending,,,,,,,False,True,False,False,False,kepler-255 d,Kepler-255 d,Kepler-255 d,geometric_area_ratio_ppm,ppm,2185,3280,transit,transit,confirmed,confirmed,both_transit,1.3226619999999998,1.32,0.93,0.86,,,,,,,169.63078829201297,197.5712667535101,1.1647134859351043,168.94867486518223,198.36894104078146,1.1741373005682112,1.008091101156557,2119,1999,120,1955.0,2111.0,excluded,0.004029271848412619,0.15650439379949657
rank_displacement,1,pending,,,,,,,False,True,False,False,False,kepler-276 d,Kepler-276 d,Kepler-276 d,geometric_area_ratio_ppm,ppm,2242,290,transit,transit,confirmed,confirmed,both_transit,2.80225,2.8,0.95,1.03,,,,,,,729.6916382332048,619.7470065355831,1.177402440896355,619.7470065355831,729.6916382332048,1.177402440896355,1.0,980,1135,155,941.0,1133.0,excluded,0.0016064974758189798,0.16170419325819002
rank_displacement,1,pending,,,,,,,False,True,False,False,False,kepler-276 c,Kepler-276 c,Kepler-276 c,geometric_area_ratio_ppm,ppm,2241,408,transit,transit,confirmed,confirmed,both_transit,2.903131,2.9,0.95,1.03,,,,,,,783.1751165491459,664.8051434903382,1.1780521318432429,664.8051434903382,783.1751165491459,1.1780521318432429,1.0,926,1077,151,885.0,1075.0,excluded,0.0021581455278614214,0.16170419325819002
rank_displacement,1,pending,,,,,,,False,True,False,False,False,kepler-80 g,kepler-80 g,Kepler-80 g,geometric_area_ratio_ppm,ppm,3709,3955,transit,transit,confirmed,confirmed,both_transit,1.132109,1.13,0.738,0.678,,,,,,,197.3497527914534,232.95408136111107,1.180412329207638,196.61515400224906,233.8244506211841,1.1892493831808582,1.0074864128021706,2000,1885,115,1848.0,1996.0,excluded,0.0037292643476632414,0.16959307332015372
rank_displacement,1,pending,,,,,,,False,True,False,False,False,kepler-351 d,Kepler-351 d,Kepler-351 d,geometric_area_ratio_ppm,ppm,2452,2204,transit,transit,confirmed,confirmed,both_transit,2.7237869999999997,2.72,0.85,0.78,,,,,,,861.1548632867949,1019.8150742852335,1.1842412065036427,858.7619255296005,1022.656786201034,1.1908501713910513,1.0055807590979888,849,735,114,697.0,846.0,excluded,0.0027826221789273298,0.17188485960144934
rank_displacement,1,pending,,,,,,,False,True,False,False,False,kepler-58 d,Kepler-58 d,Kepler-58 d,geometric_area_ratio_ppm,ppm,2823,607,transit,transit,confirmed,confirmed,both_transit,2.936758,2.94,1.03,1.127,,,,,,,681.7649907124788,570.7154809905485,1.1945794593291739,569.4574949842645,683.2710747054806,1.1998631692859905,1.004423071161615,1031,1211,180,985.0,1212.0,excluded,0.0022066590653442297,0.18000086563218964
rank_displacement,1,pending,,,,,,,False,True,False,False,False,kepler-328 b,Kepler-328 b,Kepler-328 b,geometric_area_ratio_ppm,ppm,2385,329,transit,transit,confirmed,confirmed,both_transit,2.3090539999999997,2.3,0.97,1.06,,,,,,,475.22309125234165,394.836020420167,1.203596092237558,394.836020420167,475.22309125234165,1.203596092237558,1.0,1358,1500,142,1318.0,1495.0,excluded,0.007857587822596601,0.1774562312173688
rank_displacement,1,pending,,,,,,,False,True,False,False,False,hd 106315 b,HD 106315 b,HD 106315 b,geometric_area_ratio_ppm,ppm,385,1223,transit,transit,confirmed,confirmed,both_transit,2.443562,2.44,1.18,1.296,,,,,,,359.6296873012792,297.26410725126686,1.209798554647894,297.26410725126686,359.6296873012792,1.209798554647894,1.0,1574,1694,120,1525.0,1679.0,excluded,0.0029175430815995274,0.18753631890501926
rank_displacement,1,pending,,,,,,,False,True,False,False,False,k2-5 b,K2-5 b,K2-5 b,geometric_area_ratio_ppm,ppm,998,3785,transit,transit,confirmed,confirmed,both_transit,1.9167390000000002,1.91,0.52,0.57,,,,,,,1139.4416661067087,941.650730430437,1.210047026232178,941.650730430437,1139.4416661067087,1.210047026232178,1.0,677,788,111,639.0,784.0,excluded,0.0070441250018855595,0.18361509850624524
rank_displacement,1,pending,,,,,,,False,True,False,False,False,kepler-276 b,Kepler-276 b,Kepler-276 b,geometric_area_ratio_ppm,ppm,2240,6045,transit,transit,confirmed,confirmed,both_transit,2.869504,2.87,0.95,1.046,,,,,,,765.1371392520207,631.3544543675448,1.2118979029275905,631.1362489671554,765.4016733460398,1.2127360369470264,1.0006915879773464,950,1102,152,914.0,1102.0,excluded,0.0003456744702923231,0.19253332006056356
rank_displacement,1,pending,,,,,,,False,True,False,False,False,kepler-83 d,Kepler-83 d,Kepler-83 d,geometric_area_ratio_ppm,ppm,3148,1485,transit,transit,confirmed,confirmed,both_transit,1.9391569999999998,1.94,0.539,0.594,,,,,,,1085.4785321110758,894.547475370552,1.2134387072764736,893.7702179693738,1086.4225065308324,1.2155501321124353,1.0017400341882128,703,821,118,661.0,822.0,excluded,0.0008692610412732726,0.19432749690729523
rank_displacement,1,pending,,,,,,,False,True,False,False,False,kepler-398 d,Kepler-398 d,Kepler-398 d,geometric_area_ratio_ppm,ppm,2560,3505,transit,transit,confirmed,confirmed,both_transit,0.8855109999999999,0.88,0.61,0.67,,,,,,,176.72625537554939,144.67335847221204,1.2215535551384455,144.67335847221204,176.72625537554939,1.2215535551384455,1.0,2093,2204,111,2054.0,2186.0,excluded,0.012485944067455124,0.18763751043530974
rank_displacement,1,pending,,,,,,,False,True,False,False,False,k2-97 b,K2-97 b,K2-97 b,geometric_area_ratio_ppm,ppm,1008,3997,transit,transit,confirmed,confirmed,both_transit,14.68379,13.45077684,4.2,4.14,,,,,,,1025.0630366310506,885.2519194395719,1.1579337069158677,860.1396711126117,1054.9903128527942,1.2265337227012658,1.0592434742815398,731,834,103,681.0,846.0,excluded,0.17541460450252,0.028777474904199796
rank_displacement,1,pending,,,,,,,False,True,False,False,False,kepler-54 d,Kepler-54 d,Kepler-54 d,geometric_area_ratio_ppm,ppm,2767,1492,transit,transit,confirmed,confirmed,both_transit,1.524424,1.53,0.5,0.554,,,,,,,779.5507089943765,639.6407983323156,1.2187319993140475,634.987023317761,785.263981043844,1.2366614626876888,1.0147115718498676,936,1093,157,879.0,1094.0,excluded,0.007302203222941617,0.20511317665018436
rank_displacement,1,pending,,,,,,,False,True,False,False,False,kepler-186 d,Kepler-186 d,Kepler-186 d,geometric_area_ratio_ppm,ppm,1982,200,transit,transit,confirmed,confirmed,both_transit,1.558051,1.4,0.472,0.472,,,,,,,913.8021300222019,737.8106139058464,1.238532101327041,737.8106139058464,913.8021300222019,1.238532101327041,1.0,808,959,151,765.0,959.0,excluded,0.21392688913260027,0.0
rank_displacement,1,pending,,,,,,,False,True,False,False,False,kepler-127 c,Kepler-127 c,Kepler-127 c,geometric_area_ratio_ppm,ppm,1427,2052,transit,transit,confirmed,confirmed,both_transit,2.3886379,2.66,1.36,1.359,,,,,,,258.69953344615857,321.28998203366876,1.2419426419280217,258.69953344615857,321.28998203366876,1.2419426419280217,1.0,1806,1659,147,1610.0,1788.0,excluded,0.21520567126443013,0.0014711291579081465
rank_displacement,1,pending,,,,,,,False,True,False,False,False,kepler-305 d,Kepler-305 d,Kepler-305 d,geometric_area_ratio_ppm,ppm,2328,4999,transit,transit,confirmed,confirmed,both_transit,2.7125779999999997,2.76,0.87,0.792,,,,,,,815.2649838888979,1018.4521408266762,1.2492283624994596,815.2649838888979,1018.4521408266762,1.2492283624994596,1.0,898,738,160,704.0,885.0,excluded,0.03466241103110179,0.18786363966840697
rank_displacement,1,pending,,,,,,,False,True,False,False,False,kepler-282 c,Kepler-282 c,Kepler-282 c,geometric_area_ratio_ppm,ppm,2257,592,transit,transit,confirmed,confirmed,both_transit,1.199363,1.2,1.01,0.904,,,,,,,118.25822893338454,147.7741451190383,1.249588687839053,118.25822893338454,147.7741451190383,1.249588687839053,1.0,2310,2189,121,2153.0,2290.0,excluded,0.0010619485504543835,0.22175249888625725
rank_displacement,1,pending,,,,,,,False,True,False,False,False,kepler-145 c,Kepler-145 c,Kepler-145 c,geometric_area_ratio_ppm,ppm,1662,328,transit,transit,confirmed,confirmed,both_transit,3.9231499999999997,4.32,1.887,1.85,,,,,,,362.4923545646223,457.2954300300061,1.2615312413395552,362.4923545646223,457.2954300300061,1.261531241339555,0.9999999999999998,1547,1372,175,1333.0,1538.0,excluded,0.1927209994314767,0.03960525459235931
rank_displacement,1,pending,,,,,,,False,True,False,False,False,kepler-166 d,Kepler-166 d,Kepler-166 d,geometric_area_ratio_ppm,ppm,1924,5216,transit,transit,confirmed,confirmed,both_transit,1.726186,1.73,0.74,0.83,,,,,,,456.3358252837304,364.34167112504144,1.2524941873231863,362.7369689728129,458.35459685544373,1.2636004489793191,1.008867315927325,1380,1534,154,1333.0,1538.0,excluded,0.004414116078474306,0.22955102918485626
rank_displacement,1,pending,,,,,,,False,True,False,False,False,kepler-970 b,Kepler-970 b,Kepler-970 b,geometric_area_ratio_ppm,ppm,3334,5676,transit,transit,confirmed,confirmed,both_transit,2.768623,2.609,0.67,0.71,,,,,,,1432.0258706764112,1132.4115368065554,1.2645807854578908,1132.4115368065554,1432.0258706764112,1.264580785457891,1.0000000000000002,560,679,119,521.0,674.0,excluded,0.11876615706041393,0.11597451530069847
rank_displacement,1,pending,,,,,,,False,True,False,False,False,kepler-84 e,Kepler-84 e,Kepler-84 e,geometric_area_ratio_ppm,ppm,3162,583,transit,transit,confirmed,confirmed,both_transit,2.600488,2.6,1.035,1.169,,,,,,,529.4218155024874,414.8494303586888,1.2761782390414196,414.8494303586888,529.4218155024874,1.2761782390414194,0.9999999999999998,1255,1454,199,1216.0,1449.0,excluded,0.0003753493913896122,0.24349451154519813
rank_displacement,1,pending,,,,,,,False,True,False,False,False,kepler-84 d,Kepler-84 d,Kepler-84 d,geometric_area_ratio_ppm,ppm,3161,589,transit,transit,confirmed,confirmed,both_transit,1.378707,1.38,1.035,1.169,,,,,,,148.8113601132791,116.86971230400697,1.273309886535735,116.65081122419525,149.09061207111108,1.2780932297553307,1.0037566214400562,2189,2312,123,2150.0,2292.0,excluded,0.001874791479749116,0.24349451154519813
rank_displacement,1,pending,,,,,,,False,True,False,False,False,kepler-84 f,Kepler-84 f,Kepler-84 f,geometric_area_ratio_ppm,ppm,3163,5834,transit,transit,confirmed,confirmed,both_transit,2.196964,2.2,1.035,1.169,,,,,,,377.86616498854715,297.02237321539263,1.2721808155324676,296.2031571147257,378.9112384079908,1.2792275480751565,1.005539096688657,1523,1695,172,1479.0,1680.0,excluded,0.0027619061538637357,0.24349451154519813
rank_displacement,1,pending,,,,,,,False,True,False,False,False,kepler-338 d,Kepler-338 d,Kepler-338 d,geometric_area_ratio_ppm,ppm,2416,412,transit,transit,confirmed,confirmed,both_transit,2.6565329999999996,3.0,1.74,1.735,,,,,,,195.4810928217655,250.7358166283253,1.2826601949526628,195.4810928217655,250.7358166283253,1.2826601949526628,1.0,2034,1860,174,1822.0,2020.0,excluded,0.24318079895231492,0.005755399655230198
rank_displacement,1,pending,,,,,,,False,True,False,False,False,kepler-282 e,Kepler-282 e,Kepler-282 e,geometric_area_ratio_ppm,ppm,2259,2481,transit,transit,confirmed,confirmed,both_transit,3.104893,3.1,1.01,0.89,,,,,,,792.5439468800473,1017.4573158400456,1.283786621354436,790.0479755679837,1020.6717336350666,1.2919110803382317,1.0063285119572474,911,740,171,701.0,901.0,excluded,0.003154285506118182,0.2529682942182392
rank_displacement,1,pending,,,,,,,False,True,False,False,False,kepler-282 d,Kepler-282 d,Kepler-282 d,geometric_area_ratio_ppm,ppm,2258,395,transit,transit,confirmed,confirmed,both_transit,2.46598,2.46,1.01,0.89,,,,,,,499.92997470310166,640.7122468821668,1.2816039831631878,497.5082548332167,643.8310405184118,1.2941112720516526,1.0097590902125593,1300,1091,209,1051.0,1295.0,excluded,0.004855888929822694,0.2529682942182392
rank_displacement,1,pending,,,,,,,False,True,False,False,False,kepler-24 c,Kepler-24 c,Kepler-24 c,geometric_area_ratio_ppm,ppm,2139,5049,transit,transit,confirmed,confirmed,both_transit,2.80225,2.514,1.07,1.099,,,,,,,575.200195218331,438.84179856845685,1.3107233565596716,438.84179856845685,575.200195218331,1.3107233565596714,0.9999999999999998,1195,1413,218,1158.0,1415.0,excluded,0.2170951115020241,0.05348405389533886
rank_displacement,1,pending,,,,,,,False,True,False,False,False,kepler-350 b,Kepler-350 b,Kepler-350 b,geometric_area_ratio_ppm,ppm,2447,581,transit,transit,confirmed,confirmed,both_transit,1.849485,1.85,1.33,1.534,,,,,,,162.1702436808082,121.97352136663484,1.3295528559296719,121.90562123674823,162.26057077563746,1.3310343619062277,1.0011142888903954,2166,2269,103,2127.0,2252.0,excluded,0.0005568342656632197,0.285399521422804
rank_displacement,1,pending,,,,,,,False,True,False,False,False,corot-7 b,CoRoT-7 b,CoRoT-7 b,geometric_area_ratio_ppm,ppm,116,1417,transit,transit,confirmed,confirmed,both_transit,1.524424,1.68135,0.87,0.83,,,,,,,257.4814073835303,344.13821057042844,1.3365555752840004,257.4814073835303,344.13821057042844,1.3365555752840004,1.0,1813,1600,213,1560.0,1794.0,excluded,0.19596081672040722,0.09413502171597166
rank_displacement,1,pending,,,,,,,False,True,False,False,False,kepler-80 c,Kepler-80 c,Kepler-80 c,geometric_area_ratio_ppm,ppm,3103,3810,transit,transit,confirmed,confirmed,both_transit,2.57807,2.74,0.738,0.678,,,,,,,1023.4096581382104,1369.6656443156687,1.3383356639484605,1023.4096581382104,1369.6656443156687,1.3383356639484605,1.0,732,572,160,533.0,725.0,excluded,0.12183372683992455,0.16959307332015372
rank_displacement,1,pending,,,,,,,False,True,False,False,False,kepler-289 b,Kepler-289 b,Kepler-289 b,geometric_area_ratio_ppm,ppm,2275,1441,transit,transit,confirmed,confirmed,both_transit,2.152128,2.49,1.0,1.0,,,,,,,388.42665084840866,519.9618959449293,1.3386359942326793,388.42665084840866,519.9618959449293,1.3386359942326793,1.0,1510,1287,223,1246.0,1504.0,excluded,0.2916511807840272,0.0
rank_displacement,1,pending,,,,,,,False,True,False,False,False,kepler-85 c,Kepler-85 c,Kepler-85 c,geometric_area_ratio_ppm,ppm,3175,1552,transit,transit,confirmed,confirmed,both_transit,2.208173,1.978,0.84,0.875,,,,,,,579.536032116637,428.5576904902744,1.3522940900993792,428.5576904902744,579.536032116637,1.352294090099379,0.9999999999999999,1180,1436,256,1143.0,1437.0,excluded,0.2201584871885789,0.08164398904051035
rank_displacement,1,pending,,,,,,,False,True,False,False,False,kepler-85 b,Kepler-85 b,Kepler-85 b,geometric_area_ratio_ppm,ppm,3174,5612,transit,transit,confirmed,confirmed,both_transit,1.995202,1.778,0.84,0.875,,,,,,,473.13818035980114,346.27427742167305,1.3663682554844825,346.27427742167305,473.13818035980114,1.3663682554844825,1.0,1361,1599,238,1318.0,1589.0,excluded,0.23051232251438702,0.08164398904051035
rank_displacement,1,pending,,,,,,,False,True,False,False,False,kepler-31 d,Kepler-31 d,Kepler-31 d,geometric_area_ratio_ppm,ppm,2341,213,transit,transit,confirmed,confirmed,both_transit,4.562062999999999,3.9,1.22,1.22,,,,,,,1172.6697434988132,857.0030690008733,1.3683378577231422,857.0030690008733,1172.6697434988132,1.3683378577231422,1.0,657,849,192,616.0,846.0,excluded,0.3135967607276311,0.0
rank_displacement,1,pending,,,,,,,False,True,False,False,False,kepler-296 f,Kepler-296 f,Kepler-296 f,geometric_area_ratio_ppm,ppm,2300,892,transit,transit,confirmed,confirmed,both_transit,1.79344,1.8,0.56,0.48,,,,,,,860.1426331499982,1179.3300368906257,1.371086598244416,860.1426331499982,1179.3300368906257,1.371086598244416,1.0,851,650,201,613.0,846.0,excluded,0.00730220322294195,0.30830135965451677
rank_displacement,1,pending,,,,,,,False,True,False,False,False,hip 41378 c,HIP 41378 c,HIP 41378 c,geometric_area_ratio_ppm,ppm,909,4202,transit,transit,confirmed,confirmed,both_transit,2.555652,2.727,1.4,1.273,,,,,,,279.4603415104345,384.8453939520332,1.377101995481759,279.4603415104345,384.8453939520332,1.377101995481759,1.0,1772,1514,258,1474.0,1758.0,excluded,0.12978945370437867,0.190191834091887
rank_displacement,1,pending,,,,,,,False,True,False,False,False,k2-35 c,K2-35 c,K2-35 c,geometric_area_ratio_ppm,ppm,995,6061,transit,transit,confirmed,confirmed,both_transit,1.692559,1.93,0.601,0.619575,,,,,,,665.1376219502449,813.7662450127857,1.2234554446442947,625.8535013956747,864.8454371896014,1.381865620725883,1.1294776828817368,1082,896,186,806.0,1112.0,excluded,0.26255683609009717,0.06087764916294214
rank_displacement,1,pending,,,,,,,False,True,False,False,False,k2-3 c,K2-3 c,K2-3 c,geometric_area_ratio_ppm,ppm,985,2842,transit,transit,confirmed,confirmed,both_transit,1.849485,1.582,0.553,0.546,,,,,,,938.0461139043705,704.0451277869882,1.332366459026445,686.3340101676077,962.2527608279383,1.4020181814871002,1.0522767005944818,793,1009,216,727.0,1016.0,excluded,0.3124347052238794,0.025478051554859382
rank_displacement,1,pending,,,,,,,False,True,False,False,False,epic 211822797 b,EPIC 211822797 b,EPIC 211822797 b,geometric_area_ratio_ppm,ppm,144,4610,transit,transit,confirmed,confirmed,both_transit,2.2418,1.92,0.59,0.58,,,,,,,1210.7724511447839,919.0080059175273,1.317477588169607,888.1191990538814,1252.883145789237,1.4107150787010805,1.0707696976166476,639,798,159,579.0,827.0,excluded,0.30990785713033553,0.03418886671860033
rank_displacement,1,pending,,,,,,,False,True,False,False,False,kepler-80 d,Kepler-80 d,Kepler-80 d,geometric_area_ratio_ppm,ppm,3104,3800,transit,transit,confirmed,confirmed,both_transit,1.401125,1.53,0.738,0.678,,,,,,,302.2830984576473,427.0672793940206,1.4128056830602347,302.2830984576473,427.0672793940206,1.4128056830602347,1.0,1692,1440,252,1399.0,1674.0,excluded,0.17598450009044353,0.16959307332015372
rank_displacement,1,pending,,,,,,,False,True,False,False,False,kepler-279 d,Kepler-279 d,Kepler-279 d,geometric_area_ratio_ppm,ppm,2249,5797,transit,transit,confirmed,confirmed,both_transit,3.104893,3.1,1.27,1.07,,,,,,,501.25493224151285,703.9286748859287,1.4043326650933867,499.6763220763221,706.1525724625171,1.4132200011563831,1.0063285119572472,1298,1010,288,971.0,1295.0,excluded,0.003154285506118182,0.3427165039933701
rank_displacement,1,pending,,,,,,,False,True,False,False,False,kepler-278 b,Kepler-278 b,Kepler-278 b,geometric_area_ratio_ppm,ppm,2245,5208,transit,transit,confirmed,confirmed,both_transit,4.584480999999999,3.955,2.94,2.861,,,,,,,203.91938749428127,160.261825189374,1.2724139841370155,151.76482984183806,215.33640742318707,1.4188821458015024,1.1151104620748298,1987,2165,178,1937.0,2164.0,excluded,0.29539260576001114,0.054476734565234164
rank_displacement,1,pending,,,,,,,False,True,False,False,False,kepler-279 c,Kepler-279 c,Kepler-279 c,geometric_area_ratio_ppm,ppm,2248,5522,transit,transit,confirmed,confirmed,both_transit,4.315465,4.3,1.27,1.07,,,,,,,968.3237411082932,1354.3851403372353,1.3986904201967372,961.3959620386267,1364.1447829797937,1.4189208576320038,1.01446384213629,760,582,178,537.0,764.0,excluded,0.007180119290177256,0.3427165039933701
rank_displacement,1,pending,,,,,,,False,True,False,False,False,kepler-60 d,Kepler-60 d,Kepler-60 d,geometric_area_ratio_ppm,ppm,2849,2415,transit,transit,confirmed,confirmed,both_transit,1.995202,1.99,1.5,1.257,,,,,,,148.3761333608335,210.1882439945401,1.4165906553406855,147.6034332157018,211.28857400110732,1.4314611076311385,1.0104973530881274,2190,1979,211,1942.0,2170.0,excluded,0.00522131922501079,0.3534743570001082
rank_displacement,1,pending,,,,,,,False,True,False,False,False,kepler-60 b,Kepler-60 b,Kepler-60 b,geometric_area_ratio_ppm,ppm,2847,5573,transit,transit,confirmed,confirmed,both_transit,1.714977,1.71,1.5,1.257,,,,,,,109.62431845233401,155.2009909508434,1.4157533031170149,108.98896468928396,156.10573882060098,1.4323077502905175,1.011693030937703,2321,2174,147,2136.0,2302.0,excluded,0.005812597869376379,0.3534743570001082
rank_displacement,1,pending,,,,,,,False,True,False,False,False,kepler-60 c,Kepler-60 c,Kepler-60 c,geometric_area_ratio_ppm,ppm,2848,1111,transit,transit,confirmed,confirmed,both_transit,1.9055300000000002,1.9,1.5,1.257,,,,,,,135.33866475596804,191.60616166770788,1.4157533031170133,134.55427739417786,192.72313434642112,1.4323077502905175,1.0116930309377041,2248,2065,183,2022.0,2228.0,excluded,0.005812597869376823,0.3534743570001082
rank_displacement,1,pending,,,,,,,False,True,False,False,False,kepler-114 d,Kepler-114 d,Kepler-114 d,geometric_area_ratio_ppm,ppm,1261,5632,transit,transit,confirmed,confirmed,both_transit,2.533234,2.53,0.65,0.54,,,,,,,1273.7867523122463,1840.8836782522653,1.4452055455205466,1270.53652207896,1845.5929453083818,1.4526091247565758,1.0051228555404985,617,493,124,464.0,614.0,excluded,0.0025548891793569783,0.37080644666272544
rank_displacement,1,pending,,,,,,,False,True,False,False,False,kepler-114 c,Kepler-114 c,Kepler-114 c,geometric_area_ratio_ppm,ppm,1260,291,transit,transit,confirmed,confirmed,both_transit,1.6028869999999997,1.6,0.65,0.54,,,,,,,509.97856719463334,736.2499361536352,1.4436879969362426,508.1431512009468,738.9092751705507,1.4541360508829269,1.0072370581239554,1290,961,329,927.0,1289.0,excluded,0.003605498141985408,0.37080644666272544
rank_displacement,1,pending,,,,,,,False,True,False,False,False,kepler-953 c,Kepler-953 c,Kepler-953 c,geometric_area_ratio_ppm,ppm,3313,534,transit,transit,confirmed,confirmed,both_transit,1.188154,1.19,0.822,0.99,,,,,,,175.21636174513375,121.17034880274359,1.4460333198377855,120.7947068354239,175.7612417366239,1.455040923076943,1.0062291809708561,2097,2282,185,2055.0,2270.0,excluded,0.0031049299090992744,0.3719290961449115
rank_displacement,1,pending,,,,,,,False,True,False,False,False,kepler-49 c,Kepler-49 c,Kepler-49 c,geometric_area_ratio_ppm,ppm,2697,1960,transit,transit,confirmed,confirmed,both_transit,2.57807,2.444,0.53,0.618,,,,,,,1984.314452997606,1311.5905455038005,1.5129069508772668,1311.5905455038005,1984.314452997606,1.512906950877267,1.0000000000000002,481,599,118,451.0,596.0,excluded,0.1068100313413356,0.30722290182304646
rank_displacement,1,pending,,,,,,,False,True,False,False,False,kepler-80 b,Kepler-80 b,Kepler-80 b,geometric_area_ratio_ppm,ppm,3102,5789,transit,transit,confirmed,confirmed,both_transit,2.35389,2.67,0.738,0.678,,,,,,,853.1638170868628,1300.5766705421142,1.5244161138747627,853.1638170868628,1300.5766705421142,1.5244161138747627,1.0,856,605,251,563.0,846.0,excluded,0.25201838727573667,0.16959307332015372
rank_displacement,1,pending,,,,,,,False,True,False,False,False,kepler-105 c,Kepler-105 c,Kepler-105 c,geometric_area_ratio_ppm,ppm,1136,5159,transit,transit,confirmed,confirmed,both_transit,1.311453,1.44,1.16,1.026,,,,,,,107.1919836419304,165.19735409541397,1.5411353394414984,107.1919836419304,165.19735409541397,1.5411353394414986,1.0000000000000002,2328,2156,172,2117.0,2306.0,excluded,0.1870148614666638,0.2455045167393908
rank_displacement,1,pending,,,,,,,False,True,False,False,False,kepler-31 c,Kepler-31 c,Kepler-31 c,geometric_area_ratio_ppm,ppm,2340,203,transit,transit,confirmed,confirmed,both_transit,4.2594199999999995,5.3,1.22,1.22,,,,,,,1022.2428807975225,1582.7229591212704,1.54828464824962,1022.2428807975225,1582.7229591212704,1.54828464824962,1.0,735,528,207,493.0,729.0,excluded,0.43714763956164715,0.0
rank_displacement,1,pending,,,,,,,False,True,False,False,False,hd 75289 b,HD 75289 b,HD 75289 b,geometric_area_ratio_ppm,ppm,833,4055,radial_velocity,radial_velocity,absent,absent,neither_confirmed_transit,11.54527,14.2,1.25,1.23,,,,,,,7154.198504949255,11177.361324367504,1.5623499007799457,7154.198504949255,11177.361324367504,1.5623499007799457,1.0,294,178,116,,,,0.4139322706534241,0.03225876385976728
rank_displacement,1,pending,,,,,,,False,True,False,False,False,kepler-130 d,Kepler-130 d,Kepler-130 d,geometric_area_ratio_ppm,ppm,1466,643,transit,transit,confirmed,confirmed,both_transit,1.311453,1.64,1.13,1.127,,,,,,,112.95914573465546,177.587620629388,1.5721402589795326,112.95914573465546,177.587620629388,1.5721402589795326,1.0,2317,2089,228,2051.0,2296.0,excluded,0.4471211179630593,0.005316795333219715
rank_displacement,1,pending,,,,,,,False,True,False,False,False,k2-35 b,K2-35 b,K2-35 b,geometric_area_ratio_ppm,ppm,994,3892,transit,transit,confirmed,confirmed,both_transit,1.0805476,1.32,0.601,0.619575,,,,,,,271.0888695793499,380.6562069613354,1.404174976095484,255.077915632207,404.5495690512928,1.5859842983608456,1.129477682881737,1793,1519,274,1422.0,1820.0,excluded,0.4003275738499167,0.06087764916294214
rank_displacement,1,pending,,,,,,,False,True,False,False,False,kepler-307 b,Kepler-307 b,Kepler-307 b,geometric_area_ratio_ppm,ppm,2333,2316,transit,transit,confirmed,confirmed,both_transit,2.432353,2.43,1.03,0.814,,,,,,,467.6829970231909,747.37155040254,1.598030193869717,466.7785840423426,748.8196299734732,1.6042287619295448,1.0038788804389345,1366,954,412,922.0,1359.0,excluded,0.0019356884896473137,0.47070743044228247
rank_displacement,1,pending,,,,,,,False,True,False,False,False,kepler-307 c,Kepler-307 c,Kepler-307 c,geometric_area_ratio_ppm,ppm,2334,3153,transit,transit,confirmed,confirmed,both_transit,2.196964,2.2,1.03,0.814,,,,,,,381.5436729096582,612.589257048941,1.60555475177278,381.5436729096582,612.589257048941,1.60555475177278,1.0,1518,1151,367,1115.0,1512.0,excluded,0.0027619061538637357,0.47070743044228247
rank_displacement,1,pending,,,,,,,False,True,False,False,False,kepler-167 b,Kepler-167 b,Kepler-167 b,geometric_area_ratio_ppm,ppm,1925,2051,transit,transit,confirmed,confirmed,both_transit,1.445961,1.718,0.7,0.749,,,,,,,357.8408389562282,441.2203228384583,1.233007177507845,312.552047302147,505.15314761775096,1.6162208885786458,1.3107960100000007,1584,1401,183,1257.0,1665.0,excluded,0.3447733422871404,0.13531729694762973
rank_displacement,1,pending,,,,,,,False,True,False,False,False,kepler-31 b,Kepler-31 b,Kepler-31 b,geometric_area_ratio_ppm,ppm,2339,220,transit,transit,confirmed,confirmed,both_transit,4.2594199999999995,5.5,1.22,1.22,,,,,,,1022.2428807975225,1704.4275369675502,1.6673410683357444,1022.2428807975225,1704.4275369675502,1.6673410683357444,1.0,735,512,223,480.0,729.0,excluded,0.5112301829223456,0.0
rank_displacement,1,pending,,,,,,,False,True,False,False,False,kepler-50 c,Kepler-50 c,Kepler-50 c,geometric_area_ratio_ppm,ppm,2712,181,transit,transit,confirmed,confirmed,both_transit,2.80225,2.17,1.58,1.58,,,,,,,263.798551316082,158.18966933972152,1.6676092213680482,158.18966933972152,263.798551316082,1.6676092213680485,1.0000000000000002,1797,2170,373,1752.0,2153.0,excluded,0.5113909967333989,0.0
rank_displacement,1,pending,,,,,,,False,True,False,False,False,kepler-432 b,Kepler-432 b,Kepler-432 b,geometric_area_ratio_ppm,ppm,2610,928,transit,transit,confirmed,confirmed,both_transit,16.253049999999998,12.834305,4.15,4.06,,,,,,,1286.3121559543572,838.0413909226199,1.5349028936843145,802.0867511343936,1343.972864296872,1.6755953921394255,1.091662149464973,609,866,257,552.0,891.0,excluded,0.4723178388525602,0.043850721257931546
rank_displacement,1,pending,,,,,,,False,True,False,False,False,ogle-tr-182 b,OGLE-TR-182 b,OGLE-TR-182 b,geometric_area_ratio_ppm,ppm,3452,3089,transit,transit,confirmed,confirmed,both_transit,16.47723,12.666,1.14,1.14,,,,,,,17519.896233979252,10352.42491218511,1.6923470957377162,10352.42491218511,17519.896233979252,1.692347095737716,0.9999999999999999,65,200,135,44.0,216.0,excluded,0.5261163794707286,0.0
rank_displacement,1,pending,,,,,,,False,True,False,False,False,kepler-167 c,Kepler-167 c,Kepler-167 c,geometric_area_ratio_ppm,ppm,1926,2545,transit,transit,confirmed,confirmed,both_transit,1.3674979999999999,1.674,0.7,0.749,,,,,,,320.05907379511444,418.90939101374875,1.3088502258239778,279.5519903879067,479.609361771641,1.7156356536976696,1.3107960100000005,1670,1452,218,1314.0,1758.0,excluded,0.4044663585544116,0.13531729694762973
rank_displacement,1,pending,,,,,,,False,True,False,False,False,kepler-50 b,Kepler-50 b,Kepler-50 b,geometric_area_ratio_ppm,ppm,2711,5952,transit,transit,confirmed,confirmed,both_transit,2.2418,1.71,1.58,1.58,,,,,,,168.8310728422925,98.23152161147611,1.7187056667008653,98.23152161147611,168.8310728422925,1.718705666700865,0.9999999999999999,2130,2384,254,2084.0,2366.0,excluded,0.5415714881805789,0.0
rank_displacement,1,pending,,,,,,,False,True,False,False,False,kepler-9 d,Kepler-9 d,Kepler-9 d,geometric_area_ratio_ppm,ppm,3240,5224,transit,transit,confirmed,confirmed,both_transit,2.000003568572504,1.64,1.1,1.02,,,,,,,277.2355985558268,216.80044886811223,1.2787593383834714,186.41255124163968,322.4289448794217,1.7296525514608134,1.3526020882454186,1779,1969,190,1602.0,2053.0,excluded,0.39690544601699707,0.1510151050162904
rank_displacement,1,pending,,,,,,,False,True,False,False,False,kepler-1650 b,Kepler-1650 b,Kepler-1650 b,geometric_area_ratio_ppm,ppm,1921,3905,transit,transit,confirmed,confirmed,both_transit,0.751003,0.96,0.344,0.334,,,,,,,399.7047258026018,692.8230960025813,1.733337264430391,399.7047258026018,692.8230960025813,1.7333372644303908,0.9999999999999999,1485,1014,471,978.0,1480.0,excluded,0.49104727606391513,0.059001328793395924
rank_displacement,1,pending,,,,,,,False,True,False,False,False,kepler-411 b,Kepler-411 b,Kepler-411 b,geometric_area_ratio_ppm,ppm,2588,1134,transit,transit,confirmed,confirmed,both_transit,1.8831120000000001,2.401,0.79,0.82,,,,,,,476.50881999008664,719.0009096169862,1.5088931819393068,442.28012277783046,774.6454280186849,1.7514814438265198,1.1607723229124982,1355,997,358,909.0,1396.0,excluded,0.48591917955807173,0.07454278959446303
rank_displacement,1,pending,,,,,,,False,True,False,False,False,kepler-160 c,Kepler-160 c,Kepler-160 c,geometric_area_ratio_ppm,ppm,1858,1953,transit,transit,confirmed,confirmed,both_transit,3.609298,3.76,0.88,1.118,,,,,,,1410.7594298814236,948.56021920877,1.4872639620689463,874.046824047041,1531.0281294347928,1.75165458796106,1.1777698059222235,566,785,219,501.0,833.0,excluded,0.08181132760114718,0.4787494924855848
rank_displacement,1,pending,,,,,,,False,True,False,False,False,hd 83443 b,HD 83443 b,HD 83443 b,geometric_area_ratio_ppm,ppm,852,4722,radial_velocity,radial_velocity,absent,absent,neither_confirmed_transit,11.65736,14.1,1.04,0.94,,,,,,,10536.74725608747,18869.28059025002,1.7908069854620965,10536.74725608747,18869.28059025002,1.7908069854620965,1.0,197,44,153,,,,0.380474114383766,0.2021922337427377
rank_displacement,1,pending,,,,,,,False,True,False,False,False,kepler-84 b,Kepler-84 b,Kepler-84 b,geometric_area_ratio_ppm,ppm,3159,6037,transit,transit,confirmed,confirmed,both_transit,2.2025685,2.23,1.035,1.43,,,,,,,379.79651262700503,203.94378523753778,1.8622607802667177,198.9571711276167,389.31563997502025,1.956781139219668,1.0507557050841252,1521,1988,467,1464.0,1972.0,excluded,0.02475481221178044,0.6465460351089671
rank_displacement,1,pending,,,,,,,False,True,False,False,False,kepler-411 c,Kepler-411 c,Kepler-411 c,geometric_area_ratio_ppm,ppm,2589,1969,transit,transit,confirmed,confirmed,both_transit,3.2730279999999996,4.421,0.79,0.82,,,,,,,1439.5212594825227,2437.733073124852,1.6934331862533,1336.1172189813249,2626.392754957779,1.9656903733043563,1.1607723229124982,555,449,106,407.0,590.0,excluded,0.6013007290380066,0.07454278959446303
secondary_extreme,1,pending,,,,,,,False,False,False,True,False,kepler-109 b,Kepler-109 b,Kepler-109 b,escape_velocity_km_s,km s^-1,1191,4922,transit,transit,confirmed,confirmed,both_transit,2.3381974,2.49,,,1.3030948,4.9,,,,,8.350687546957394,15.691815076708187,1.8791045633632362,8.092135519427453,16.193184658812623,2.001101516396545,1.064922918826272,,,,,,,0.03145120992656153,
secondary_extreme,1,pending,,,,,,,False,False,False,True,False,gj 9827 c,GJ 9827 c,GJ 9827 c,density_g_cm3,g cm^-3,248,3017,transit,transit,confirmed,confirmed,both_transit,1.289035,1.13,,,2.5108412,1.86,,,,,6.463859077039914,7.107950186326539,1.0996449801287411,4.78834658412258,9.595125900739971,2.0038494983959456,1.8222694911600874,,,,,,,0.39502873108746644,
secondary_extreme,1,pending,,,,,,,False,False,False,True,False,kelt-8 b,KELT-8 b,KELT-8 b,density_g_cm3,g cm^-3,1026,4939,transit,transit,confirmed,confirmed,both_transit,20.84874,18.15858,,,277.78167199999996,209.7678,,,,,0.16901720253882066,0.19317900911694164,1.1429547183078679,0.12763393093379743,0.2558142295805523,2.0042807403091016,1.7535959283465032,,,,,,,0.41445101544245144,
secondary_extreme,1,pending,,,,,,,False,False,False,True,False,k2-99 b,K2-99 b,K2-99 b,density_g_cm3,g cm^-3,1009,2494,transit,transit,confirmed,confirmed,both_transit,14.45961,11.88151954,,,308.29315999999994,276.51071409,,,,,0.5622907156667595,0.9089976612367597,1.6165973150719342,0.504323246468371,1.0134788532066676,2.0095818709602726,1.2430936586523105,,,,,,,0.589125096750263,
primary_extreme;rank_displacement,1,pending,,,,,,,True,True,False,False,False,kepler-160 b,Kepler-160 b,Kepler-160 b,geometric_area_ratio_ppm,ppm,1857,4367,transit,transit,confirmed,confirmed,both_transit,1.535633,1.715,0.88,1.118,,,,,,,255.37733632425866,197.34106430669394,1.2940912081398768,158.22098723562854,318.5192826220045,2.01312915680177,1.5556315846511595,1838,2001,163,1621.0,2153.0,excluded,0.2209408134659142,0.4787494924855848
secondary_extreme,1,pending,,,,,,,False,False,False,True,False,k2-39 b,K2-39 b,K2-39 b,insolation_searth,S_earth,996,1137,transit,transit,confirmed,confirmed,both_transit,,,3.88,2.97,,,4881.0,4881.0,0.062,0.05708,2002.6728636121018,1384.442461013965,1.4465555051997938,1173.4361424325107,2362.791844946506,2.01356661816167,1.391973284760727,,,,,,,,0.5345464016411476
secondary_extreme,1,pending,,,,,,,False,False,False,True,False,kepler-42 b,Kepler-42 b,Kepler-42 b,escape_velocity_km_s,km s^-1,2595,5232,transit,transit,confirmed,confirmed,both_transit,0.78463,0.78,,,2.8604519999999996,0.705944,,,,,21.357956253482786,10.641739886097763,2.0069985248732265,10.610295666053856,21.42125178239734,2.018911862270871,1.0059358974358972,,,,,,,0.002959174702339959,
secondary_extreme,1,pending,,,,,,,False,False,False,True,False,kepler-114 d,Kepler-114 d,Kepler-114 d,insolation_searth,S_earth,1261,5632,transit,transit,confirmed,confirmed,both_transit,,,0.65,0.54,,,4450.0,4660.0,0.09,0.08358,18.427925534652797,17.73459042829846,1.0390950729399426,12.718539848295267,25.695694293402283,2.0203336703659747,1.9443203254248762,,,,,,,,0.37080644666272544
secondary_extreme,1,pending,,,,,,,False,False,False,True,False,kepler-432 b,Kepler-432 b,Kepler-432 b,density_g_cm3,g cm^-3,2610,928,transit,transit,confirmed,confirmed,both_transit,16.253049999999998,12.834305,,,1719.44948,1719.4603,,,,,2.2082669248678943,4.484787265592236,2.030908136642281,2.2082669248678943,4.484787265592236,2.0309081366422816,1.0000000000000002,,,,,,,0.7084767582788403,
secondary_extreme,1,pending,,,,,,,False,False,False,True,False,kepler-114 c,Kepler-114 c,Kepler-114 c,insolation_searth,S_earth,1260,291,transit,transit,confirmed,confirmed,both_transit,,,0.65,0.54,,,4450.0,4660.0,0.07,0.06482,30.462489149119904,29.48545563938549,1.0331361170634017,21.024525055345222,42.721553524143964,2.0319866161867255,1.966814036046352,,,,,,,,0.37080644666272544
secondary_extreme,1,pending,,,,,,,False,False,False,True,False,kepler-102 e,Kepler-102 e,Kepler-102 e,density_g_cm3,g cm^-3,1098,2681,transit,transit,confirmed,confirmed,both_transit,2.219382,2.17,,,8.930966799999998,4.7,,,,,4.504733035272811,2.5362112121638867,1.776166359358292,2.3706554665260007,4.819323007153918,2.0329073858278686,1.1445478488638499,,,,,,,0.06750483359696491,
secondary_extreme,1,pending,,,,,,,False,False,False,True,False,wasp-74 b,WASP-74 b,WASP-74 b,density_g_cm3,g cm^-3,3638,4963,transit,transit,confirmed,confirmed,both_transit,17.48604,15.24424,,,308.29315999999994,228.8376,,,,,0.3179481105663762,0.3561859738453063,1.1202644771526247,0.23600420634224967,0.479858639596145,2.0332630804904444,1.8149848736241174,,,,,,,0.41160336454045554,
secondary_extreme,1,pending,,,,,,,False,False,False,True,False,k2-32 d,K2-32 d,K2-32 d,density_g_cm3,g cm^-3,991,2225,transit,transit,confirmed,confirmed,both_transit,3.755015,3.484,,,10.901500399999998,6.7,,,,,1.1353192672327934,0.873588936816471,1.2996035313474996,0.6977607495624836,1.42140748420005,2.037098654648193,1.5674770078040787,,,,,,,0.22473366267489414,
secondary_extreme,1,pending,,,,,,,False,False,False,True,False,kepler-445 b,Kepler-445 b,Kepler-445 b,gravity_gearth,g_earth,2629,942,transit,transit,confirmed,confirmed,both_transit,1.580469,1.58,,,6.35656,3.12,,,,,2.5447796727213428,1.249799711584682,2.036149991981269,1.2490580721161428,2.5462906585483096,2.038568674580844,1.0011878705444588,,,,,,,0.0005935827922279868,
secondary_extreme,1,pending,,,,,,,False,False,False,True,False,kepler-445 b,Kepler-445 b,Kepler-445 b,density_g_cm3,g cm^-3,2629,942,transit,transit,confirmed,confirmed,both_transit,1.580469,1.58,,,6.35656,3.12,,,,,8.878323532689022,4.361642790935403,2.0355457698508514,4.357761025144064,8.886232083060369,2.0391737940165267,1.0017823348506387,,,,,,,0.0008903741883419802,
secondary_extreme,1,pending,,,,,,,False,False,False,True,False,kepler-74 b,Kepler-74 b,Kepler-74 b,gravity_gearth,g_earth,3023,327,transit,transit,confirmed,confirmed,both_transit,14.79588,10.76,,,216.12304,200.22,,,,,0.9872325521663695,1.7293500642611344,1.7517149940672767,0.9145887527528325,1.86670858611683,2.041036018099063,1.1651644388565843,,,,,,,0.6370264178071983,
secondary_extreme,1,pending,,,,,,,False,False,False,True,False,k2-3 c,K2-3 c,K2-3 c,density_g_cm3,g cm^-3,985,2842,transit,transit,confirmed,confirmed,both_transit,1.849485,1.582,,,2.0976648,2.68,,,,,1.8283124313409032,3.7323478987106005,2.041416901581344,1.8283124313409032,3.7323478987106005,2.041416901581344,1.0,,,,,,,0.4686520578358191,
secondary_extreme,1,pending,,,,,,,False,False,False,True,False,k2-24 c,K2-24 c,K2-24 c,gravity_gearth,g_earth,979,1547,transit,transit,confirmed,confirmed,both_transit,8.104106999999999,7.5,,,27.01538,15.4,,,,,0.4113398144389067,0.27377777777777784,1.5024587378044478,0.234482474144697,0.4802734222222223,2.048227373811528,1.363250332454797,,,,,,,0.15493589934664254,
primary_extreme,1,pending,,,,,,,True,False,False,False,False,kepler-210 c,Kepler-210 c,Kepler-210 c,geometric_area_ratio_ppm,ppm,2053,6020,transit,transit,confirmed,confirmed,both_transit,4.887124,3.62,0.69,0.65,,,,,,,4207.085709710575,2601.1371525772206,1.6174024908844857,2308.2975151520195,4740.813032883323,2.053813688124645,1.2698222611253094,385,437,52,342.0,446.0,excluded,0.6002599311363519,0.11943846940324432
primary_extreme,1,pending,,,,,,,True,False,False,False,False,kepler-953 b,Kepler-953 b,Kepler-953 b,geometric_area_ratio_ppm,ppm,3312,548,transit,transit,confirmed,confirmed,both_transit,3.5308349999999997,4.21,0.822,0.99,,,,,,,1547.3338816447927,1516.5845485592185,1.0202753833373726,1066.736808984063,2199.851581571992,2.0622252490444044,2.0212437570519057,535,540,5,437.0,711.0,excluded,0.35185652162367154,0.3719290961449115
primary_extreme,1,pending,,,,,,,True,False,False,False,False,wasp-32 b,WASP-32 b,WASP-32 b,geometric_area_ratio_ppm,ppm,3589,953,transit,transit,confirmed,confirmed,both_transit,13.226619999999999,10.76064,1.11,0.95,,,,,,,11907.610485655556,10759.741020731537,1.106681885996358,7881.394587460608,16256.362193214632,2.0626250865650984,1.8637922176778867,162,186,24,59.0,279.0,excluded,0.4126728659956571,0.31130661942358684
secondary_extreme,1,pending,,,,,,,False,False,False,True,False,wasp-93 b,WASP-93 b,WASP-93 b,insolation_searth,S_earth,3659,5515,transit,transit,confirmed,confirmed,both_transit,,,1.06,1.524,,,6700.0,6700.0,0.04211,0.04211,1150.363699515461,2377.898824996287,2.067084371662519,1150.363699515461,2377.898824996287,2.067084371662519,1.0,,,,,,,,0.7261390982809575
secondary_extreme,1,pending,,,,,,,False,False,False,True,False,kepler-20 e,Kepler-20 e,Kepler-20 e,escape_velocity_km_s,km s^-1,2023,1039,transit,transit,confirmed,confirmed,both_transit,0.8653348000000001,0.821,,,3.0829315999999998,0.76,,,,,21.113715966372766,10.762422387151702,1.9617996029944478,10.483095118291647,21.676301400333315,2.067738693175737,1.0540009744214374,,,,,,,0.026296687308630357,
primary_extreme,1,pending,,,,,,,True,False,False,False,False,kepler-128 c,Kepler-128 c,Kepler-128 c,geometric_area_ratio_ppm,ppm,1440,2664,transit,transit,confirmed,confirmed,both_transit,1.132109,1.521,1.55,1.659,,,,,,,44.73896306320431,70.49178054774457,1.575623924232628,39.053192155651395,80.75470895222762,2.0678132694088,1.3123774256067364,2559,2464,95,2408.0,2536.0,excluded,0.59057149675815,0.13592016055430434
secondary_extreme,1,pending,,,,,,,False,False,False,True,False,wasp-32 b,WASP-32 b,WASP-32 b,gravity_gearth,g_earth,3589,953,transit,transit,confirmed,confirmed,both_transit,13.226619999999999,10.76064,,,1144.1807999999999,835.8929,,,,,6.540288452461317,7.2189566185289715,1.1037673140872328,4.778074130735636,9.881399350268161,2.0680715869820157,1.8736481508262637,,,,,,,0.4126728659956571,
secondary_extreme,1,pending,,,,,,,False,False,False,True,False,kelt-15 b,KELT-15 b,KELT-15 b,gravity_gearth,g_earth,1013,1775,transit,transit,confirmed,confirmed,both_transit,16.174587,19.50366,,,292.40175999999997,416.3573,,,,,1.1176699688534641,1.0945458247649573,1.0211267025695088,0.7686838337214812,1.5914748615839822,2.070389400384638,2.0275538727709503,,,,,,,0.3743216668694078,
secondary_extreme,1,pending,,,,,,,False,False,False,True,False,kepler-446 c,Kepler-446 c,Kepler-446 c,gravity_gearth,g_earth,2633,3025,transit,transit,confirmed,confirmed,both_transit,1.098482,1.11,,,2.8604519999999996,1.41,,,,,2.370548115682825,1.144387630874117,2.071455555555184,1.144387630874117,2.370548115682825,2.071455555555184,1.0,,,,,,,0.020861577193699438,
secondary_extreme,1,pending,,,,,,,False,False,False,True,False,kepler-22 b,Kepler-22 b,Kepler-22 b,escape_velocity_km_s,km s^-1,2077,4920,transit,transit,confirmed,confirmed,both_transit,2.35389,2.1,,,34.961079999999995,9.1,,,,,43.10961587577062,23.28551587002815,1.8513489723136851,21.993909272405855,45.641256049260235,2.0751770630664086,1.1208999999999993,,,,,,,0.057065967022456254,
secondary_extreme,1,pending,,,,,,,False,False,False,True,False,ogle-tr-10 b,OGLE-TR-10 b,OGLE-TR-10 b,gravity_gearth,g_earth,3448,108,transit,transit,confirmed,confirmed,both_transit,19.27948,14.011,,,216.12304,197.046,,,,,0.5814474036285433,1.0037587798010663,1.7263105373539787,0.5301234199527732,1.1009378465804784,2.076757609913852,1.203003495012563,,,,,,,0.638397164950451,
secondary_extreme,1,pending,,,,,,,False,False,False,True,False,lhs 1140 b,LHS 1140 b,LHS 1140 b,density_g_cm3,g cm^-3,3366,3053,transit,transit,confirmed,confirmed,both_transit,1.434752,1.73,,,6.642605199999999,5.6,,,,,12.401513388324403,5.963709488177895,2.079496563826328,5.963709488177895,12.401513388324403,2.079496563826328,1.0,,,,,,,0.5613881895997475,
secondary_extreme,1,pending,,,,,,,False,False,False,True,False,kepler-446 c,Kepler-446 c,Kepler-446 c,density_g_cm3,g cm^-3,2633,3025,transit,transit,confirmed,confirmed,both_transit,1.098482,1.11,,,2.8604519999999996,1.41,,,,,11.899332269327214,5.6848228798557505,2.093175551958297,5.6848228798557505,11.899332269327214,2.093175551958297,1.0,,,,,,,0.031292365790549156,
primary_extreme,1,pending,,,,,,,True,False,False,False,False,kelt-15 b,KELT-15 b,KELT-15 b,geometric_area_ratio_ppm,ppm,1013,1775,transit,transit,confirmed,confirmed,both_transit,16.174587,19.50366,1.481,1.78,,,,,,,10002.973262149222,10068.506499346811,1.0065513758239826,6924.672212233583,14544.37094145947,2.100369590890443,2.0866988425414843,211,211,0,84.0,308.0,excluded,0.3743216668694078,0.367791658036664
secondary_extreme,1,pending,,,,,,,False,False,False,True,False,wasp-88 b,WASP-88 b,WASP-88 b,density_g_cm3,g cm^-3,3654,4863,transit,transit,confirmed,confirmed,both_transit,19.0553,16.36514,,,177.98368,133.4886,,,,,0.141840277469079,0.16793907826155188,1.184001337688883,0.10638087752179795,0.2239173619679811,2.104864776304363,1.7777554039026373,,,,,,,0.4565754460257758,
secondary_extreme,1,pending,,,,,,,False,False,False,True,False,bd+20 594 b,BD+20 594 b,BD+20 594 b,density_g_cm3,g cm^-3,64,2896,transit,transit,confirmed,confirmed,both_transit,2.230591,2.57807,,,16.3045764,22.2481,,,,,8.10058615115753,7.159382636976985,1.1314643401400828,5.246771687533977,11.053500951399625,2.106724212464228,1.8619448600593116,,,,,,,0.43432345259610894,
secondary_extreme,1,pending,,,,,,,False,False,False,True,False,wasp-16 b,WASP-16 b,WASP-16 b,gravity_gearth,g_earth,3572,344,transit,transit,confirmed,confirmed,both_transit,11.298672,13.67498,,,271.74294,394.1092,,,,,2.1286461185384926,2.1074786001220627,1.0100440015928056,1.4531313422377696,3.0871787096301775,2.124500807253964,2.103374510322023,,,,,,,0.3817653781919761,
primary_extreme,1,pending,,,,,,,True,False,False,False,False,wasp-16 b,WASP-16 b,WASP-16 b,geometric_area_ratio_ppm,ppm,3572,344,transit,transit,confirmed,confirmed,both_transit,11.298672,13.67498,0.946,1.14,,,,,,,11963.144657162538,12067.47815940337,1.0087212438895292,8237.926718997596,17524.43203156566,2.12728671052054,2.108894527013165,160,151,9,44.0,270.0,excluded,0.3817653781919761,0.37308194467332567
secondary_extreme,1,pending,,,,,,,False,False,False,True,False,kepler-54 d,Kepler-54 d,Kepler-54 d,insolation_searth,S_earth,2767,1492,transit,transit,confirmed,confirmed,both_transit,,,0.5,0.554,,,3705.0,4252.0,0.126,0.126,2.67329248799073,5.693065400961735,2.1296081242650304,2.67329248799073,5.693065400961735,2.1296081242650304,1.0,,,,,,,,0.20511317665018436
secondary_extreme,1,pending,,,,,,,False,False,False,True,False,kepler-279 b,Kepler-279 b,Kepler-279 b,insolation_searth,S_earth,2247,380,transit,transit,confirmed,confirmed,both_transit,,,1.27,1.746,,,6562.0,6363.0,0.112,0.112,214.78849308333312,358.9176674350157,1.6710283790471199,189.89511808563088,405.9682297603275,2.1378550109816996,1.2793648736239782,,,,,,,,0.6366211138938209
secondary_extreme,1,pending,,,,,,,False,False,False,True,False,k2-32 c,K2-32 c,K2-32 c,density_g_cm3,g cm^-3,990,2229,transit,transit,confirmed,confirmed,both_transit,3.47479,3.134,,,12.71312,8.1,,,,,1.6708336726949788,1.4509578760159065,1.1515383735900144,1.0645500670826147,2.2773088386093017,2.1392219201584726,1.857707888178554,,,,,,,0.30967170480655226,
primary_extreme,1,pending,,,,,,,True,False,False,False,False,hat-p-14 b,HAT-P-14 b,HAT-P-14 b,geometric_area_ratio_ppm,ppm,260,1921,transit,transit,confirmed,confirmed,both_transit,13.4508,15.91678,1.468,1.82,,,,,,,7040.717898624781,6414.17013862299,1.0976818117481835,4580.641241627206,9858.960813046539,2.152310188244362,1.9607778549382744,300,323,23,188.0,370.0,excluded,0.3366706296384292,0.4298711417927604
secondary_extreme,1,pending,,,,,,,False,False,False,True,False,k2-105 b,K2-105 b,K2-105 b,gravity_gearth,g_earth,955,4255,transit,transit,confirmed,confirmed,both_transit,3.58688,3.4,,,29.875832,15.4,,,,,2.3221288473130195,1.332179930795848,1.7431045113596428,1.1969803635467122,2.584414532871973,2.159111888196916,1.2386588836906756,,,,,,,0.10701462445695542,
secondary_extreme,1,pending,,,,,,,False,False,False,True,False,kepler-50 b,Kepler-50 b,Kepler-50 b,escape_velocity_km_s,km s^-1,2711,5952,transit,transit,confirmed,confirmed,both_transit,2.2418,1.71,,,31.782799999999998,8.9,,,,,42.118457733185174,25.519476616569264,1.6504436343274587,22.288014719636696,48.22506673512733,2.1637219528861396,1.3109941520467843,,,,,,,0.13539287204514472,
secondary_extreme,1,pending,,,,,,,False,False,False,True,False,kepler-41 b,Kepler-41  b,Kepler-41 b,insolation_searth,S_earth,2586,306,transit,transit,confirmed,confirmed,both_transit,,,0.966,1.29,,,5660.0,5750.0,0.029,0.03101,1025.9322738569538,1704.2840407471658,1.6612052122504872,897.2452242977221,1948.7203206797788,2.1718926642435474,1.3074198468840679,,,,,,,,0.5784673262863997
secondary_extreme,1,pending,,,,,,,False,False,False,True,False,kepler-74 b,Kepler-74 b,Kepler-74 b,insolation_searth,S_earth,3023,327,transit,transit,confirmed,confirmed,both_transit,,,1.51,1.12,,,6050.0,6000.0,0.084,0.0781,390.0421407360834,240.1229606424023,1.6243433767957947,207.57602210374208,451.1989037059424,2.17365618212128,1.3381752978911814,,,,,,,,0.5975619310396594
primary_extreme,1,pending,,,,,,,True,False,False,False,False,k2-99 b,K2-99 b,K2-99 b,geometric_area_ratio_ppm,ppm,1009,2494,transit,transit,confirmed,confirmed,both_transit,14.45961,11.88151954,3.1,2.55,,,,,,,1824.578679381392,1820.6918021030997,1.0021348353816952,1231.9509306113853,2696.5322735648083,2.1888309075967736,2.1841680683249445,501,496,5,404.0,624.0,excluded,0.39275006450017536,0.39061750464153167
secondary_extreme,1,pending,,,,,,,False,False,False,True,False,hat-p-14 b,HAT-P-14 b,HAT-P-14 b,gravity_gearth,g_earth,260,1921,transit,transit,confirmed,confirmed,both_transit,13.4508,15.91678,,,699.2216,1093.3352,,,,,3.8647250792159937,4.315617081292502,1.1166685838797044,2.7599703005708354,6.043062696332083,2.1895390305766034,1.9607778549382708,,,,,,,0.3366706296384292,
secondary_extreme,1,pending,,,,,,,False,False,False,True,False,kelt-3 b,KELT-3 b,KELT-3 b,density_g_cm3,g cm^-3,1021,834,transit,transit,confirmed,confirmed,both_transit,14.941597,17.48604,,,450.6801039999999,616.5902,,,,,0.7449791049471997,0.6359002226443944,1.1715345873747303,0.46479424823002197,1.0192302949215941,2.192863398811225,1.8717871605696006,,,,,,,0.471761340194623,
secondary_extreme,1,pending,,,,,,,False,False,False,True,False,hat-p-41 b,HAT-P-41 b,HAT-P-41 b,gravity_gearth,g_earth,291,1144,transit,transit,confirmed,confirmed,both_transit,18.887165,22.97845,,,254.26239999999999,378.2177,,,,,0.712768655860286,0.7163089686672289,1.004966987223463,0.4815492175930804,1.0602500473981562,2.201748042905327,2.190866039279905,,,,,,,0.39214845869198367,
secondary_extreme,1,pending,,,,,,,False,False,False,True,False,k2-24 c,K2-24 c,K2-24 c,density_g_cm3,g cm^-3,979,1547,transit,transit,confirmed,confirmed,both_transit,8.104106999999999,7.5,,,27.01538,15.4,,,,,0.2798738635627752,0.2012814222222223,1.3904604830036618,0.15954088000489858,0.35309702001777804,2.213207173026352,1.5917080708726072,,,,,,,0.2324038490199638,
secondary_extreme,1,pending,,,,,,,False,False,False,True,False,kepler-65 c,Kepler-65 c,Kepler-65 c,escape_velocity_km_s,km s^-1,2916,5246,transit,transit,confirmed,confirmed,both_transit,2.5713445999999998,2.58,,,26.697551999999998,5.4,,,,,36.043785306548486,16.183104626394684,2.227247869840808,16.183104626394684,36.043785306548486,2.227247869840808,1.0,,,,,,,0.0016802230907173032,
secondary_extreme,1,pending,,,,,,,False,False,False,True,False,k2-95 b,K2-95 b,K2-95 b,insolation_searth,S_earth,1007,4604,transit,transit,confirmed,confirmed,both_transit,,,0.44,0.4,,,3410.0,3566.0,0.0653,0.0525,5.530841548978719,8.457099525420253,1.529080059612605,4.570943428908024,10.23309042575852,2.2387261152788223,1.4641000000000046,,,,,,,,0.19062035960864954
secondary_extreme,1,pending,,,,,,,False,False,False,True,False,k2-19 b,K2-19 b,K2-19 b,gravity_gearth,g_earth,975,10,transit,transit,confirmed,confirmed,both_transit,7.745418999999999,7.0,,,59.43383599999999,32.4,,,,,0.9907040273770842,0.6612244897959184,1.4982869549838618,0.5400763714295261,1.2129354285714282,2.2458590909298883,1.4989512412554369,,,,,,,0.2023828455383554,
primary_extreme,1,pending,,,,,,,True,False,False,False,False,wasp-73 b,WASP-73 b,WASP-73 b,geometric_area_ratio_ppm,ppm,3637,1742,transit,transit,confirmed,confirmed,both_transit,13.002439999999998,15.91678,2.07,2.55,,,,,,,3308.886346890547,3267.4044086389536,1.0126956853403013,2180.4301588298817,4958.411437180516,2.2740519420449705,2.245543231756546,414,411,3,332.0,456.0,excluded,0.40447373298979183,0.4170895037861142
secondary_extreme,1,pending,,,,,,,False,False,False,True,False,k2-105 b,K2-105 b,K2-105 b,density_g_cm3,g cm^-3,955,4255,transit,transit,confirmed,confirmed,both_transit,3.58688,3.4,,,29.875832,15.4,,,,,3.569737059529168,2.160482393649501,1.652287040163815,1.8400809964639375,4.191312274781192,2.2777868380987516,1.3785660619070896,,,,,,,0.16052193668543313,
secondary_extreme,1,pending,,,,,,,False,False,False,True,False,wasp-73 b,WASP-73 b,WASP-73 b,gravity_gearth,g_earth,3637,1742,transit,transit,confirmed,confirmed,both_transit,13.002439999999998,15.91678,,,597.5166399999999,908.9938,,,,,3.5342745833063764,3.587983968748999,1.0151967211875135,2.3585200750332582,5.3766430399713725,2.2796681261640543,2.245543231756542,,,,,,,0.40447373298979183,
secondary_extreme,1,pending,,,,,,,False,False,False,True,False,k2-3 d,K2-3 d,K2-3 d,escape_velocity_km_s,km s^-1,986,2843,transit,transit,confirmed,confirmed,both_transit,1.513215,1.458,,,11.0921972,2.2,,,,,30.28539812335715,13.74065366848722,2.2040725902883067,13.487635991771526,30.85352889707142,2.2875416356057054,1.03787037037037,,,,,,,0.01858544645439214,
primary_extreme,1,pending,,,,,,,True,False,False,False,False,hat-p-57 b,HAT-P-57 b,HAT-P-57 b,geometric_area_ratio_ppm,ppm,310,1774,transit,transit,confirmed,confirmed,both_transit,15.838317,19.50366,1.5,1.85,,,,,,,9349.930192150807,9320.980567576467,1.0031058561236617,6146.77660550455,14178.247107791309,2.306614998029118,2.299473165217731,232,231,1,89.0,330.0,excluded,0.4163400190480946,0.4194410619641382
secondary_extreme,1,pending,,,,,,,False,False,False,True,False,ogle-tr-182 b,OGLE-TR-182 b,OGLE-TR-182 b,density_g_cm3,g cm^-3,3452,3089,transit,transit,confirmed,confirmed,both_transit,16.47723,12.666,,,336.89768,320.995,,,,,0.41525241828763365,0.8710570063184813,2.097656673284259,0.39565113659506035,0.9142107652033264,2.3106486514128224,1.101538054745196,,,,,,,0.789174569206093,
secondary_extreme,1,pending,,,,,,,False,False,False,True,False,xo-6 b,XO-6 b,XO-6 b,density_g_cm3,g cm^-3,3687,1590,transit,transit,confirmed,confirmed,both_transit,23.20263,23.20263,,,603.8731999999999,1398.452,,,,,0.2665636177175216,0.6173091045012488,2.3158040462799145,0.2665636177175216,0.6173091045012488,2.3158040462799145,1.0,,,,,,,0.0,
secondary_extreme,1,pending,,,,,,,False,False,False,True,False,xo-6 b,XO-6 b,XO-6 b,gravity_gearth,g_earth,3687,1590,transit,transit,confirmed,confirmed,both_transit,23.20263,23.20263,,,603.8731999999999,1398.452,,,,,1.1216860706131846,2.597605140981831,2.3158040462799145,1.1216860706131846,2.597605140981831,2.3158040462799145,1.0,,,,,,,0.0,
primary_extreme,1,pending,,,,,,,True,False,False,False,False,kepler-391 c,Kepler-391 c,Kepler-391 c,geometric_area_ratio_ppm,ppm,2545,5176,transit,transit,confirmed,confirmed,both_transit,3.5420439999999997,2.88,3.57,2.879,,,,,,,82.55517375608056,83.92173815695187,1.016553346552319,54.57847136336699,126.93967973807423,2.325819623876018,2.28794645334072,2414,2413,1,2222.0,2494.0,excluded,0.4138273349917574,0.4302451683230175
secondary_extreme,1,pending,,,,,,,False,False,False,True,False,kepler-26 c,Kepler-26 c,Kepler-26 c,insolation_searth,S_earth,2198,3147,transit,transit,confirmed,confirmed,both_transit,,,0.59,0.512,,,4500.0,3914.0,0.107,0.10725,11.232624303712855,4.818627067460305,2.331083967789418,4.818627067460305,11.232624303712855,2.331083967789418,1.0,,,,,,,,0.2835958237205145
secondary_extreme,1,pending,,,,,,,False,False,False,True,False,kepler-50 c,Kepler-50 c,Kepler-50 c,escape_velocity_km_s,km s^-1,2712,181,transit,transit,confirmed,confirmed,both_transit,2.80225,2.17,,,34.961079999999995,8.2,,,,,39.51061558623778,21.744622590721214,1.8170292641959953,19.13499276117921,44.899072342103246,2.3464379058033313,1.2913594470046086,,,,,,,0.12784774918334973,
secondary_extreme,1,pending,,,,,,,False,False,False,True,False,kepler-26 b,Kepler-26 b,Kepler-26 b,insolation_searth,S_earth,2197,3141,transit,transit,confirmed,confirmed,both_transit,,,0.59,0.512,,,4500.0,3914.0,0.085,0.08551,17.799628464111894,7.580260046502975,2.348155387139186,7.580260046502975,17.799628464111894,2.348155387139186,1.0,,,,,,,,0.2835958237205145
secondary_extreme,1,pending,,,,,,,False,False,False,True,False,k2-39 b,K2-39 b,K2-39 b,gravity_gearth,g_earth,996,1137,transit,transit,confirmed,confirmed,both_transit,8.18257,6.27704,,,39.7285,28.6047,,,,,0.5933660709487358,0.7259849288130321,1.223502597059942,0.4272262594778888,1.0083060561498127,2.3601219114715906,1.928988068470739,,,,,,,0.5302155008264835,
primary_extreme,1,pending,,,,,,,True,False,False,False,False,kepler-9 b,Kepler-9 b,Kepler-9 b,geometric_area_ratio_ppm,ppm,3238,2397,transit,transit,confirmed,confirmed,both_transit,11.100019805546012,8.29,1.1,0.958,,,,,,,8539.54952446757,6279.873093554428,1.359828359148283,4763.174751928006,11258.727651777317,2.3637024123920884,1.7382358563786489,258,328,70,152.0,362.0,excluded,0.5837938469058352,0.27643536163120297
secondary_extreme,1,pending,,,,,,,False,False,False,True,False,kepler-9 d,Kepler-9 d,Kepler-9 d,gravity_gearth,g_earth,3240,5224,transit,transit,confirmed,confirmed,both_transit,2.000003568572504,1.64,,,5.249966963467268,8.41466053,,,,,1.3124870571574143,3.128591809190959,2.3837125037765063,1.3124870571574143,3.128591809190959,2.3837125037765063,1.0,,,,,,,0.39690544601699707,
secondary_extreme,1,pending,,,,,,,False,False,False,True,False,k2-97 b,K2-97 b,K2-97 b,gravity_gearth,g_earth,1008,3997,transit,transit,confirmed,confirmed,both_transit,14.68379,13.45077684,,,349.6108,174.48779544,,,,,1.6214684791303033,0.9644291327441947,1.6812728111152795,0.8092612136092371,1.9323691940273628,2.387818866802177,1.420244740184793,,,,,,,0.17541460450252,
secondary_extreme,1,pending,,,,,,,False,False,False,True,False,hd 142022 a b,HD 142022 A b,HD 142022 A b,insolation_searth,S_earth,480,2966,radial_velocity,radial_velocity,absent,absent,neither_confirmed_transit,,,0.705,1.04,,,5382.0,5421.0,3.03,2.93,0.04092252861039613,0.09802656336600811,2.3954180422053644,0.04092252861039613,0.09802656336600811,2.3954180422053644,1.0,,,,,,,,0.7775563786462996
secondary_extreme,1,pending,,,,,,,False,False,False,True,False,kepler-296 e,Kepler-296 e,Kepler-296 e,insolation_searth,S_earth,2299,891,transit,transit,confirmed,confirmed,both_transit,,,0.56,0.48,,,4249.0,3740.0,0.174,0.169,3.0417197110981595,1.4219691836542252,2.139089753887242,1.3414209887154294,3.22436560250719,2.403694015250876,1.1236994665056872,,,,,,,,0.30830135965451677
secondary_extreme,1,pending,,,,,,,False,False,False,True,False,kepler-296 f,Kepler-296 f,Kepler-296 f,insolation_searth,S_earth,2300,892,transit,transit,confirmed,confirmed,both_transit,,,0.56,0.48,,,4249.0,3740.0,0.263,0.255,1.331392762266447,0.6245730388980902,2.1316846539123286,0.5871540987197781,1.4162415374580213,2.412044028213331,1.1315200978655322,,,,,,,,0.30830135965451677
secondary_extreme,1,pending,,,,,,,False,False,False,True,False,kepler-296 d,Kepler-296 d,Kepler-296 d,insolation_searth,S_earth,2298,885,transit,transit,confirmed,confirmed,both_transit,,,0.56,0.48,,,4249.0,3740.0,0.122,0.118,6.1872551715404365,2.9167525031850268,2.121282201621185,2.7286254941110135,6.613839842947992,2.4238723332396264,1.1426449207876197,,,,,,,,0.30830135965451677
primary_extreme;rank_displacement,1,pending,,,,,,,True,True,False,False,False,kepler-433 b,Kepler-433 b,Kepler-433 b,geometric_area_ratio_ppm,ppm,2611,914,transit,transit,confirmed,confirmed,both_transit,16.253049999999998,16.25,1.45,2.26,,,,,,,10536.74725608747,4335.734466166233,2.4302104610673565,4335.734466166233,10536.74725608747,2.430210461067357,1.0000000000000002,197,380,183,169.0,373.0,excluded,0.0003753493913896122,0.8876025137034228
secondary_extreme,1,pending,,,,,,,False,False,False,True,False,kepler-296 c,Kepler-296 c,Kepler-296 c,insolation_searth,S_earth,2297,871,transit,transit,confirmed,confirmed,both_transit,,,0.56,0.48,,,4249.0,3740.0,0.054,0.0521,31.58131206214262,14.961948215025853,2.1107753888912955,13.927593228514517,33.92674871268816,2.435937649530758,1.1540487265252117,,,,,,,,0.30830135965451677
secondary_extreme,1,pending,,,,,,,False,False,False,True,False,hat-p-57 b,HAT-P-57 b,HAT-P-57 b,density_g_cm3,g cm^-3,310,1774,transit,transit,confirmed,confirmed,both_transit,15.838317,19.50366,,,587.9818,448.1403,,,,,0.8160251653663714,0.3330676171319627,2.450028532924169,0.3330676171319627,0.8160251653663714,2.450028532924169,1.0,,,,,,,0.6245100285721419,
secondary_extreme,1,pending,,,,,,,False,False,False,True,False,gj 9827 b,GJ 9827 b,GJ 9827 b,gravity_gearth,g_earth,247,5426,transit,transit,confirmed,confirmed,both_transit,1.6365139999999998,1.44,,,8.199962399999999,4.28,,,,,3.061768926095477,2.064043209876543,1.4833841226989677,1.5981013527194519,3.9544571759259255,2.4744720785053578,1.6681263070303993,,,,,,,0.25585051235449663,
secondary_extreme,1,pending,,,,,,,False,False,False,True,False,kepler-23 b,Kepler-23 b,Kepler-23 b,escape_velocity_km_s,km s^-1,2110,1639,transit,transit,confirmed,confirmed,both_transit,1.6936799,1.638,,,15.1921784,2.56,,,,,33.5018796416675,13.984207160741363,2.395693889298149,13.752420114846144,34.06652947415017,2.4771297844060443,1.0339926129426131,,,,,,,0.016713815952318772,
secondary_extreme,1,pending,,,,,,,False,False,False,True,False,k2-19 b,K2-19 b,K2-19 b,density_g_cm3,g cm^-3,975,10,transit,transit,confirmed,confirmed,both_transit,7.745418999999999,7.0,,,59.43383599999999,32.4,,,,,0.7052868291511729,0.5208559766763851,1.354091842531313,0.3844828939612446,0.9554465647346942,2.485017096315869,1.8351909510587008,,,,,,,0.3035742683075331,
secondary_extreme,1,pending,,,,,,,False,False,False,True,False,kepler-9 b,Kepler-9 b,Kepler-9 b,density_g_cm3,g cm^-3,3238,2397,transit,transit,confirmed,confirmed,both_transit,11.100019805546012,8.29,,,45.099716200446096,43.4,,,,,0.18183157883090317,0.4200421759853463,2.310061754322501,0.17497871796326603,0.43649269422020637,2.4945473329610346,1.079861751874525,,,,,,,0.8756907703587529,
secondary_extreme,1,pending,,,,,,,False,False,False,True,False,kelt-15 b,KELT-15 b,KELT-15 b,density_g_cm3,g cm^-3,1013,1775,transit,transit,confirmed,confirmed,both_transit,16.174587,19.50366,,,292.40175999999997,416.3573,,,,,0.38101944786955017,0.3094458003140934,1.231296231788598,0.21731934719638493,0.5425419756791368,2.4965194432912496,2.0275538727709503,,,,,,,0.5614825003041117,
primary_extreme;rank_displacement,1,pending,,,,,,,True,True,False,False,False,kepler-57 c,Kepler-57 c,Kepler-57 c,geometric_area_ratio_ppm,ppm,2810,4998,transit,transit,confirmed,confirmed,both_transit,1.56926,2.196,0.73,0.826,,,,,,,387.540338185991,592.7579690911083,1.5295387619923784,302.6931127861959,758.9126217294146,2.507201484513011,1.6391879348301892,1511,1168,343,916.0,1674.0,excluded,0.6720667059623172,0.2471004787570824
primary_extreme,1,pending,,,,,,,True,False,False,False,False,kepler-391 b,Kepler-391 b,Kepler-391 b,geometric_area_ratio_ppm,ppm,2544,5210,transit,transit,confirmed,confirmed,both_transit,3.1945649999999994,2.5,3.57,2.879,,,,,,,67.15213896348386,63.236745693594415,1.0619164257575966,41.12599416727477,103.25544270474563,2.5107099486705953,2.3643197221282217,2472,2511,39,2303.0,2535.0,excluded,0.4903203929026332,0.4302451683230175
secondary_extreme,1,pending,,,,,,,False,False,False,True,False,kepler-29 b,Kepler-29 b,Kepler-29 b,density_g_cm3,g cm^-3,2278,3097,transit,transit,confirmed,confirmed,both_transit,3.3514909999999998,2.55,,,4.5131575999999995,5.0,,,,,0.661048141697588,1.6627089128615689,2.5152614582527852,0.661048141697588,1.6627089128615689,2.5152614582527852,1.0,,,,,,,0.8199358868315184,
secondary_extreme,1,pending,,,,,,,False,False,False,True,False,kepler-37 d,Kepler-37 d,Kepler-37 d,escape_velocity_km_s,km s^-1,2497,1021,transit,transit,confirmed,confirmed,both_transit,1.9400034615117419,2.03,,,12.199923229405737,2.0,,,,,28.051243071022274,11.103037173798825,2.526447730646005,11.103037173798825,28.051243071022274,2.526447730646005,1.0,,,,,,,0.022673017847823995,
secondary_extreme,1,pending,,,,,,,False,False,False,True,False,kepler-29 b,Kepler-29 b,Kepler-29 b,insolation_searth,S_earth,2278,3097,transit,transit,confirmed,confirmed,both_transit,,,0.96,0.732,,,5750.0,5378.0,0.09,0.08482,112.05301234863718,56.13109671322022,1.996273347751034,49.85572602976856,126.15719344641565,2.530445417063788,1.2675846320918638,,,,,,,,0.5423055410011407
secondary_extreme,1,pending,,,,,,,False,False,False,True,False,kepler-160 c,Kepler-160 c,Kepler-160 c,insolation_searth,S_earth,1858,1953,transit,transit,confirmed,confirmed,both_transit,,,0.88,1.118,,,5857.0,5471.0,0.109,0.1192,69.10475870057124,71.00561048592517,1.0275068145970998,43.9920705261284,111.53886417103915,2.5354311092221127,2.467556490334608,,,,,,,,0.4787494924855848
secondary_extreme,1,pending,,,,,,,False,False,False,True,False,wasp-32 b,WASP-32 b,WASP-32 b,density_g_cm3,g cm^-3,3589,953,transit,transit,confirmed,confirmed,both_transit,13.226619999999999,10.76064,,,1144.1807999999999,835.8929,,,,,2.7265582988603083,3.699159789247551,1.3567139902322232,1.9919148472456547,5.063456822027191,2.5420046589987266,1.8736481508262637,,,,,,,0.6190092989934857,
secondary_extreme,1,pending,,,,,,,False,False,False,True,False,hd 5891 b,HD 5891 b,HD 5891 b,insolation_searth,S_earth,800,4042,radial_velocity,radial_velocity,absent,absent,neither_confirmed_transit,,,8.7,10.64,,,4907.0,4673.0,0.76,0.64,68.44949728962469,118.74112037275154,1.7347259669465807,56.297505898002136,144.37175976938067,2.564443263809029,1.4782987703371357,,,,,,,,0.4025949165059215
secondary_extreme,1,pending,,,,,,,False,False,False,True,False,wasp-16 b,WASP-16 b,WASP-16 b,density_g_cm3,g cm^-3,3572,344,transit,transit,confirmed,confirmed,both_transit,11.298672,13.67498,,,271.74294,394.1092,,,,,1.0388260405843495,0.8497736012098787,1.2224738908166886,0.5859289169782383,1.5066109897606377,2.57132042147801,2.1033745103220225,,,,,,,0.5726480672879641,
primary_extreme;rank_displacement,1,pending,,,,,,,True,True,False,False,False,51 peg b,51 Peg b,51 Peg b,geometric_area_ratio_ppm,ppm,37,5243,radial_velocity,radial_velocity,absent,absent,neither_confirmed_transit,21.297099999999997,14.3,1.266,1.17561,,,,,,,23732.65649573348,12408.473460363022,1.9126169364461982,10699.845038865627,27522.458241361757,2.5722296109327227,1.3448744293314372,18,143,125,,,,0.7966227518909825,0.1481503238017589
secondary_extreme,1,pending,,,,,,,False,False,False,True,False,kepler-160 b,Kepler-160 b,Kepler-160 b,insolation_searth,S_earth,1857,4367,transit,transit,confirmed,confirmed,both_transit,,,0.88,1.118,,,5857.0,5471.0,0.05,0.05511,328.4134552485947,332.18831711043373,1.0114942363094765,205.8098194532789,530.0772980864463,2.575568549132223,2.5463007664081267,,,,,,,,0.4787494924855848
secondary_extreme,1,pending,,,,,,,False,False,False,True,False,hat-p-14 b,HAT-P-14 b,HAT-P-14 b,density_g_cm3,g cm^-3,260,1921,transit,transit,confirmed,confirmed,both_transit,13.4508,15.91678,,,699.2216,1093.3352,,,,,1.5842993789809514,1.4950456427899905,1.0596996731313162,0.9561278246823535,2.4772837085954067,2.5909545195156456,2.444989448623317,,,,,,,0.5050059444576438,
secondary_extreme,1,pending,,,,,,,False,False,False,True,False,kepler-138 c,Kepler-138 c,Kepler-138 c,gravity_gearth,g_earth,1571,4845,transit,transit,confirmed,confirmed,both_transit,1.6140959999999998,1.51,,,1.01069304,2.3,,,,,0.387936418936454,1.0087276873821323,2.6002397252302503,0.387936418936454,1.0087276873821323,2.60023972523025,0.9999999999999998,,,,,,,0.13333079361197753,
secondary_extreme,1,pending,,,,,,,False,False,False,True,False,wasp-100 b,WASP-100 b,WASP-100 b,gravity_gearth,g_earth,3526,2990,transit,transit,confirmed,confirmed,both_transit,18.94321,14.90797,,,645.1908399999999,400.4658,,,,,1.7979642219625922,1.8018905712367774,1.0021837749751767,1.1159848154689036,2.9030276524096106,2.601314652466705,2.5956463449342286,,,,,,,0.4790991734026395,
secondary_extreme,1,pending,,,,,,,False,False,False,True,False,k2-97 b,K2-97 b,K2-97 b,density_g_cm3,g cm^-3,1008,3997,transit,transit,confirmed,confirmed,both_transit,14.68379,13.45077684,,,349.6108,174.48779544,,,,,0.6088875688037279,0.39535725714645703,1.5400945797693304,0.30389063939496086,0.7921537813474627,2.606706751233346,1.6925627721018075,,,,,,,0.26312190675378,
secondary_extreme,1,pending,,,,,,,False,False,False,True,False,kepler-46 b,Kepler-46 b,Kepler-46 b,escape_velocity_km_s,km s^-1,2654,271,transit,transit,confirmed,confirmed,both_transit,9.101708,9.057,,,281.27778,1907.0,,,,,62.18434707159514,162.31474643356813,2.610218713829851,62.18434707159514,162.31474643356813,2.610218713829851,1.0,,,,,,,0.002462074412843851,
secondary_extreme,1,pending,,,,,,,False,False,False,True,False,kepler-114 b,Kepler-114 b,Kepler-114 b,escape_velocity_km_s,km s^-1,1259,490,transit,transit,confirmed,confirmed,both_transit,1.1800021054573289,1.26,,,6.999955951279095,1.09,,,,,27.24464023661734,10.40405864181004,2.61865500518531,10.40405864181004,27.24464023661734,2.6186550051853095,0.9999999999999998,,,,,,,0.03279774910076658,
primary_extreme,1,pending,,,,,,,True,False,False,False,False,wasp-100 b,WASP-100 b,WASP-100 b,geometric_area_ratio_ppm,ppm,3526,2990,transit,transit,confirmed,confirmed,both_transit,18.94321,14.90797,2.0,1.57,,,,,,,7523.500959527862,7561.544980036974,1.0050566911220944,4659.613055323285,12209.016121591727,2.6201781084898825,2.6069953383073226,288,283,5,127.0,367.0,excluded,0.4790991734026395,0.4841431223994571
secondary_extreme,1,pending,,,,,,,False,False,False,True,False,wasp-71 b,WASP-71 b,WASP-71 b,gravity_gearth,g_earth,3635,1781,transit,transit,confirmed,confirmed,both_transit,16.813499999999998,13.22662,,,717.655624,441.7837,,,,,2.538632502943917,2.52529393221389,1.0052819873995156,1.5627641205398317,4.102214257127127,2.6249734065497248,2.6111811804567004,,,,,,,0.4799013392611817,
primary_extreme,1,pending,,,,,,,True,False,False,False,False,wasp-71 b,WASP-71 b,WASP-71 b,geometric_area_ratio_ppm,ppm,3635,1781,transit,transit,confirmed,confirmed,both_transit,16.813499999999998,13.22662,2.32,1.82,,,,,,,4404.6673094152875,4429.225600584534,1.0055755155711197,2725.8038940577103,7157.251940042509,2.625739861787349,2.611181180456698,381,377,4,263.0,417.0,excluded,0.4799013392611817,0.48546136917902905
secondary_extreme,1,pending,,,,,,,False,False,False,True,False,kepler-29 c,Kepler-29 c,Kepler-29 c,density_g_cm3,g cm^-3,2279,4402,transit,transit,confirmed,confirmed,both_transit,3.13852,2.34,,,4.1317639999999995,4.5,,,,,0.7369322581795842,1.9365633270958718,2.6278715656710303,0.7369322581795842,1.9365633270958718,2.6278715656710303,1.0,,,,,,,0.8808012655693825,
secondary_extreme,1,pending,,,,,,,False,False,False,True,False,kepler-102 f,Kepler-102 f,Kepler-102 f,escape_velocity_km_s,km s^-1,1099,2768,transit,transit,confirmed,confirmed,both_transit,0.8855109999999999,0.861,,,0.635656,4.3,,,,,9.477393440254158,24.998126824133188,2.6376584428748595,9.477393440254158,24.998126824133188,2.6376584428748595,1.0,,,,,,,0.014035187539124472,
secondary_extreme,1,pending,,,,,,,False,False,False,True,False,kepler-289 b,Kepler-289 b,Kepler-289 b,gravity_gearth,g_earth,2275,1441,transit,transit,confirmed,confirmed,both_transit,2.152128,2.49,,,7.3100439999999995,3.7,,,,,1.578279062890054,0.5967645683134143,2.6447264913039525,0.5967645683134143,1.578279062890054,2.644726491303953,1.0000000000000002,,,,,,,0.2916511807840272,
secondary_extreme,1,pending,,,,,,,False,False,False,True,False,qatar-4 b,Qatar-4 b,Qatar-4 b,density_g_cm3,g cm^-3,3480,1198,transit,transit,confirmed,confirmed,both_transit,17.396368,12.722215,,,1859.2937999999997,1938.763,,,,,1.9473276239480564,5.191624731142718,2.6660253094017636,1.9473276239480564,5.191624731142718,2.6660253094017636,1.0,,,,,,,0.9387353124829829,
secondary_extreme,1,pending,,,,,,,False,False,False,True,False,hat-p-41 b,HAT-P-41 b,HAT-P-41 b,density_g_cm3,g cm^-3,291,1144,transit,transit,confirmed,confirmed,both_transit,18.887165,22.97845,,,254.26239999999999,378.2177,,,,,0.20808874007367503,0.17188834117319057,1.210604155310393,0.11555446019240824,0.3095339486552604,2.6786845625851172,2.2126840973037263,,,,,,,0.5882226880379755,
secondary_extreme,1,pending,,,,,,,False,False,False,True,False,k2-137 b,K2-137 b,K2-137 b,gravity_gearth,g_earth,966,4522,transit,transit,confirmed,confirmed,both_transit,0.8855109999999999,0.64,,,222.47959999999998,158.915,,,,,283.72805056370055,387.97607421875006,1.3674223378616719,202.66416855896222,543.1630859374999,2.68011405173221,1.9599753328026515,,,,,,,0.6493934063045244,
secondary_extreme,1,pending,,,,,,,False,False,False,True,False,kepler-41 b,Kepler-41  b,Kepler-41 b,gravity_gearth,g_earth,2586,306,transit,transit,confirmed,confirmed,both_transit,9.426769,14.46,,,155.73572,177.98,,,,,1.7525180720217821,0.8512058829718648,2.058865084323799,0.7448205475494947,2.0028363849888575,2.6890187060202786,1.3060684386240118,,,,,,,0.8556656174016988,
secondary_extreme,1,pending,,,,,,,False,False,False,True,False,hd 96127 b,HD 96127 b,HD 96127 b,insolation_searth,S_earth,885,4072,radial_velocity,radial_velocity,absent,absent,neither_confirmed_transit,,,35.0,51.1,,,4152.0,3943.0,1.4,1.42,167.3416731869397,282.0115724431158,1.685244130002673,132.30041867288193,356.70551056528154,2.696178244509189,1.5998739865095466,,,,,,,,0.7568728714404909
secondary_extreme,1,pending,,,,,,,False,False,False,True,False,kepler-29 c,Kepler-29 c,Kepler-29 c,insolation_searth,S_earth,2279,4402,transit,transit,confirmed,confirmed,both_transit,,,0.96,0.732,,,5750.0,5378.0,0.11,0.10027,75.01069421685624,40.16594914893896,1.8675195235324784,33.374494284390494,90.2747979899729,2.7049038472530533,1.4483938792439681,,,,,,,,0.5423055410011407
primary_extreme,1,pending,,,,,,,True,False,False,False,False,kepler-177 c,Kepler-177 c,Kepler-177 c,geometric_area_ratio_ppm,ppm,1958,1470,transit,transit,confirmed,confirmed,both_transit,7.117715,8.73,0.98,1.324,,,,,,,4423.864964947807,3646.07284905888,1.2133232516431178,2423.6954255710707,6655.016866567935,2.7458140145640955,2.263052332381856,380,399,19,283.0,437.0,excluded,0.40835724580399635,0.6017203296646719
secondary_extreme,1,pending,,,,,,,False,False,False,True,False,kepler-138 c,Kepler-138 c,Kepler-138 c,density_g_cm3,g cm^-3,1571,4845,transit,transit,confirmed,confirmed,both_transit,1.6140959999999998,1.51,,,1.01069304,2.3,,,,,1.3252504274935368,3.683526137897401,2.7794943970432078,1.3252504274935368,3.683526137897401,2.7794943970432078,1.0,,,,,,,0.1999961904179663,
secondary_extreme,1,pending,,,,,,,False,False,False,True,False,kepler-238 b,Kepler-238 b,Kepler-238 b,insolation_searth,S_earth,2131,1271,transit,transit,confirmed,confirmed,both_transit,,,0.9,1.43,,,5614.0,5751.0,0.034,0.034,627.0635088457591,1743.3413111320365,2.7801670589012897,627.0635088457591,1743.3413111320365,2.780167058901289,0.9999999999999997,,,,,,,,0.9260699198592843
secondary_extreme,1,pending,,,,,,,False,False,False,True,False,kepler-238 c,Kepler-238 c,Kepler-238 c,insolation_searth,S_earth,2132,554,transit,transit,confirmed,confirmed,both_transit,,,0.9,1.43,,,5614.0,5751.0,0.069,0.069,152.2548658319045,423.2939625432963,2.780167058901289,152.2548658319045,423.2939625432963,2.780167058901289,1.0,,,,,,,,0.9260699198592843
secondary_extreme,1,pending,,,,,,,False,False,False,True,False,kepler-238 d,Kepler-238 d,Kepler-238 d,insolation_searth,S_earth,2133,5724,transit,transit,confirmed,confirmed,both_transit,,,0.9,1.43,,,5614.0,5751.0,0.115,0.115,54.81175169948564,152.38582651558673,2.7801670589012897,54.81175169948564,152.38582651558673,2.780167058901289,0.9999999999999997,,,,,,,,0.9260699198592843
secondary_extreme,1,pending,,,,,,,False,False,False,True,False,kepler-37 c,Kepler-37 c,Kepler-37 c,escape_velocity_km_s,km s^-1,2496,2723,transit,transit,confirmed,confirmed,both_transit,0.7500013382124472,0.755,,,9.999937073274014,1.3,,,,,40.84533190134222,14.67820724567615,2.7827193892070357,14.67820724567615,40.84533190134222,2.7827193892070357,1.0,,,,,,,0.0033213792184987323,
secondary_extreme,1,pending,,,,,,,False,False,False,True,False,kepler-102 b,Kepler-102 b,Kepler-102 b,gravity_gearth,g_earth,1095,2769,transit,transit,confirmed,confirmed,both_transit,0.47077800000000003,0.46,,,0.41317639999999994,1.1,,,,,1.864245863814764,5.198487712665406,2.788520448707263,1.864245863814764,5.198487712665406,2.788520448707263,1.0,,,,,,,0.04632031167837192,
secondary_extreme,1,pending,,,,,,,False,False,False,True,False,wasp-73 b,WASP-73 b,WASP-73 b,density_g_cm3,g cm^-3,3637,1742,transit,transit,confirmed,confirmed,both_transit,13.002439999999998,15.91678,,,597.5166399999999,908.9938,,,,,1.4987948456098512,1.242973993714934,1.2058135191793784,0.8170546865467381,2.2800958683448753,2.79062822340772,2.3143116070774314,,,,,,,0.6067105994846878,
secondary_extreme,1,pending,,,,,,,False,False,False,True,False,kepler-74 b,Kepler-74 b,Kepler-74 b,density_g_cm3,g cm^-3,3023,327,transit,transit,confirmed,confirmed,both_transit,14.79588,10.76,,,216.12304,200.22,,,,,0.3679132496779749,0.8862115478007336,2.408751379778826,0.3408409896997754,0.9566014074208363,2.8065914497650186,1.1651644388565843,,,,,,,0.9555396267107974,
secondary_extreme,1,pending,,,,,,,False,False,False,True,False,gj 9827 b,GJ 9827 b,GJ 9827 b,density_g_cm3,g cm^-3,247,5426,transit,transit,confirmed,confirmed,both_transit,1.6365139999999998,1.44,,,8.199962399999999,4.28,,,,,10.316192747810565,7.90356545781893,1.305258089259556,5.384574075684691,15.142275602816358,2.8121584715854984,2.1544846147483168,,,,,,,0.38377576853174494,
secondary_extreme,1,pending,,,,,,,False,False,False,True,False,kepler-23 c,Kepler-23 c,Kepler-23 c,escape_velocity_km_s,km s^-1,2111,4994,transit,transit,confirmed,confirmed,both_transit,3.116102,3.005,,,60.069492,7.81,,,,,49.112943323547626,18.033419842096816,2.7234403542748704,17.70901881626172,50.01261424045408,2.8241324242384804,1.0369723793677206,,,,,,,0.01815264688014373,
secondary_extreme,1,pending,,,,,,,False,False,False,True,False,k2-7 b,K2-7 b,K2-7 b,insolation_searth,S_earth,1003,5070,transit,transit,confirmed,confirmed,both_transit,,,0.96,1.533,,,5772.0,5700.0,0.1814,0.1867,28.007084430905586,64.11945271392666,2.2894012003324193,25.14478712131956,71.41833880549316,2.8402840899352677,1.2406231330370843,,,,,,,,0.9360971888198644
secondary_extreme,1,pending,,,,,,,False,False,False,True,False,kepler-102 b,Kepler-102 b,Kepler-102 b,density_g_cm3,g cm^-3,1095,2769,transit,transit,confirmed,confirmed,both_transit,0.47077800000000003,0.46,,,0.41317639999999994,1.1,,,,,21.835029871987665,62.314046190515306,2.8538566952206694,21.835029871987665,62.314046190515306,2.8538566952206694,1.0,,,,,,,0.06948046751755788,
secondary_extreme,1,pending,,,,,,,False,False,False,True,False,ogle-tr-10 b,OGLE-TR-10 b,OGLE-TR-10 b,density_g_cm3,g cm^-3,3448,108,transit,transit,confirmed,confirmed,both_transit,19.27948,14.011,,,216.12304,197.046,,,,,0.1662960299555685,0.395027186626442,2.3754456840129414,0.15161718768450125,0.43327180686922817,2.857669460080076,1.2030034950125625,,,,,,,0.9575957474256764,
secondary_extreme,1,pending,,,,,,,False,False,False,True,False,kepler-100 c,Kepler-100 c,Kepler-100 c,escape_velocity_km_s,km s^-1,1070,5987,transit,transit,confirmed,confirmed,both_transit,2.2205029,2.2,,,0.8581356,7.05,,,,,6.953878562811332,20.024331810438653,2.8795918176550903,6.953878562811332,20.024331810438653,2.8795918176550903,1.0,,,,,,,0.004638170698528121,
primary_extreme,1,pending,,,,,,,True,False,False,False,False,k2-39 b,K2-39 b,K2-39 b,geometric_area_ratio_ppm,ppm,996,1137,transit,transit,confirmed,confirmed,both_transit,8.18257,6.27704,3.88,2.97,,,,,,,372.9828231459918,374.6016777776681,1.0043402927191707,219.49223745277342,636.5600576776768,2.900148383674119,2.8876152880635706,1531,1525,6,1056.0,1947.0,excluded,0.5302155008264835,0.5345464016411476
secondary_extreme,1,pending,,,,,,,False,False,False,True,False,kepler-9 d,Kepler-9 d,Kepler-9 d,density_g_cm3,g cm^-3,3240,5224,transit,transit,confirmed,confirmed,both_transit,2.000003568572504,1.64,,,5.249966963467268,8.41466053,,,,,3.618520360106859,10.518936119438385,2.906971654880435,3.618520360106859,10.518936119438385,2.906971654880435,1.0,,,,,,,0.5953581690254957,
secondary_extreme,1,pending,,,,,,,False,False,False,True,False,hd 114386 b,HD 114386 b,HD 114386 b,insolation_searth,S_earth,409,1777,radial_velocity,radial_velocity,absent,absent,neither_confirmed_transit,,,0.76,0.76,,,4819.0,4836.0,1.02,1.73,0.269742424402679,0.0950987607002125,2.8364452114471796,0.09376859178340315,0.2735688974429699,2.9174896651417033,1.0285725433255148,,,,,,,,0.0
secondary_extreme,1,pending,,,,,,,False,False,False,True,False,k2-137 b,K2-137 b,K2-137 b,insolation_searth,S_earth,966,4522,transit,transit,confirmed,confirmed,both_transit,,,0.442,0.29,,,3492.0,3697.0,0.0058,0.0058,778.0010838599301,420.7581348409865,1.8490458518501451,334.91273291199906,977.4196463148025,2.9184308336572773,1.5783442204730138,,,,,,,,0.842857918194357
secondary_extreme,1,pending,,,,,,,False,False,False,True,False,kepler-396 b,Kepler-396 b,Kepler-396 b,insolation_searth,S_earth,2554,1414,transit,transit,confirmed,confirmed,both_transit,,,1.04,1.06,,,5384.0,5656.0,0.36709,0.24067,6.07626191809497,17.885460565126177,2.9434973024885056,6.07626191809497,17.885460565126177,2.9434973024885056,1.0,,,,,,,,0.03809638994138899
primary_extreme,1,pending,,,,,,,True,False,False,False,False,kepler-29 b,Kepler-29 b,Kepler-29 b,geometric_area_ratio_ppm,ppm,2278,3097,transit,transit,confirmed,confirmed,both_transit,3.3514909999999998,2.55,0.96,0.732,,,,,,,1022.1307958349356,1017.7263598835164,1.004327721207814,591.7124664260257,1758.0320057359813,2.971091713437418,2.9582890631201084,738,739,1,475.0,1164.0,excluded,0.5466239245543456,0.5423055410011407
secondary_extreme,1,pending,,,,,,,False,False,False,True,False,hat-p-57 b,HAT-P-57 b,HAT-P-57 b,insolation_searth,S_earth,310,1774,transit,transit,confirmed,confirmed,both_transit,,,1.5,1.85,,,7500.0,6330.0,0.0406,0.0406,3891.080492016631,3003.315379379028,1.2955950343187599,1974.422090168832,5918.765770634174,2.9977205989060134,2.313779012345669,,,,,,,,0.4194410619641382
secondary_extreme,1,pending,,,,,,,False,False,False,True,False,kepler-85 b,Kepler-85 b,Kepler-85 b,escape_velocity_km_s,km s^-1,3174,5612,transit,transit,confirmed,confirmed,both_transit,1.995202,1.778,,,14.779001999999998,1.84,,,,,30.444155617935575,11.379360290891627,2.675383750904167,10.742127202706037,32.25013156064576,3.0022109170818294,1.1221608548931377,,,,,,,0.057628080628596756,
secondary_extreme,1,pending,,,,,,,False,False,False,True,False,wasp-136 b,WASP-136 b,WASP-136 b,insolation_searth,S_earth,3560,738,transit,transit,confirmed,confirmed,both_transit,,,1.38,2.39014,,,6260.0,6250.0,0.0661,0.0661,603.0416341621739,1797.4571288203178,2.980651794162746,599.1975563061694,1808.9884928475851,3.0190184753077562,1.012871909835341,,,,,,,,1.0985368849291492
primary_extreme,1,pending,,,,,,,True,False,False,False,False,k2-9 b,K2-9 b,K2-9 b,geometric_area_ratio_ppm,ppm,1006,5386,transit,transit,confirmed,confirmed,both_transit,1.6028869999999997,2.25,0.25,0.31,,,,,,,3447.4551142357236,4417.885674095994,1.2814918621719047,2242.1014010378008,6792.941012489998,3.0297206938748404,2.3642137599999997,408,378,30,277.0,450.0,excluded,0.6782476757992009,0.430222759233891
secondary_extreme,1,pending,,,,,,,False,False,False,True,False,kepler-289 b,Kepler-289 b,Kepler-289 b,density_g_cm3,g cm^-3,2275,1441,transit,transit,confirmed,confirmed,both_transit,2.152128,2.49,,,7.3100439999999995,3.7,,,,,4.043732878702269,1.321509971759103,3.05993368579696,1.321509971759103,4.043732878702269,3.05993368579696,1.0,,,,,,,0.4374767711760408,
secondary_extreme,1,pending,,,,,,,False,False,False,True,False,kepler-223 d,Kepler-223 d,Kepler-223 d,insolation_searth,S_earth,2091,3794,transit,transit,confirmed,confirmed,both_transit,,,1.02,1.72,,,5829.0,5803.0,0.116,0.11956,80.41837565158157,211.4414233501263,2.629267522962806,74.35899704349343,228.67139804655844,3.0752351045402873,1.1696166623147348,,,,,,,,1.045043327058364
secondary_extreme,1,pending,,,,,,,False,False,False,True,False,kepler-223 b,Kepler-223 b,Kepler-223 b,insolation_searth,S_earth,2089,3793,transit,transit,confirmed,confirmed,both_transit,,,1.02,1.72,,,5829.0,5803.0,0.073,0.07525,203.06054846456777,533.7635067154853,2.62859285445406,187.71212560397166,577.407080524393,3.07602441060513,1.170217139330997,,,,,,,,1.045043327058364
secondary_extreme,1,pending,,,,,,,False,False,False,True,False,k2-39 b,K2-39 b,K2-39 b,density_g_cm3,g cm^-3,996,1137,transit,transit,confirmed,confirmed,both_transit,8.18257,6.27704,,,39.7285,28.6047,,,,,0.3998524320856809,0.637733851859325,1.5949230283102807,0.28789556273408956,0.8857358872350765,3.07658749173975,1.928988068470739,,,,,,,0.7953232512397252,
primary_extreme,1,pending,,,,,,,True,False,False,False,False,kepler-29 c,Kepler-29 c,Kepler-29 c,geometric_area_ratio_ppm,ppm,2279,4402,transit,transit,confirmed,confirmed,both_transit,3.13852,2.34,0.96,0.732,,,,,,,896.3552353268864,857.0030690008733,1.045918349361212,498.2669405862891,1541.7020978479097,3.0941288138319103,2.9582890631201084,826,849,23,498.0,1295.0,excluded,0.5872008437129217,0.5423055410011407
secondary_extreme,1,pending,,,,,,,False,False,False,True,False,kepler-223 e,Kepler-223 e,Kepler-223 e,insolation_searth,S_earth,2092,3792,transit,transit,confirmed,confirmed,both_transit,,,1.02,1.72,,,5829.0,5803.0,0.14,0.14481,55.209676671820525,144.13344907596579,2.6106555546906995,50.68835871370826,156.9899149038006,3.0971591680545765,1.186353045498381,,,,,,,,1.045043327058364
secondary_extreme,1,pending,,,,,,,False,False,False,True,False,kepler-223 c,Kepler-223 c,Kepler-223 c,insolation_searth,S_earth,2090,5714,transit,transit,confirmed,confirmed,both_transit,,,1.02,1.72,,,5829.0,5803.0,0.088,0.09117,139.73523537805818,363.6285521948484,2.602268148123411,127.87964633028648,397.34017718420614,3.107141664733411,1.1940128717995808,,,,,,,,1.045043327058364
primary_extreme;rank_displacement,1,pending,,,,,,,True,True,False,False,False,kepler-462 c,Kepler-462 c,Kepler-462 c,geometric_area_ratio_ppm,ppm,2660,4438,transit,transit,confirmed,confirmed,both_transit,4.81987,4.0,2.3,1.57,,,,,,,368.2881980435871,544.3691462696257,1.47810641003815,253.65132488468834,790.3949724737614,3.1160687720952396,2.108149150110792,1534,1229,305,873.0,1830.0,excluded,0.3729051912490777,0.7636670071497743
secondary_extreme,1,pending,,,,,,,False,False,False,True,False,kepler-85 c,Kepler-85 c,Kepler-85 c,escape_velocity_km_s,km s^-1,3175,1552,transit,transit,confirmed,confirmed,both_transit,2.208173,1.978,,,18.751851999999996,2.15,,,,,32.597204020036784,11.662211178212193,2.795113509943653,11.037672331396813,34.44163458445662,3.1203711752238656,1.116366531850354,,,,,,,0.05503962179714472,
secondary_extreme,1,pending,,,,,,,False,False,False,True,False,hat-p-41 b,HAT-P-41 b,HAT-P-41 b,insolation_searth,S_earth,291,1144,transit,transit,confirmed,confirmed,both_transit,,,1.19,2.05,,,6479.0,6390.0,0.0426,0.04258,1238.8004506584705,3481.7256811485986,2.8105621686672184,1172.1221351330692,3679.7900266480237,3.1394254202274436,1.1170097766299094,,,,,,,,1.0877729720537577
secondary_extreme,1,pending,,,,,,,False,False,False,True,False,hd 102329 b,HD 102329 b,HD 102329 b,insolation_searth,S_earth,374,4011,radial_velocity,radial_velocity,absent,absent,neither_confirmed_transit,,,6.3,9.82,,,4830.0,4745.0,2.01,1.81,4.8169508765632365,13.443284918077993,2.790828734311156,4.48671580358819,14.432749009473183,3.2167736137712994,1.1526230808159128,,,,,,,,0.887742977937775
secondary_extreme,1,pending,,,,,,,False,False,False,True,False,kepler-433 b,Kepler-433 b,Kepler-433 b,insolation_searth,S_earth,2611,914,transit,transit,confirmed,confirmed,both_transit,,,1.45,2.26,,,6360.0,6360.0,0.059,0.0679,890.3385011435513,1633.0538379491136,1.8341943382787762,672.2326913399679,2162.897944561613,3.217484023650037,1.7541674600682453,,,,,,,,0.8876025137034228
secondary_extreme,1,pending,,,,,,,False,False,False,True,False,kepler-20 f,Kepler-20 f,Kepler-20 f,escape_velocity_km_s,km s^-1,2024,4907,transit,transit,confirmed,confirmed,both_transit,1.00298132,0.952,,,14.302259999999999,1.4,,,,,42.240663090004865,13.565017508282104,3.1139409192958936,13.215768135137914,43.3569451671817,3.2806980815519005,1.0535518067226892,,,,,,,0.026083564434760925,
secondary_extreme,1,pending,,,,,,,False,False,False,True,False,wasp-100 b,WASP-100 b,WASP-100 b,density_g_cm3,g cm^-3,3526,2990,transit,transit,confirmed,confirmed,both_transit,18.94321,14.90797,,,645.1908399999999,400.4658,,,,,0.5233524159792209,0.6664639524898149,1.2734515636902612,0.32484147472870417,1.0737407222704758,3.3054298967434046,2.5956463449342286,,,,,,,0.7186487601039593,
secondary_extreme,1,pending,,,,,,,False,False,False,True,False,hat-p-67 b,HAT-P-67 b,HAT-P-67 b,insolation_searth,S_earth,314,3843,transit,transit,confirmed,confirmed,both_transit,,,1.546,2.62,,,6406.0,6640.0,0.06505,0.06505,856.9723800903563,2841.02469420984,3.315188167336609,856.9723800903563,2841.02469420984,3.315188167336609,1.0,,,,,,,,1.0550067352155508
secondary_extreme,1,pending,,,,,,,False,False,False,True,False,kepler-67 b,Kepler-67 b,Kepler-67 b,escape_velocity_km_s,km s^-1,2940,1272,transit,transit,confirmed,confirmed,both_transit,2.91434,2.94,,,98.52667999999998,8.96,,,,,65.0401644763776,19.527882561438478,3.330630664730225,19.527882561438478,65.0401644763776,3.330630664730225,1.0,,,,,,,0.00438310113912066,
secondary_extreme,1,pending,,,,,,,False,False,False,True,False,wasp-71 b,WASP-71 b,WASP-71 b,density_g_cm3,g cm^-3,3635,1781,transit,transit,confirmed,confirmed,both_transit,16.813499999999998,13.22662,,,717.655624,441.7837,,,,,0.8325464431101655,1.0527610789625308,1.2645073289001196,0.5125096714340641,1.7101579552296036,3.3368306015462585,2.6388384830071843,,,,,,,0.7198520088917726,
secondary_extreme,1,pending,,,,,,,False,False,False,True,False,kepler-90 i,Kepler-90 i,Kepler-90 i,insolation_searth,S_earth,3248,2490,transit,transit,confirmed,confirmed,both_transit,,,1.2,1.29,,,5930.0,6015.0,0.2,0.1201380843,40.106612735858874,135.97380560080927,3.3903088873729943,40.106612735858874,135.97380560080927,3.3903088873729943,1.0,,,,,,,,0.14464132315925232
primary_extreme;rank_displacement,1,pending,,,,,,,True,True,False,False,False,kepler-32 c,Kepler-32 c,Kepler-32 c,geometric_area_ratio_ppm,ppm,2365,204,transit,transit,confirmed,confirmed,both_transit,3.69897,2.0,0.53,0.53,,,,,,,4084.911983581087,1194.2110258454966,3.4205947652250037,1194.2110258454966,4084.911983581087,3.4205947652250033,0.9999999999999999,389,646,257,360.0,640.0,excluded,1.229814443914804,0.0
secondary_extreme,1,pending,,,,,,,False,False,False,True,False,kepler-32 c,Kepler-32 c,Kepler-32 c,gravity_gearth,g_earth,2365,204,transit,transit,confirmed,confirmed,both_transit,3.69897,2.0,,,158.914,158.9,,,,,11.614500613721988,39.725,3.4202934177873106,11.613477399854164,39.72849999999999,3.4208961392131245,1.000176219216363,,,,,,,1.229814443914804,
primary_extreme,1,pending,,,,,,,True,False,False,False,False,kepler-74 b,Kepler-74 b,Kepler-74 b,geometric_area_ratio_ppm,ppm,3023,327,transit,transit,confirmed,confirmed,both_transit,14.79588,10.76,1.51,1.12,,,,,,,8051.940010967414,7740.362884303185,1.0402535554626362,4258.370774119516,14635.864492192932,3.4369633995102555,3.303966981378613,274,280,6,83.0,374.0,excluded,0.6370264178071983,0.5975619310396594
secondary_extreme,1,pending,,,,,,,False,False,False,True,False,kepler-66 b,Kepler-66 b,Kepler-66 b,escape_velocity_km_s,km s^-1,2929,5932,transit,transit,confirmed,confirmed,both_transit,2.80225,2.8,,,98.52667999999998,8.25,,,,,66.32821356646677,19.20095251543527,3.454423082039645,19.193242493367947,66.35485794354172,3.457198957730568,1.000803571428571,,,,,,,0.00040162436895474496,
primary_extreme,1,pending,,,,,,,True,False,False,False,False,kepler-730 b,Kepler-730 b,Kepler-730 b,geometric_area_ratio_ppm,ppm,3012,4177,transit,transit,confirmed,confirmed,both_transit,9.213797999999999,12.3299,1.01,1.411,,,,,,,6979.229029489482,6403.8021497919135,1.0898570671356964,3575.988968413222,12498.249367577557,3.4950469584707413,3.206885621851529,305,324,19,123.0,388.0,excluded,0.582650127460564,0.6686966840350177
secondary_extreme,1,pending,,,,,,,False,False,False,True,False,kepler-177 c,Kepler-177 c,Kepler-177 c,gravity_gearth,g_earth,1958,1470,transit,transit,confirmed,confirmed,both_transit,7.117715,8.73,,,6.2929944,14.7,,,,,0.12421560425727392,0.19288073278933085,1.5527898764622077,0.08257124974905819,0.29015906681593845,3.514044751626737,2.2630523323818585,,,,,,,0.40835724580399635,
secondary_extreme,1,pending,,,,,,,False,False,False,True,False,kepler-58 b,Kepler-58 b,Kepler-58 b,escape_velocity_km_s,km s^-1,2821,279,transit,transit,confirmed,confirmed,both_transit,2.80225,2.78,,,441.7809199999999,35.5,,,,,140.45100582716324,39.97298619292605,3.5136480709569455,39.81397620910387,141.01194231959226,3.5417698945464395,1.0080035971223023,,,,,,,0.003985869108261042,
primary_extreme;rank_displacement,1,pending,,,,,,,True,True,False,False,False,wasp-136 b,WASP-136 b,WASP-136 b,geometric_area_ratio_ppm,ppm,3560,738,transit,transit,confirmed,confirmed,both_transit,15.468419999999998,16.81347105,1.38,2.39014,,,,,,,10536.74725608749,4149.931280910614,2.5390172855525996,3512.513932060782,12448.855117118976,3.544143982886715,1.3958723333840386,196,384,188,124.0,388.0,excluded,0.1667597742137934,1.0985368849291492
primary_extreme;rank_displacement,1,pending,,,,,,,True,True,False,False,False,kepler-32 b,Kepler-32 b,Kepler-32 b,geometric_area_ratio_ppm,ppm,2364,2601,transit,transit,confirmed,confirmed,both_transit,4.14733,2.2,0.53,0.53,,,,,,,5135.210748872825,1444.9953412730506,3.5537905225000035,1444.9953412730506,5135.210748872825,3.5537905225000035,1.0,361,554,193,326.0,549.0,excluded,1.2680147866616422,0.0
secondary_extreme,1,pending,,,,,,,False,False,False,True,False,kepler-32 b,Kepler-32 b,Kepler-32 b,gravity_gearth,g_earth,2364,2601,transit,transit,confirmed,confirmed,both_transit,4.14733,2.2,,,1303.0947999999999,1303.0,,,,,75.75980100833794,269.21487603305786,3.553531984639568,75.7542894913435,269.2344628099173,3.554049079170401,1.000145515654022,,,,,,,1.2680147866616422,
secondary_extreme,1,pending,,,,,,,False,False,False,True,False,kepler-128 c,Kepler-128 c,Kepler-128 c,escape_velocity_km_s,km s^-1,1440,2664,transit,transit,confirmed,confirmed,both_transit,1.132109,1.521,,,33.054111999999996,3.38,,,,,60.442642168152354,16.67510426420843,3.624723492607294,16.67510426420843,60.442642168152354,3.624723492607294,1.0,,,,,,,0.1476428741895375,
secondary_extreme,1,pending,,,,,,,False,False,False,True,False,kepler-11 g,Kepler-11 g,Kepler-11 g,escape_velocity_km_s,km s^-1,1209,369,transit,transit,confirmed,confirmed,both_transit,3.6698266,3.33,,,301.93659999999994,25.0,,,,,101.46351956075382,30.649451199962105,3.310451430232437,29.195912083595115,106.51495258821151,3.648283098100613,1.1020500300300302,,,,,,,0.048586054500751596,
secondary_extreme,1,pending,,,,,,,False,False,False,True,False,kepler-58 c,Kepler-58 c,Kepler-58 c,escape_velocity_km_s,km s^-1,2822,140,transit,transit,confirmed,confirmed,both_transit,2.91434,2.86,,,696.0433199999999,53.0,,,,,172.8712774823735,48.15370781387218,3.5899889194528964,47.702664870472674,174.505827041326,3.6581987089225034,1.0190000000000006,,,,,,,0.00941087712029387,
primary_extreme;rank_displacement,1,pending,,,,,,,True,True,False,False,False,hd 49674 b,HD 49674 b,HD 49674 b,geometric_area_ratio_ppm,ppm,788,2649,radial_velocity,radial_velocity,absent,absent,neither_confirmed_transit,10.98482,6.2,0.94,1.02,,,,,,,11452.571372506109,3098.531102948481,3.69612922768732,3098.531102948481,11452.571372506109,3.69612922768732,1.0,177,422,245,,,,1.1439300553407858,0.16335606202853453
secondary_extreme,1,pending,,,,,,,False,False,False,True,False,k2-137 b,K2-137 b,K2-137 b,density_g_cm3,g cm^-3,966,4522,transit,transit,confirmed,confirmed,both_transit,0.8855109999999999,0.64,,,222.47959999999998,158.915,,,,,1766.7499001234817,3342.6563644409166,1.8919805028472292,1261.9721555509952,4679.689462280269,3.708235115724126,1.9599753328026515,,,,,,,0.9740901094567865,
secondary_extreme,1,pending,,,,,,,False,False,False,True,False,kepler-409 b,Kepler-409 b,Kepler-409 b,gravity_gearth,g_earth,2585,4906,transit,transit,confirmed,confirmed,both_transit,1.188154,1.199,,,21.993697599999997,6.0,,,,,15.579473635623945,4.1736198013217845,3.732844479674437,4.1736198013217845,15.579473635623945,3.732844479674437,1.0,,,,,,,0.018174067752977807,
secondary_extreme,1,pending,,,,,,,False,False,False,True,False,kepler-396 c,Kepler-396 c,Kepler-396 c,insolation_searth,S_earth,2555,242,transit,transit,confirmed,confirmed,both_transit,,,1.04,1.06,,,5384.0,5656.0,0.22662,0.38946,15.943553497381433,6.829962590916916,2.3343544397424036,5.398285814670086,20.171935627690132,3.736729828730444,1.6007551231777777,,,,,,,,0.03809638994138899
secondary_extreme,1,pending,,,,,,,False,False,False,True,False,kepler-109 c,Kepler-109 c,Kepler-109 c,gravity_gearth,g_earth,1192,1180,transit,transit,confirmed,confirmed,both_transit,2.634115,2.65,,,2.21843944,8.2,,,,,0.3197261180807094,1.167675329298683,3.6521111766162413,0.31590451263794944,1.1818010990021965,3.7410073352026796,1.024341032977206,,,,,,,0.012024755594301162,
secondary_extreme,1,pending,,,,,,,False,False,False,True,False,kepler-37 b,Kepler-37 b,Kepler-37 b,gravity_gearth,g_earth,2495,2724,transit,transit,confirmed,confirmed,both_transit,0.3200005709709281,0.3098,,,2.7799825063722094,0.79,,,,,27.14816978360657,8.231221042251795,3.2981947203521718,7.714816219126836,28.96538038423141,3.7545133366131846,1.1383540557642662,,,,,,,0.06479170418712465,
secondary_extreme,1,pending,,,,,,,False,False,False,True,False,kepler-109 c,Kepler-109 c,Kepler-109 c,density_g_cm3,g cm^-3,1192,1180,transit,transit,confirmed,confirmed,both_transit,2.634115,2.65,,,2.21843944,8.2,,,,,0.6692835411882291,2.429645949340731,3.630219181883958,0.6573198047870391,2.473867412735629,3.763567436610436,1.0367328384445578,,,,,,,0.018037133391451743,
secondary_extreme,1,pending,,,,,,,False,False,False,True,False,kepler-409 b,Kepler-409 b,Kepler-409 b,density_g_cm3,g cm^-3,2585,4906,transit,transit,confirmed,confirmed,both_transit,1.188154,1.199,,,21.993697599999997,6.0,,,,,72.30141684228678,19.19377780190852,3.7669195501001136,19.19377780190852,72.30141684228678,3.7669195501001136,1.0,,,,,,,0.02726110162946671,
secondary_extreme,1,pending,,,,,,,False,False,False,True,False,kepler-114 c,Kepler-114 c,Kepler-114 c,escape_velocity_km_s,km s^-1,1260,291,transit,transit,confirmed,confirmed,both_transit,1.6028869999999997,1.6,,,39.99974829315962,2.8,,,,,55.879433020023505,14.797687082784254,3.776227508218773,14.784354834041029,55.929824025178384,3.7830412387289143,1.0018043749999999,,,,,,,0.000901374535496352,
secondary_extreme,1,pending,,,,,,,False,False,False,True,False,hats-12 b,HATS-12 b,HATS-12 b,gravity_gearth,g_earth,321,1785,transit,transit,confirmed,confirmed,both_transit,15.132150000000001,7.76,,,762.7871999999999,759.6137,,,,,3.3312108426912226,12.61447981985334,3.786755151668016,3.317351672519937,12.667180359230521,3.818461715760222,1.008373016691676,,,,,,,1.335678570588339,
secondary_extreme,1,pending,,,,,,,False,False,False,True,False,kepler-37 b,Kepler-37 b,Kepler-37 b,density_g_cm3,g cm^-3,2495,2724,transit,transit,confirmed,confirmed,both_transit,0.3200005709709281,0.3098,,,2.7799825063722094,0.79,,,,,467.7960659026645,146.5040439863667,3.1930590663162617,132.935689780785,515.5426321454225,3.878135608244619,1.2145517911507695,,,,,,,0.09718755628068698,
secondary_extreme,1,pending,,,,,,,False,False,False,True,False,kepler-167 e,Kepler-167 e,Kepler-167 e,gravity_gearth,g_earth,1928,4712,transit,transit,confirmed,confirmed,both_transit,10.20019,10.16,,,1271.312,321.00669107,,,,,12.218998834288861,3.109758539257701,3.92924359883116,3.085301156587252,12.31585963171926,3.9917852445050186,1.0159169682664784,,,,,,,0.00789581083476154,
secondary_extreme,1,pending,,,,,,,False,False,False,True,False,kepler-167 e,Kepler-167 e,Kepler-167 e,density_g_cm3,g cm^-3,1928,4712,transit,transit,confirmed,confirmed,both_transit,10.20019,10.16,,,1271.312,321.00669107,,,,,6.605323976540517,1.6877173804593466,3.913761896996489,1.6678464398626023,6.684020670206692,4.007575583971222,1.023970208061642,,,,,,,0.011843716252142311,
secondary_extreme,1,pending,,,,,,,False,False,False,True,False,hd 6434 b,HD 6434 b,HD 6434 b,insolation_searth,S_earth,807,4043,radial_velocity,radial_velocity,absent,absent,neither_confirmed_transit,,,0.57,1.12,,,5835.0,5769.0,0.14,0.14,17.312181310946542,63.867047564995964,3.6891392492875896,16.542094829294644,66.84025926885604,4.040616376499525,1.0952734780287323,,,,,,,,1.350895206921089
secondary_extreme,1,pending,,,,,,,False,False,False,True,False,kepler-23 d,Kepler-23 d,Kepler-23 d,gravity_gearth,g_earth,2112,1611,transit,transit,confirmed,confirmed,both_transit,2.2350746,2.206,,,17.480539999999998,4.44,,,,,3.499216376606644,0.9123720110569625,3.835295618673002,0.8887895174939392,3.5920620347210974,4.041521602155476,1.0537705574710894,,,,,,,0.026187369506496916,
secondary_extreme,1,pending,,,,,,,False,False,False,True,False,kepler-23 d,Kepler-23 d,Kepler-23 d,density_g_cm3,g cm^-3,2112,1611,transit,transit,confirmed,confirmed,both_transit,2.2350746,2.206,,,17.480539999999998,4.44,,,,,8.632677898361441,2.2805164410553442,3.785404806977202,2.192671958001572,8.978526772190447,4.094787977483684,1.0817305377581368,,,,,,,0.039281054259745374,
secondary_extreme,1,pending,,,,,,,False,False,False,True,False,kepler-42 b,Kepler-42 b,Kepler-42 b,gravity_gearth,g_earth,2595,5232,transit,transit,confirmed,confirmed,both_transit,0.78463,0.78,,,2.8604519999999996,0.705944,,,,,4.646274306738336,1.1603287310979618,4.004274118371434,1.1466752349614984,4.701597633136094,4.100199855885052,1.0239558368578001,,,,,,,0.011836698809359836,
secondary_extreme,1,pending,,,,,,,False,False,False,True,False,kepler-42 b,Kepler-42 b,Kepler-42 b,density_g_cm3,g cm^-3,2595,5232,transit,transit,confirmed,confirmed,both_transit,0.78463,0.78,,,2.8604519999999996,0.705944,,,,,32.651767747033865,8.202631568300209,3.980645415456607,8.05827873721079,33.23667865270824,4.124538221696269,1.0361481094701213,,,,,,,0.017755048214039754,
secondary_extreme,1,pending,,,,,,,False,False,False,True,False,kepler-41 b,Kepler-41  b,Kepler-41 b,density_g_cm3,g cm^-3,2586,306,transit,transit,confirmed,confirmed,both_transit,9.426769,14.46,,,155.73572,177.98,,,,,1.025100397509275,0.32458846740711356,3.1581540949313753,0.28402078140995274,1.171519088547577,4.124765387701044,1.3060684386240096,,,,,,,1.2834984261025482,
primary_extreme,1,pending,,,,,,,True,False,False,False,False,kepler-41 b,Kepler-41  b,Kepler-41 b,geometric_area_ratio_ppm,ppm,2586,306,transit,transit,confirmed,confirmed,both_transit,9.426769,14.46,0.966,1.29,,,,,,,7986.275752428116,10537.315651341252,1.3194279759420438,4478.361358111174,18791.22780692295,4.196005258237686,3.180169993926214,276,192,84,35.0,371.0,excluded,0.8556656174016988,0.5784673262863997
secondary_extreme,1,pending,,,,,,,False,False,False,True,False,hd 95127 b,HD 95127 b,HD 95127 b,insolation_searth,S_earth,881,4098,radial_velocity,radial_velocity,absent,absent,neither_confirmed_transit,,,20.0,41.01,,,4218.0,4218.0,1.28,1.28,69.6243356119905,292.73901770347913,4.2045502500000085,69.6243356119905,292.73901770347913,4.2045502500000085,1.0,,,,,,,,1.436167331699954
secondary_extreme,1,pending,,,,,,,False,False,False,True,False,kepler-109 b,Kepler-109 b,Kepler-109 b,gravity_gearth,g_earth,1191,4922,transit,transit,confirmed,confirmed,both_transit,2.3381974,2.49,,,1.3030948,4.9,,,,,0.23834918168885266,0.7903098337123594,3.315764829199417,0.21017319075498775,0.896259420477603,4.264385087641504,1.2860939503574893,,,,,,,0.12580483970624612,
secondary_extreme,1,pending,,,,,,,False,False,False,True,False,kepler-177 c,Kepler-177 c,Kepler-177 c,density_g_cm3,g cm^-3,1958,1470,transit,transit,confirmed,confirmed,both_transit,7.117715,8.73,,,6.2929944,14.7,,,,,0.0962281914736132,0.12182638723944675,1.2660155550450396,0.052153249841501374,0.2247824048059082,4.3100363925362855,3.4044102976151445,,,,,,,0.6125358687059945,
secondary_extreme,1,pending,,,,,,,False,False,False,True,False,hats-12 b,HATS-12 b,HATS-12 b,insolation_searth,S_earth,321,1785,transit,transit,confirmed,confirmed,both_transit,,,2.21,1.17,,,6408.0,6357.0,0.04795,0.0441,3226.948593429708,1035.6144477265614,3.1159748693287215,875.9877975441898,3814.978467503289,4.355058915430657,1.3976553400024285,,,,,,,,1.2719775334399934
primary_extreme;rank_displacement,1,pending,,,,,,,True,True,False,False,False,k2-137 b,K2-137 b,K2-137 b,geometric_area_ratio_ppm,ppm,966,4522,transit,transit,confirmed,confirmed,both_transit,0.8855109999999999,0.64,0.442,0.29,,,,,,,336.60162376508435,408.4480026300119,1.2134463228705914,175.82808000032767,781.9243712870621,4.447096113917668,3.664847822355576,1609,1461,148,891.0,2076.0,excluded,0.6493934063045244,0.842857918194357
secondary_extreme,1,pending,,,,,,,False,False,False,True,False,kepler-20 e,Kepler-20 e,Kepler-20 e,gravity_gearth,g_earth,2023,1039,transit,transit,confirmed,confirmed,both_transit,0.8653348000000001,0.821,,,3.0829315999999998,0.76,,,,,4.117139196116993,1.1275278506797066,3.6514745011709118,1.0149514147666834,4.573804264132301,4.506426807812987,1.2341389228838706,,,,,,,0.10518674923452143,
secondary_extreme,1,pending,,,,,,,False,False,False,True,False,kepler-109 b,Kepler-109 b,Kepler-109 b,density_g_cm3,g cm^-3,1191,4922,transit,transit,confirmed,confirmed,both_transit,2.3381974,2.49,,,1.3030948,4.9,,,,,0.5620814512206428,1.7501078004377308,3.113619559295389,0.46541966820200914,2.1135830723759694,4.541241414530417,1.4585087638510656,,,,,,,0.18870725955936918,
secondary_extreme,1,pending,,,,,,,False,False,False,True,False,kepler-52 b,Kepler-52 b,Kepler-52 b,escape_velocity_km_s,km s^-1,2735,278,transit,transit,confirmed,confirmed,both_transit,2.1297099999999998,2.1,,,2765.1035999999995,135.0,,,,,403.06054125185113,89.68752756097138,4.494053434328898,89.05974846075186,405.9017011281622,4.557633590297426,1.0141476190476186,,,,,,,0.0070242377439649895,
secondary_extreme,1,pending,,,,,,,False,False,False,True,False,bd-10 3166 b,BD-10 3166 b,BD-10 3166 b,insolation_searth,S_earth,74,5257,radial_velocity,radial_velocity,absent,absent,neither_confirmed_transit,,,1.71,0.91,,,5400.0,5393.0,0.046,0.04,1058.6351431665018,394.43840453430937,2.683904840392941,298.2521017272662,1400.0449768376977,4.6941663402525,1.7490062499999977,,,,,,,,1.2616080999716195
secondary_extreme,1,pending,,,,,,,False,False,False,True,False,kepler-20 e,Kepler-20 e,Kepler-20 e,density_g_cm3,g cm^-3,2023,1039,transit,transit,confirmed,confirmed,both_transit,0.8653348000000001,0.821,,,3.0829315999999998,0.76,,,,,26.234823246897157,7.572702276063218,3.4643938571074684,6.467372051861884,30.71858308456213,4.749778246593776,1.371027210676189,,,,,,,0.15778012385178214,
secondary_extreme,1,pending,,,,,,,False,False,False,True,False,kepler-22 b,Kepler-22 b,Kepler-22 b,gravity_gearth,g_earth,2077,4920,transit,transit,confirmed,confirmed,both_transit,2.35389,2.1,,,34.961079999999995,9.1,,,,,6.309755231373052,2.0634920634920633,3.057804458280787,1.6423626674431901,7.92768253968254,4.826998748104923,1.5785832004505753,,,,,,,0.22826386808982502,
secondary_extreme,1,pending,,,,,,,False,False,False,True,False,kepler-65 c,Kepler-65 c,Kepler-65 c,gravity_gearth,g_earth,2916,5246,transit,transit,confirmed,confirmed,both_transit,2.5713445999999998,2.58,,,26.697551999999998,5.4,,,,,4.037856453326304,0.8112493239588967,4.977331054800224,0.8112493239588967,4.037856453326304,4.977331054800224,1.0,,,,,,,0.006720892362869213,
secondary_extreme,1,pending,,,,,,,False,False,False,True,False,kepler-65 c,Kepler-65 c,Kepler-65 c,density_g_cm3,g cm^-3,2916,5246,transit,transit,confirmed,confirmed,both_transit,2.5713445999999998,2.58,,,26.697551999999998,5.4,,,,,8.658792945776797,1.7338096016702935,4.994085242944329,1.7338096016702935,8.658792945776797,4.994085242944329,1.0,,,,,,,0.01008133854430382,
secondary_extreme,1,pending,,,,,,,False,False,False,True,False,kepler-210 c,Kepler-210 c,Kepler-210 c,insolation_searth,S_earth,2053,6020,transit,transit,confirmed,confirmed,both_transit,,,0.69,0.65,,,4300.0,4559.0,0.037,0.07,107.11819993452463,33.55859055525138,3.1919755318139353,26.55823233741369,135.3529770712267,5.096460312253136,1.5966476752272973,,,,,,,,0.11943846940324432
primary_extreme;rank_displacement,1,pending,,,,,,,True,True,False,False,False,bd-10 3166 b,BD-10 3166 b,BD-10 3166 b,geometric_area_ratio_ppm,ppm,74,5257,radial_velocity,radial_velocity,absent,absent,neither_confirmed_transit,11.54527,14.1,1.71,0.91,,,,,,,3822.863501242505,20133.91659164943,5.266710826872452,3822.863501242505,20133.91659164943,5.266710826872452,1.0,400,31,369,,,,0.39979793620723925,1.2616080999716195
secondary_extreme,1,pending,,,,,,,False,False,False,True,False,kepler-22 b,Kepler-22 b,Kepler-22 b,density_g_cm3,g cm^-3,2077,4920,transit,transit,confirmed,confirmed,both_transit,2.35389,2.1,,,34.961079999999995,9.1,,,,,14.780635605653197,5.418140589569162,2.7279904168799947,3.8472433921218703,20.81582929705216,5.410582896750809,1.9833584690297037,,,,,,,0.3423958021347375,
secondary_extreme,1,pending,,,,,,,False,False,False,True,False,k2-3 d,K2-3 d,K2-3 d,gravity_gearth,g_earth,986,2843,transit,transit,confirmed,confirmed,both_transit,1.513215,1.458,,,11.0921972,2.2,,,,,4.844135767080158,1.0349220327374065,4.6806770112597205,0.9607743619610685,5.217981488067348,5.431016578561435,1.160305777454141,,,,,,,0.07434178581756856,
secondary_extreme,1,pending,,,,,,,False,False,False,True,False,kepler-42 c,Kepler-42 c,Kepler-42 c,escape_velocity_km_s,km s^-1,2596,258,transit,transit,confirmed,confirmed,both_transit,0.728585,0.73,,,1.906968,60.337,,,,,18.096992432601056,101.69632085350842,5.619515023408327,18.079444716626256,101.79502621653192,5.630428799780503,1.001942120685987,,,,,,,0.0009701186039206833,
secondary_extreme,1,pending,,,,,,,False,False,False,True,False,k2-3 d,K2-3 d,K2-3 d,density_g_cm3,g cm^-3,986,2843,transit,transit,confirmed,confirmed,both_transit,1.513215,1.458,,,11.0921972,2.2,,,,,17.651533073409915,3.9139643954143066,4.509885959640019,3.5009630699228675,19.733847685324655,5.636691187879176,1.2498522664038936,,,,,,,0.11151267872635284,
primary_extreme,1,pending,,,,,,,True,False,False,False,False,k2-7 b,K2-7 b,K2-7 b,geometric_area_ratio_ppm,ppm,1003,5070,transit,transit,confirmed,confirmed,both_transit,2.6677419999999996,4.03523305,0.96,1.533,,,,,,,647.6166575236751,581.0663938705084,1.1145312555590636,253.96634407199844,1481.7249788462996,5.834335979677041,5.2347890205649374,1091,1177,86,509.0,1829.0,excluded,0.8276632709017855,0.9360971888198644
secondary_extreme,1,pending,,,,,,,False,False,False,True,False,kepler-106 b,Kepler-106 b,Kepler-106 b,escape_velocity_km_s,km s^-1,1148,777,transit,transit,confirmed,confirmed,both_transit,0.8182569999999999,0.82,,,0.14937915999999998,5.3,,,,,4.7794173613395285,28.438443552826822,5.950190452682368,4.774335071075516,28.468716339013916,5.962865177077059,1.0021301375973566,,,,,,,0.001063936035474708,
primary_extreme;rank_displacement,1,pending,,,,,,,True,True,False,False,False,kepler-462 b,Kepler-462 b,Kepler-462 b,geometric_area_ratio_ppm,ppm,2659,4432,transit,transit,confirmed,confirmed,both_transit,5.04405,3.0,2.3,1.57,,,,,,,403.3442947746153,306.20764477666455,1.3172247710170604,142.67887024763724,865.629972557797,6.066980843452059,4.605881226153681,1470,1683,213,806.0,2214.0,excluded,1.0391940843061538,0.7636670071497743
secondary_extreme,1,pending,,,,,,,False,False,False,True,False,kepler-50 b,Kepler-50 b,Kepler-50 b,gravity_gearth,g_earth,2711,5952,transit,transit,confirmed,confirmed,both_transit,2.2418,1.71,,,31.782799999999998,8.9,,,,,6.324095584171624,3.0436715570602924,2.0777851570422747,1.7709091300680704,10.869258917273688,6.13767173748542,2.9539491687496655,,,,,,,0.5415714881805789,
secondary_extreme,1,pending,,,,,,,False,False,False,True,False,kepler-32 c,Kepler-32 c,Kepler-32 c,density_g_cm3,g cm^-3,2365,204,transit,transit,confirmed,confirmed,both_transit,3.69897,2.0,,,158.914,158.9,,,,,17.31356469072825,109.52182500000005,6.3257813717963645,17.312039400913196,109.5314745,6.326896096032586,1.000176219216363,,,,,,,1.844721665872206,
secondary_extreme,1,pending,,,,,,,False,False,False,True,False,kepler-23 b,Kepler-23 b,Kepler-23 b,gravity_gearth,g_earth,2110,1639,transit,transit,confirmed,confirmed,both_transit,1.6936799,1.638,,,15.1921784,2.56,,,,,5.296114729327156,0.9541401482793426,5.550667518684707,0.892436446578163,5.662291934086806,6.3447564874759745,1.1430618869024667,,,,,,,0.06685526380927509,
secondary_extreme,1,pending,,,,,,,False,False,False,True,False,kepler-23 b,Kepler-23 b,Kepler-23 b,density_g_cm3,g cm^-3,2110,1639,transit,transit,confirmed,confirmed,both_transit,1.6936799,1.638,,,15.1921784,2.56,,,,,17.242205340873408,3.2119223306546365,5.368188756095853,2.9054454542632224,19.060975411816028,6.560431338969882,1.2220940129052236,,,,,,,0.10028289571391263,
secondary_extreme,1,pending,,,,,,,False,False,False,True,False,kepler-37 d,Kepler-37 d,Kepler-37 d,gravity_gearth,g_earth,2497,1021,transit,transit,confirmed,confirmed,both_transit,1.9400034615117419,2.03,,,12.199923229405737,2.0,,,,,3.2415452474377684,0.48533087432357014,6.67904190508315,0.48533087432357014,3.2415452474377684,6.67904190508315,1.0,,,,,,,0.09069207139129598,
secondary_extreme,1,pending,,,,,,,False,False,False,True,False,kepler-32 b,Kepler-32 b,Kepler-32 b,density_g_cm3,g cm^-3,2364,2601,transit,transit,confirmed,confirmed,both_transit,4.14733,2.2,,,1303.0947999999999,1303.0,,,,,100.72493453860092,674.7503756574002,6.698940820843275,100.71760681095269,674.7994672426744,6.699915621598072,1.0001455156540218,,,,,,,1.9020221799924633,
secondary_extreme,1,pending,,,,,,,False,False,False,True,False,kepler-24 b,Kepler-24 b,Kepler-24 b,escape_velocity_km_s,km s^-1,2138,5053,transit,transit,confirmed,confirmed,both_transit,2.35389,2.348,,,508.52479999999997,11.14,,,,,164.4136238971805,24.36510931066416,6.747912426775763,24.33460652999178,164.61971199246594,6.764839685802043,1.0025085178875637,,,,,,,0.001252688404219937,
secondary_extreme,1,pending,,,,,,,False,False,False,True,False,kepler-46 b,Kepler-46 b,Kepler-46 b,gravity_gearth,g_earth,2654,271,transit,transit,confirmed,confirmed,both_transit,9.101708,9.057,,,281.27778,1907.0,,,,,3.395389715833853,23.247805182271012,6.8468738872179005,3.395389715833853,23.247805182271012,6.8468738872179005,1.0,,,,,,,0.009848297651375404,
secondary_extreme,1,pending,,,,,,,False,False,False,True,False,kepler-46 b,Kepler-46 b,Kepler-46 b,density_g_cm3,g cm^-3,2654,271,transit,transit,confirmed,confirmed,both_transit,9.101708,9.057,,,281.27778,1907.0,,,,,2.056996213579679,14.153516371319677,6.880672058549432,2.056996213579679,14.153516371319677,6.880672058549432,1.0,,,,,,,0.014772446477063106,
secondary_extreme,1,pending,,,,,,,False,False,False,True,False,kepler-37 d,Kepler-37 d,Kepler-37 d,density_g_cm3,g cm^-3,2497,1021,transit,transit,confirmed,confirmed,both_transit,1.9400034615117419,2.03,,,12.199923229405737,2.0,,,,,9.213324021826066,1.318282975872003,6.988881894444356,1.318282975872003,9.213324021826066,6.988881894444356,1.0,,,,,,,0.13603810708694397,
secondary_extreme,1,pending,,,,,,,False,False,False,True,False,kepler-50 c,Kepler-50 c,Kepler-50 c,gravity_gearth,g_earth,2712,181,transit,transit,confirmed,confirmed,both_transit,2.80225,2.17,,,34.961079999999995,8.2,,,,,4.452163291256825,1.7413833379345496,2.5566819173413737,1.044239451078341,7.424468559536199,7.109929194754393,2.7809205151917458,,,,,,,0.5113909967333989,
secondary_extreme,1,pending,,,,,,,False,False,False,True,False,kepler-102 f,Kepler-102 f,Kepler-102 f,gravity_gearth,g_earth,1099,2768,transit,transit,confirmed,confirmed,both_transit,0.8855109999999999,0.861,,,0.635656,4.3,,,,,0.8106515730391445,5.80045621262584,7.155301248451102,0.8106515730391445,5.80045621262584,7.1553012484511,0.9999999999999998,,,,,,,0.05614075015649789,
secondary_extreme,1,pending,,,,,,,False,False,False,True,False,kepler-953 b,Kepler-953 b,Kepler-953 b,insolation_searth,S_earth,3312,548,transit,transit,confirmed,confirmed,both_transit,,,0.822,0.99,,,5114.0,5416.0,0.19757,0.392,10.666924973363216,4.944331582032834,2.1574048577416747,2.709624472782791,19.464252171744505,7.18337628230626,3.3296375766139996,,,,,,,,0.3719290961449115
secondary_extreme,1,pending,,,,,,,False,False,False,True,False,kepler-210 b,Kepler-210 b,Kepler-210 b,insolation_searth,S_earth,2052,227,transit,transit,confirmed,confirmed,both_transit,,,0.69,0.65,,,4300.0,4559.0,0.01421,0.032,726.2373124870401,160.58309933665205,4.522501530279539,127.0852914583272,917.662753532191,7.2208415545327185,1.5966476752272971,,,,,,,,0.11943846940324432
secondary_extreme,1,pending,,,,,,,False,False,False,True,False,kepler-53 b,Kepler-53 b,Kepler-53 b,escape_velocity_km_s,km s^-1,2751,152,transit,transit,confirmed,confirmed,both_transit,2.91434,2.89,,,5851.213479999999,111.0,,,,,501.2191759971569,69.32460169377102,7.230033260215509,69.03450192471487,503.3254208913673,7.290925651064528,1.0084221453287205,,,,,,,0.0041934384740041075,
secondary_extreme,1,pending,,,,,,,False,False,False,True,False,kepler-114 b,Kepler-114 b,Kepler-114 b,gravity_gearth,g_earth,1259,490,transit,transit,confirmed,confirmed,both_transit,1.1800021054573289,1.26,,,6.999955951279095,1.09,,,,,5.027241433137701,0.6865709246661628,7.322246329586618,0.6865709246661628,5.027241433137701,7.322246329586618,1.0,,,,,,,0.1311909964030663,
secondary_extreme,1,pending,,,,,,,False,False,False,True,False,k2-95 b,K2-95 b,K2-95 b,escape_velocity_km_s,km s^-1,1007,4604,transit,transit,confirmed,confirmed,both_transit,3.69897,3.31,,,530.77276,11.0,,,,,133.99504026648776,20.3918750184325,6.57100144765343,19.28993450327479,141.64952782707368,7.343183451609248,1.1175135951661632,,,,,,,0.05555310656418788,
secondary_extreme,1,pending,,,,,,,False,False,False,True,False,kepler-102 f,Kepler-102 f,Kepler-102 f,density_g_cm3,g cm^-3,1099,2768,transit,transit,confirmed,confirmed,both_transit,0.8855109999999999,0.861,,,0.635656,4.3,,,,,5.047856857495664,37.147172539394745,7.358998796535635,5.047856857495664,37.147172539394745,7.358998796535635,1.0,,,,,,,0.08421112523474683,
secondary_extreme,1,pending,,,,,,,False,False,False,True,False,hats-12 b,HATS-12 b,HATS-12 b,density_g_cm3,g cm^-3,321,1785,transit,transit,confirmed,confirmed,both_transit,15.132150000000001,7.76,,,762.7871999999999,759.6137,,,,,1.213859007913574,8.96343321219991,7.384245743339329,1.2088088686852112,9.00088047690684,7.446074156203746,1.008373016691676,,,,,,,2.0035178558825084,
secondary_extreme,1,pending,,,,,,,False,False,False,True,False,kepler-24 c,Kepler-24 c,Kepler-24 c,escape_velocity_km_s,km s^-1,2139,5049,transit,transit,confirmed,confirmed,both_transit,2.80225,2.514,,,508.52479999999997,9.99,,,,,150.6875753581661,22.298462672696346,6.757756244006791,21.120496345516806,159.0919654251603,7.532586489565638,1.1146579156722345,,,,,,,0.054273777875506024,
secondary_extreme,1,pending,,,,,,,False,False,False,True,False,hd 240237 b,HD 240237 b,HD 240237 b,insolation_searth,S_earth,688,4020,radial_velocity,radial_velocity,absent,absent,neither_confirmed_transit,,,32.0,71.23,,,4361.0,3926.0,1.9,1.92,92.4340137465759,294.5908968955311,3.187039975383995,59.45568548449469,457.99184369607434,7.703079023712761,2.4170010678277247,,,,,,,,1.6003563503810723
secondary_extreme,1,pending,,,,,,,False,False,False,True,False,kepler-37 c,Kepler-37 c,Kepler-37 c,gravity_gearth,g_earth,2496,2723,transit,transit,confirmed,confirmed,both_transit,0.7500013382124472,0.755,,,9.999937073274014,1.3,,,,,17.777602467429013,2.2806017279943864,7.795136804997094,2.2806017279943864,17.777602467429013,7.795136804997094,1.0,,,,,,,0.01328551687399493,
secondary_extreme,1,pending,,,,,,,False,False,False,True,False,kepler-114 b,Kepler-114 b,Kepler-114 b,density_g_cm3,g cm^-3,1259,490,transit,transit,confirmed,confirmed,both_transit,1.1800021054573289,1.26,,,6.999955951279095,1.09,,,,,23.491660848840496,3.00456514175335,7.818655858841408,3.00456514175335,23.491660848840496,7.818655858841408,1.0,,,,,,,0.19678649460459946,
secondary_extreme,1,pending,,,,,,,False,False,False,True,False,kepler-37 c,Kepler-37 c,Kepler-37 c,density_g_cm3,g cm^-3,2496,2723,transit,transit,confirmed,confirmed,both_transit,0.7500013382124472,0.755,,,9.999937073274014,1.3,,,,,130.70070013346648,16.655944275709995,7.847090382265047,16.655944275709995,130.70070013346648,7.847090382265047,1.0,,,,,,,0.019928275310992394,
secondary_extreme,1,pending,,,,,,,False,False,False,True,False,kepler-50 b,Kepler-50 b,Kepler-50 b,density_g_cm3,g cm^-3,2711,5952,transit,transit,confirmed,confirmed,both_transit,2.2418,1.71,,,31.782799999999998,8.9,,,,,15.554939357267518,9.814505827854065,1.5848927730137785,4.355782381655518,35.048592789384266,8.046451755026204,5.07696917547636,,,,,,,0.8123572322708683,
secondary_extreme,1,pending,,,,,,,False,False,False,True,False,kepler-23 c,Kepler-23 c,Kepler-23 c,gravity_gearth,g_earth,2111,4994,transit,transit,confirmed,confirmed,both_transit,3.116102,3.005,,,60.069492,7.81,,,,,6.186295043778468,0.8648924006301204,7.15267591583811,0.8043178439383144,6.652195536557212,8.270605441233242,1.1562952856454338,,,,,,,0.07261058752057492,
secondary_extreme,1,pending,,,,,,,False,False,False,True,False,kepler-100 c,Kepler-100 c,Kepler-100 c,gravity_gearth,g_earth,1070,5987,transit,transit,confirmed,confirmed,both_transit,2.2205029,2.2,,,0.8581356,7.05,,,,,0.17404166515020802,1.4566115702479336,8.369326787300002,0.17404166515020802,1.4566115702479336,8.369326787300002,1.0,,,,,,,0.018552682794112485,
secondary_extreme,1,pending,,,,,,,False,False,False,True,False,kepler-100 c,Kepler-100 c,Kepler-100 c,density_g_cm3,g cm^-3,1070,5987,transit,transit,confirmed,confirmed,both_transit,2.2205029,2.2,,,0.8581356,7.05,,,,,0.432183962307929,3.6507982719759573,8.447324728294248,0.432183962307929,3.6507982719759573,8.447324728294248,1.0,,,,,,,0.027829024191168727,
primary_extreme,1,pending,,,,,,,True,False,False,False,False,kepler-223 c,Kepler-223 c,Kepler-223 c,geometric_area_ratio_ppm,ppm,2090,5714,transit,transit,confirmed,confirmed,both_transit,1.995202,3.44,1.02,1.72,,,,,,,320.8826413512836,335.4538771600001,1.0454098599642376,112.84691051307308,953.870386572611,8.452782466402633,8.08561578584288,1662,1606,56,748.0,2296.0,excluded,1.0894523460728012,1.045043327058364
secondary_extreme,1,pending,,,,,,,False,False,False,True,False,kepler-23 c,Kepler-23 c,Kepler-23 c,density_g_cm3,g cm^-3,2111,4994,transit,transit,confirmed,confirmed,both_transit,3.116102,3.005,,,60.069492,7.81,,,,,10.946763254667044,1.5870271870464174,6.897653262663907,1.4232552693961447,12.206391410507981,8.576389403207255,1.2433778673146891,,,,,,,0.10891588128086238,
secondary_extreme,1,pending,,,,,,,False,False,False,True,False,kepler-52 c,Kepler-52 c,Kepler-52 c,escape_velocity_km_s,km s^-1,2736,161,transit,transit,confirmed,confirmed,both_transit,1.79344,1.84,,,3308.5894799999996,45.4,,,,,480.45512610138894,55.564041871793606,8.646871428287618,55.564041871793606,480.45512610138894,8.646871428287618,1.0,,,,,,,0.0128150041651231,
primary_extreme,1,pending,,,,,,,True,False,False,False,False,kepler-223 d,Kepler-223 d,Kepler-223 d,geometric_area_ratio_ppm,ppm,2091,3794,transit,transit,confirmed,confirmed,both_transit,2.981594,5.24,1.02,1.72,,,,,,,716.5879362281098,778.3564069690052,1.086198033232355,252.00719606940416,2213.2733509968334,8.782579964055017,8.085615785842878,1004,933,71,435.0,1843.0,excluded,1.1277268829888611,1.045043327058364
primary_extreme,1,pending,,,,,,,True,False,False,False,False,kepler-223 b,Kepler-223 b,Kepler-223 b,geometric_area_ratio_ppm,ppm,2089,3793,transit,transit,confirmed,confirmed,both_transit,1.692559,2.99,1.02,1.72,,,,,,,230.91923701081362,253.43016556230694,1.0974839898264481,81.20888797527395,720.634180891512,8.873833872850554,8.085615785842878,1895,1843,52,960.0,2410.0,excluded,1.138063605061699,1.045043327058364
secondary_extreme,1,pending,,,,,,,False,False,False,True,False,kepler-50 c,Kepler-50 c,Kepler-50 c,density_g_cm3,g cm^-3,2712,181,transit,transit,confirmed,confirmed,both_transit,2.80225,2.17,,,34.961079999999995,8.2,,,,,8.760541846013075,4.424879136115717,1.9798375450551458,2.05475469113961,18.86567725220396,9.181474233179951,4.637488695025335,,,,,,,0.7670864951000984,
stable_reference,3,pending,,,,,,,False,False,False,False,True,corot-28 b,CoRoT-28 b,CoRoT-28 b,geometric_area_ratio_ppm,ppm,106,904,transit,transit,confirmed,confirmed,both_transit,10.704595,10.704595,1.78,1.78,,,,,,,3033.0062227727485,3033.0062227727485,1.0,3033.0062227727485,3033.0062227727485,1.0,1.0,426,423,3,394.0,408.0,excluded,0.0,0.0
stable_reference,3,pending,,,,,,,False,False,False,False,True,corot-29 b,CoRoT-29 b,CoRoT-29 b,geometric_area_ratio_ppm,ppm,107,5387,transit,transit,confirmed,confirmed,both_transit,10.0881,10.0881,0.9,0.9,,,,,,,10536.74725608747,10536.74725608747,1.0,10536.74725608747,10536.74725608747,1.0,1.0,197,194,3,169.0,214.0,excluded,0.0,0.0
stable_reference,3,pending,,,,,,,False,False,False,False,True,corot-31 b,CoRoT-31 b,CoRoT-31 b,geometric_area_ratio_ppm,ppm,110,5817,transit,transit,confirmed,confirmed,both_transit,16.36514,16.36514,2.15,2.15,,,,,,,4858.870838523757,4858.870838523757,1.0,4858.870838523757,4858.870838523757,1.0,1.0,371,367,4,336.0,362.0,excluded,0.0,0.0
stable_reference,3,pending,,,,,,,False,False,False,False,True,corot-32 b,CoRoT-32 b,CoRoT-32 b,geometric_area_ratio_ppm,ppm,111,3857,transit,transit,confirmed,confirmed,both_transit,6.389129999999999,6.38913,0.79,0.79,,,,,,,5485.321556646082,5485.321556646082,1.0,5485.321556646082,5485.321556646082,1.0,1.0,348,350,2,313.0,343.0,excluded,4.440892098500626e-16,0.0
stable_reference,3,pending,,,,,,,False,False,False,False,True,hat-p-1 b,HAT-P-1 b,HAT-P-1 b,geometric_area_ratio_ppm,ppm,255,1772,transit,transit,confirmed,confirmed,both_transit,14.784671,14.784671,1.174,1.174,,,,,,,13300.254769725374,13300.254769725374,1.0,13300.254769725374,13300.254769725374,1.0,1.0,126,122,4,104.0,144.0,excluded,0.0,0.0
stable_reference,3,pending,,,,,,,False,False,False,False,True,hat-p-35 b,HAT-P-35 b,HAT-P-35 b,geometric_area_ratio_ppm,ppm,284,1912,transit,transit,confirmed,confirmed,both_transit,14.930388,14.930388,1.435,1.435,,,,,,,9078.439638060223,9078.439638060223,1.0,9078.439638060223,9078.439638060223,1.0,1.0,239,238,1,205.0,245.0,excluded,0.0,0.0
stable_reference,3,pending,,,,,,,False,False,False,False,True,hat-p-50 b,HAT-P-50 b,HAT-P-50 b,geometric_area_ratio_ppm,ppm,303,375,transit,transit,confirmed,confirmed,both_transit,14.437192,14.437192,1.698,1.698,,,,,,,6062.655864795832,6062.655864795832,1.0,6062.655864795832,6062.655864795832,1.0,1.0,337,334,3,300.0,332.0,excluded,0.0,0.0
stable_reference,3,pending,,,,,,,False,False,False,False,True,hat-p-52 b,HAT-P-52 b,HAT-P-52 b,geometric_area_ratio_ppm,ppm,305,5017,transit,transit,confirmed,confirmed,both_transit,11.309880999999999,11.309881,0.893,0.893,,,,,,,13451.97270700043,13451.97270700043,1.0,13451.97270700043,13451.97270700043,1.0,1.0,124,118,6,103.0,140.0,excluded,0.0,0.0
stable_reference,3,pending,,,,,,,False,False,False,False,True,hat-p-53 b,HAT-P-53 b,HAT-P-53 b,geometric_area_ratio_ppm,ppm,306,5992,transit,transit,confirmed,confirmed,both_transit,14.773462,14.773462,1.209,1.209,,,,,,,12522.319535167862,12522.319535167862,1.0,12522.319535167862,12522.319535167862,1.0,1.0,145,141,4,121.0,161.0,excluded,0.0,0.0
