planet_key,rank_a,rank_b,rank_displacement,source_value_a,source_value_b,factorial_width,top_k_status,best_rank,worst_rank
kepler-458 c,548,1663,1115,1396.672714569988,301.356700135337,4.634616432761418,excluded,530,1675
kepler-430 c,1453,2287,834,401.8367487385443,116.46515648091463,3.4502744072163254,excluded,1429,2292
kepler-238 d,734,1488,754,976.6133790099059,386.5249213708842,2.526650482318606,excluded,719,1507
kepler-238 c,1145,1858,713,590.1749213104107,234.2591436898669,2.52982169561312,excluded,1130,1870
kepler-28 c,465,1055,590,1935.3209245874953,655.9344988605728,3.644285235865528,excluded,441,1166
kepler-238 b,1661,2234,573,308.5055529942849,122.74193224022736,2.535736268098388,excluded,1637,2250
kepler-279 b,1008,1538,530,681.5601118980409,360.49686042778717,1.8906131695273598,excluded,987,1557
kepler-84 c,1360,1867,507,452.1425978198651,228.41507093627266,1.9794779563648495,excluded,1338,1878
kepler-28 b,447,950,503,2201.9651408639943,729.970883583241,3.725844661569572,excluded,419,1076
kepler-1650 b,1461,991,470,399.7047258026018,692.8230960025813,1.7333372644303908,excluded,978,1480
kepler-84 b,1497,1962,465,379.79651262700503,203.94378523753778,1.956781139219668,excluded,1464,1972
kepler-307 b,1342,932,410,467.6829970231909,747.37155040254,1.6042287619295448,excluded,922,1359
kepler-50 c,1771,2144,373,263.798551316082,158.18966933972152,1.6676092213680485,excluded,1752,2153
kepler-307 c,1494,1127,367,381.5436729096582,612.589257048941,1.60555475177278,excluded,1115,1512
kepler-411 b,1331,975,356,476.50881999008664,719.0009096169862,1.7514814438265198,excluded,909,1396
kepler-57 c,1487,1144,343,387.540338185991,592.7579690911083,2.507201484513011,excluded,916,1674
kepler-114 c,1266,939,327,509.97856719463334,736.2499361536352,1.4541360508829269,excluded,927,1289
kepler-462 c,1509,1205,304,368.2881980435871,544.3691462696257,3.1160687720952396,excluded,873,1830
kepler-279 d,1274,987,287,501.25493224151285,703.9286748859287,1.4132200011563831,excluded,971,1295
k2-35 b,1767,1495,272,271.0888695793499,380.6562069613354,1.5859842983608456,excluded,1422,1820
kepler-432 b,587,844,257,1286.3121559543572,838.0413909226199,1.6755953921394255,excluded,552,891
hip 41378 c,1746,1490,256,279.4603415104345,384.8453939520332,1.377101995481759,excluded,1474,1758
kepler-85 c,1156,1412,256,579.536032116637,428.5576904902744,1.352294090099379,excluded,1143,1437
kepler-32 c,370,624,254,4084.911983581087,1194.2110258454966,3.4205947652250033,excluded,360,640
kepler-50 b,2104,2358,254,168.8310728422925,98.23152161147611,1.718705666700865,excluded,2084,2366
kepler-80 b,834,583,251,853.1638170868628,1300.5766705421142,1.5244161138747627,excluded,563,846
kepler-80 d,1666,1416,250,302.2830984576473,427.0672793940206,1.4128056830602347,excluded,1399,1674
hat-p-67 b,42,285,243,19164.597488299692,7029.590579137481,3.0255026388536,possible,24,318
kepler-85 b,1337,1574,237,473.13818035980114,346.27427742167305,1.3663682554844825,excluded,1318,1589
kepler-130 d,2291,2063,228,112.95914573465546,177.587620629388,1.5721402589795326,excluded,2051,2296
kepler-289 b,1486,1263,223,388.42665084840866,519.9618959449293,1.3386359942326793,excluded,1246,1504
kepler-31 b,713,490,223,1022.2428807975225,1704.4275369675502,1.6673410683357444,excluded,480,729
kepler-160 c,544,763,219,1410.7594298814236,948.56021920877,1.75165458796106,excluded,501,833
kepler-24 c,1171,1389,218,575.200195218331,438.84179856845685,1.3107233565596714,excluded,1158,1415
kepler-167 c,1644,1428,216,320.05907379511444,418.90939101374875,1.7156356536976696,excluded,1314,1758
k2-3 c,771,986,215,938.0461139043705,704.0451277869882,1.4020181814871002,excluded,727,1016
corot-7 b,1787,1575,212,257.4814073835303,344.13821057042844,1.3365555752840004,excluded,1560,1794
kepler-462 b,1446,1657,211,403.3442947746153,306.20764477666455,6.066980843452059,excluded,806,2214
kepler-60 d,2164,1953,211,148.3761333608335,210.1882439945401,1.4314611076311385,excluded,1942,2170
kepler-223 e,1348,1139,209,463.8032269701866,599.8347113900754,10.45709199350582,excluded,480,2145
kepler-282 d,1276,1067,209,499.92997470310166,640.7122468821668,1.2941112720516526,excluded,1051,1295
kepler-31 c,713,506,207,1022.2428807975225,1582.7229591212704,1.54828464824962,excluded,493,729
kepler-296 f,829,628,201,860.1426331499982,1179.3300368906257,1.371086598244416,excluded,613,846
kepler-84 e,1231,1430,199,529.4218155024874,414.8494303586888,1.2761782390414194,excluded,1216,1449
kepler-31 d,635,827,192,1172.6697434988132,857.0030690008733,1.3683378577231422,excluded,616,846
kepler-9 d,1753,1943,190,277.2355985558268,216.80044886811223,1.7296525514608134,excluded,1602,2053
kepler-32 b,343,532,189,5135.210748872825,1444.9953412730506,3.5537905225000035,excluded,326,549
kepler-953 c,2071,2256,185,175.21636174513375,121.17034880274359,1.455040923076943,excluded,2055,2270
k2-35 c,1058,874,184,665.1376219502449,813.7662450127857,1.381865620725883,excluded,806,1112
kepler-60 c,2222,2039,183,135.33866475596804,191.60616166770788,1.4323077502905175,excluded,2022,2228
kepler-167 b,1559,1377,182,357.8408389562282,441.2203228384583,1.6162208885786458,excluded,1257,1665
kepler-58 d,1007,1187,180,681.7649907124788,570.7154809905485,1.1998631692859905,excluded,985,1212
wasp-136 b,187,366,179,10536.74725608749,4149.931280910614,3.544143982886715,excluded,124,388
kepler-278 b,1961,2139,178,203.91938749428127,160.261825189374,1.4188821458015024,excluded,1937,2164
kepler-279 c,738,560,178,968.3237411082932,1354.3851403372353,1.4189208576320038,excluded,537,764
kepler-145 c,1522,1348,174,362.4923545646223,457.2954300300061,1.261531241339555,excluded,1333,1538
kepler-338 d,2008,1834,174,195.4810928217655,250.7358166283253,1.2826601949526628,excluded,1822,2020
kepler-433 b,188,362,174,10536.74725608747,4335.734466166233,2.430210461067357,excluded,169,373
kepler-105 c,2302,2130,172,107.1919836419304,165.19735409541397,1.5411353394414986,excluded,2117,2306
kepler-282 e,888,718,170,792.5439468800473,1017.4573158400456,1.2919110803382317,excluded,701,901
kepler-84 f,1499,1669,170,377.86616498854715,297.02237321539263,1.2792275480751565,excluded,1479,1680
kepler-160 b,1812,1975,163,255.37733632425866,197.34106430669394,2.01312915680177,excluded,1621,2153
kepler-305 d,876,716,160,815.2649838888979,1018.4521408266762,1.2492283624994596,excluded,704,885
kepler-80 c,710,550,160,1023.4096581382104,1369.6656443156687,1.3383356639484605,excluded,533,725
epic 211822797 b,617,776,159,1210.7724511447839,919.0080059175273,1.4107150787010805,excluded,579,827
kepler-54 d,913,1069,156,779.5507089943765,639.6407983323156,1.2366614626876888,excluded,879,1094
hat-p-41 b,29,184,155,21125.765290703323,10536.74725608747,4.392600544011357,possible,4,304
kepler-276 d,956,1111,155,729.6916382332048,619.7470065355831,1.177402440896355,excluded,941,1133
kepler-166 d,1356,1510,154,456.3358252837304,364.34167112504144,1.2636004489793191,excluded,1333,1538
kepler-186 d,786,937,151,913.8021300222019,737.8106139058464,1.238532101327041,excluded,765,959
kepler-276 b,927,1078,151,765.1371392520207,631.3544543675448,1.2127360369470264,excluded,914,1102
kepler-276 c,903,1053,150,783.1751165491459,664.8051434903382,1.1780521318432429,excluded,885,1075
kepler-127 c,1780,1633,147,258.69953344615857,321.28998203366876,1.2419426419280217,excluded,1610,1788
kepler-60 b,2295,2148,147,109.62431845233401,155.2009909508434,1.4323077502905175,excluded,2136,2302
k2-137 b,1583,1437,146,336.60162376508435,408.4480026300119,4.447096113917668,excluded,891,2076
kepler-328 b,1334,1476,142,475.22309125234165,394.836020420167,1.203596092237558,excluded,1318,1495
kepler-176 e,1934,1794,140,221.36347820799375,255.948532707541,1.1562364974544312,excluded,1780,1941
wasp-93 b,17,157,140,23916.887711508363,11570.349057533886,2.0670843716625114,possible,12,191
kepler-186 c,1011,1148,137,681.0595037689404,588.1781041979004,1.1579137320959993,excluded,990,1166
ogle-tr-182 b,62,190,128,17519.896233979252,10352.42491218511,1.692347095737716,excluded,44,216
kepler-186 b,1282,1409,127,492.0654914730597,430.9792713575528,1.1417381859760676,excluded,1270,1431
ogle-tr-10 b,18,145,127,23165.80936564296,12026.50308777932,1.926229860547144,possible,13,175
kepler-114 d,595,471,124,1273.7867523122463,1840.8836782522653,1.4526091247565758,excluded,464,614
kepler-84 d,2163,2286,123,148.8113601132791,116.86971230400697,1.2780932297553307,excluded,2150,2292
kepler-282 c,2284,2163,121,118.25822893338454,147.7741451190383,1.249588687839053,excluded,2153,2290
kepler-255 d,2093,1973,120,169.63078829201297,197.5712667535101,1.1741373005682112,excluded,1955,2111
hd 106315 b,1549,1668,119,359.6296873012792,297.26410725126686,1.209798554647894,excluded,1525,1679
kepler-970 b,538,657,119,1432.0258706764112,1132.4115368065554,1.264580785457891,excluded,521,674
kepler-49 c,459,577,118,1984.314452997606,1311.5905455038005,1.512906950877267,excluded,451,596
kepler-55 d,1082,1200,118,631.5783937923544,553.3319850194803,1.1414095170553342,excluded,1063,1219
kepler-55 f,1082,1200,118,631.5783937923544,553.3319850194803,1.1414095170553342,excluded,1063,1219
kepler-83 d,681,799,118,1085.4785321110758,894.547475370552,1.2155501321124353,excluded,661,822
kepler-80 g,1974,1859,115,197.3497527914534,232.95408136111107,1.1892493831808582,excluded,1848,1996
kepler-351 d,827,713,114,861.1548632867949,1019.8150742852335,1.1908501713910513,excluded,697,846
kepler-138 c,937,1049,112,749.2798048773316,668.0656697637489,1.164085242407343,excluded,914,1076
k2-5 b,655,766,111,1139.4416661067087,941.650730430437,1.210047026232178,excluded,639,784
kepler-398 d,2067,2178,111,176.72625537554939,144.67335847221204,1.2215535551384455,excluded,2054,2186
kepler-55 e,1140,1251,111,596.497665710256,525.8415782640329,1.1436596428757764,excluded,1126,1272
kepler-411 c,533,427,106,1439.5212594825227,2437.733073124852,1.9656903733043563,excluded,407,590
k2-97 b,709,812,103,1025.0630366310506,885.2519194395719,1.2265337227012658,excluded,681,846
kepler-350 b,2140,2243,103,162.1702436808082,121.97352136663484,1.3310343619062277,excluded,2127,2252
gj 9827 d,828,729,99,860.142633149999,977.3434750431516,1.3968032480668573,excluded,662,934
kepler-53 d,1335,1434,99,475.17125203219416,410.68943255235143,1.1602868762143634,excluded,1317,1454
kepler-11 g,775,871,96,933.423096122257,819.9022456830713,1.2956532126464495,excluded,717,936
k2-12 b,1365,1459,94,446.87955424700385,400.17147763981563,1.339623764210855,excluded,1272,1527
kepler-128 c,2532,2438,94,44.73896306320431,70.49178054774457,2.0678132694088,excluded,2408,2536
k2-32 c,569,660,91,1337.8007812260628,1113.7145827119134,1.2580582338259694,excluded,533,692
kepler-114 b,1755,1664,91,276.3832221236072,299.2693544789915,1.2006059197161756,excluded,1632,1780
kepler-92 c,2078,1988,90,171.61696821265764,196.16507003474052,1.1430400622837267,excluded,1971,2085
kepler-350 c,1354,1265,89,457.04905885710673,515.7938815212159,1.1356725918347814,excluded,1248,1374
kepler-49 e,970,1057,87,724.7436587214886,653.1281545570578,1.1152127717244924,excluded,948,1079
k2-7 b,1067,1153,86,647.6166575236751,581.0663938705084,5.834335979677041,excluded,509,1829
kepler-186 e,1049,1135,86,669.755807838331,607.1503771269079,1.1031135499045193,excluded,1028,1156
k2-136 d,1441,1356,85,404.7817815892617,448.1507946732592,1.2256942419561978,excluded,1319,1509
kepler-138 b,2358,2273,85,97.7070115928002,120.01214785984457,1.228285932641174,excluded,2265,2371
kepler-450 c,1863,1947,84,234.0663445796284,213.61420937025417,1.095743327513971,excluded,1848,1955
k2-5 c,655,572,83,1139.4416661067087,1318.378134027714,1.670451778608038,excluded,493,783
kepler-145 b,2156,2073,83,153.82695967091703,172.07632230504743,1.118635658360351,excluded,2063,2163
kepler-238 f,1430,1512,82,416.79989979296147,363.9907521267363,1.1450837620397503,excluded,1411,1531
wasp-24 b,119,201,82,13535.25467124947,9951.488531289935,1.727115258939569,excluded,72,252
kepler-350 d,1507,1426,81,372.2916521597984,420.7933435095042,1.1339161710249996,excluded,1408,1520
kepler-41 b,263,182,81,7986.275752428116,10537.315651341252,4.196005258237686,excluded,35,371
kepler-186 f,1347,1427,80,463.8059701148088,419.7021270544656,1.364091794757166,excluded,1248,1515
wasp-34 b,50,130,80,18132.61026241255,12724.003448964457,1.5545431228112558,excluded,34,172
kepler-83 c,676,597,79,1089.2464617011399,1255.2700310604246,1.8904939063349744,excluded,490,846
kepler-25 b,1586,1508,78,331.14878566502654,365.67435387082554,1.1042599873542143,excluded,1491,1597
kepler-282 b,2385,2307,78,83.66596684080834,104.68361488606317,1.2512090499742294,excluded,2302,2389
kepler-305 c,615,538,77,1211.4683973589806,1426.989344637657,1.1874311066722645,excluded,521,638
kepler-49 b,449,526,77,2160.6146028858607,1460.4899020325747,1.479376611833411,excluded,441,544
wasp-94 a b,69,146,77,16853.326709780053,12008.736235434983,1.4034221736047308,excluded,49,175
k2-4 b,577,653,76,1303.0736794118625,1140.8775489816405,1.4086080958774285,excluded,514,723
kepler-85 d,2081,2157,76,170.96828137038773,151.43713990186205,1.131372306723764,excluded,2064,2165
kepler-108 b,504,579,75,1598.1390443360513,1305.9421517343733,1.2237441315556143,excluded,492,597
kepler-23 c,1572,1647,75,352.4593035575935,316.0238535158444,1.1152933540819645,excluded,1551,1661
kepler-296 c,602,527,75,1238.605391735997,1455.9630085069443,1.5760492464639984,excluded,480,711
kepler-410 a b,1580,1505,75,339.7511467057145,369.52533850145693,1.0876430571196172,excluded,1489,1592
kepler-338 b,2054,2128,74,184.10421781180725,165.86452865315513,1.1228178184153699,excluded,2038,2141
kepler-11 f,1418,1346,72,429.72210864870976,458.4292322466261,1.0668115391291302,excluded,1333,1434
kepler-127 b,2305,2377,72,105.36747256087484,88.99999502317694,1.1873927339022317,excluded,2300,2382
kepler-401 d,1845,1773,72,245.4682671016502,259.68395583464996,1.0680656823031205,excluded,1757,1850
kepler-52 d,632,703,71,1179.7727807888475,1031.5551795171864,1.1436836382722961,excluded,613,722
wasp-4 b,87,16,71,15504.55469113621,23053.62846148195,1.7003252952334744,possible,11,117
k2-77 b,926,856,70,766.6322774187604,835.3422187761083,1.285060836964459,excluded,771,1005
kepler-49 d,925,995,70,767.0556946946692,687.0513131435191,1.1164460063180723,excluded,914,1015
kepler-223 d,980,911,69,716.5879362281098,778.3564069690052,8.782579964055017,excluded,435,1843
kepler-90 i,2312,2381,69,101.8844922178903,87.80945189044897,1.160290720696006,excluded,2304,2384
corot-9 b,188,121,67,10536.74725608747,12992.074614733669,1.3413603389237956,excluded,103,220
kepler-126 b,2370,2304,66,93.92015346146276,105.06557955128505,1.1186691639552684,excluded,2300,2376
kepler-338 c,2090,2156,66,169.97796034303357,152.54767083667298,1.1271614036001005,excluded,2065,2164
kepler-9 b,246,312,66,8539.54952446757,6279.873093554428,2.3637024123920884,excluded,152,362
kepler-210 b,423,488,65,2587.0604871165133,1715.6977116095723,1.914735314495658,excluded,398,533
kepler-277 b,1772,1836,64,263.6450908473591,250.3601010308659,1.0530635263438217,excluded,1752,1847
kepler-107 b,2305,2368,63,105.36747256087484,94.49703752444465,1.1150346648022507,excluded,2300,2375
kepler-1643 b,1182,1119,63,571.8063060912656,617.4709990855252,1.0798604221531114,excluded,1103,1206
kepler-198 d,1937,1874,63,220.56097470415813,226.98114841133196,1.0291083847257445,excluded,1861,1943
kepler-81 d,1510,1573,63,367.8734090677924,346.8243920273682,1.060690705510595,excluded,1489,1589
wasp-21 b,114,177,63,13729.843055925288,10729.993531040684,1.2795760795387594,excluded,99,210
wasp-3 b,129,192,63,12980.54073891418,10246.09238386131,1.2668771910899337,excluded,108,217
kepler-247 b,1554,1493,61,358.9709524674083,382.41778395315214,1.065316793251879,excluded,1476,1569
kepler-92 b,1496,1557,61,380.2832491767978,357.51084013831473,1.104311080411586,excluded,1467,1587
kepler-23 b,2309,2369,60,104.12339392341453,93.89851124803808,1.1088929157605796,excluded,2302,2376
kepler-20 b,1590,1649,59,328.5744380848902,313.9208304830829,1.1785860444611054,excluded,1557,1680
wasp-41 b,103,44,59,14382.282991252057,18506.988212898625,1.703982801663689,possible,19,162
hat-p-16 b,170,112,58,11441.237430428759,13484.366250655454,1.1785758605789312,excluded,103,194
kepler-11 d,1029,971,58,674.6805526437153,719.7518618057057,1.066811539133287,excluded,961,1044
kepler-102 e,985,928,57,715.1707746323639,753.3818613207796,1.1526426978975823,excluded,878,1020
ogle-tr-56 b,240,183,57,8708.055583543366,10536.930710163228,1.3755634579860603,excluded,153,272
kepler-11 b,1905,1849,56,224.560834829101,239.56238003888132,1.0668115391307316,excluded,1839,1914
kepler-154 e,2041,1985,56,189.1978337303068,196.47314233912965,1.0440196325771667,excluded,1961,2047
kepler-154 f,2041,1985,56,189.1978337303068,196.47314233912965,1.0440196325771667,excluded,1961,2047
kepler-101 b,702,647,55,1037.3759957644509,1147.2954046371794,1.1874858179188292,excluded,611,743
kepler-11 c,1188,1133,55,570.8904754345174,609.0282000439076,1.0668115391330473,excluded,1117,1208
kepler-223 c,1636,1581,55,320.8826413512836,335.4538771600001,8.452782466402633,excluded,748,2296
wasp-106 b,384,329,55,3624.28700907161,5687.454155605193,1.5985353620843896,excluded,309,388
hip 41378 b,1517,1571,54,363.4102625058741,348.4903378992865,1.5254745759638721,excluded,1372,1724
kepler-403 d,2366,2420,54,96.07507292296619,80.42915551788639,1.1945304200241211,excluded,2360,2428
kepler-92 d,2245,2299,54,121.67289156280214,108.50583696814051,1.1214798914202626,excluded,2236,2304
k2-3 d,1088,1141,53,627.9482250103638,598.0019319049887,1.1049718255141885,excluded,1051,1168
kepler-24 b,1439,1492,53,405.8612577460542,382.80149461424196,1.0602394803997568,excluded,1421,1511
kepler-62 b,1516,1569,53,363.41026250587436,351.3625479701392,1.0342885563795463,excluded,1494,1586
kepler-218 d,1242,1190,52,526.7342084613537,570.3425252867398,1.082789984255571,excluded,1176,1262
kepler-223 b,1869,1817,52,230.91923701081362,253.43016556230694,8.873833872850554,excluded,960,2410
kepler-304 e,1824,1876,52,253.38210320299424,226.61549217038848,1.1204919407138183,excluded,1802,1893
kepler-197 c,2361,2310,51,97.61308512709793,101.14560163332351,1.0361889648465268,excluded,2306,2371
kepler-25 c,624,573,51,1204.3887215413495,1317.9614861251148,1.0942990934342338,excluded,557,638
gj 9827 c,1589,1638,49,328.8064031509056,318.32718173722066,1.6393758083577363,excluded,1412,1838
hat-p-23 b,159,110,49,11849.481219263424,13625.501241158614,1.1498816689972853,excluded,102,181
kepler-210 c,366,415,49,4207.085709710575,2601.1371525772206,2.053813688124645,excluded,342,446
kepler-85 e,2039,2088,49,190.67988338007527,169.6201131581343,1.1362166844696828,excluded,2024,2117
kepler-109 c,1610,1658,48,324.5496411818652,306.13405928103896,1.0859605608123992,excluded,1571,1674
kepler-26 c,481,433,48,1787.3725616912075,2366.8498657041014,1.3315962970661794,excluded,423,494
hat-p-13 b,283,330,47,7093.773300613782,5528.929116105924,1.2830284403446996,excluded,268,341
kepler-109 b,1809,1762,47,255.72548853602603,270.28291647538214,1.21682497749854,excluded,1673,1864
kepler-26 b,472,425,47,1861.6837208802203,2472.421402209609,1.3280566266329203,excluded,419,480
kepler-107 e,1532,1578,46,361.03503839441464,337.5435657530218,1.0695953797519024,excluded,1508,1593
kepler-1308 b,2034,1988,46,192.8698719193866,196.16507003474052,1.0170850847909059,excluded,1971,2040
kepler-444 f,2442,2396,46,68.4252085809568,81.42796086539174,1.190028683201613,excluded,2391,2447
wasp-20 b,166,120,46,11575.471127004259,13008.28515627026,1.404071374278337,excluded,84,216
corot-20 b,235,280,45,8783.942419536066,7146.029280945138,1.2292060491493393,excluded,215,302
kepler-129 c,1969,2013,44,198.32794089806237,194.90734197523727,1.0175498720990186,excluded,1955,2028
kepler-296 d,549,505,44,1384.5944441202457,1589.9480043647968,1.6133434164365972,excluded,460,653
kepler-296 e,873,829,44,817.673090638217,852.0659516534768,1.7778440093314531,excluded,643,1112
kepler-130 b,2487,2444,43,62.55856307695736,68.69503290556787,1.0980916045188192,excluded,2440,2489
wasp-12 b,143,100,43,12419.641989611924,14244.813499570684,1.4312010760687313,excluded,61,206
wasp-45 b,82,125,43,15876.651950159647,12899.016733256422,1.8368136292313189,excluded,30,213
kepler-81 b,500,542,42,1623.7526681941606,1410.9107197643095,1.1508542996011866,excluded,489,559
hats-9 b,337,296,41,5311.57429179369,6610.330513593442,1.4559057844119978,excluded,263,361
kepler-100 b,2488,2447,41,62.3558582160532,66.04326365384154,1.059134867890232,excluded,2443,2489
kepler-305 b,532,491,41,1443.377067644569,1698.235253122499,1.188773215756095,excluded,480,551
ogle-tr-211 b,316,275,41,6219.564226563239,7245.744378703322,1.1649922912215223,excluded,261,329
kepler-197 e,2453,2493,40,64.60553157148682,55.36299339847658,1.166944336020396,excluded,2447,2494
wasp-67 b,8,48,40,27285.010730521204,17994.380483181427,1.5163073136095644,possible,7,64
kepler-354 d,1698,1737,39,289.2030807356957,283.8549040237739,1.0188412341520579,excluded,1680,1750
kepler-391 b,2445,2484,39,67.15213896348386,63.236745693594415,2.5107099486705953,excluded,2303,2535
kepler-450 b,591,630,39,1283.714287797515,1173.179046613664,1.0942185606731614,excluded,571,650
gj 9827 b,1226,1264,38,529.9687931617922,516.9420033286092,1.6271232685547843,excluded,1035,1454
hat-p-36 b,111,73,38,14014.564361498618,15855.753968347037,1.1313768704724498,excluded,64,126
kepler-150 f,597,559,38,1259.5562799052052,1355.667339809047,1.079769216216168,excluded,542,615
kepler-190 b,1650,1612,38,318.0945214607284,322.9146613886224,1.0151531686423247,excluded,1596,1658
k2-32 d,509,546,37,1562.2756781799676,1376.3605452814472,1.1887996333789594,excluded,492,586
kepler-21 b,2450,2487,37,65.09916522731135,62.2744221552669,1.0459828414854322,excluded,2445,2489
k2-19 c,415,451,36,2683.4228855700558,2096.5867322500008,1.5485123794418638,excluded,397,476
kepler-274 b,2027,1991,36,193.86747304137435,196.13510172404304,1.011696798060522,excluded,1971,2037
kepler-81 c,525,561,36,1509.890738734774,1353.2109182849788,1.1157837394989147,excluded,507,582
wasp-17 b,24,60,36,21932.639991419062,16596.52785001232,1.321519789538556,possible,18,84
hat-p-3 b,174,139,35,11288.18252807976,12300.528306881894,1.5317561570680645,excluded,84,236
kepler-33 b,2399,2434,35,81.43362207337265,76.65289204878763,1.0623685538380234,excluded,2391,2436
kepler-52 c,730,695,35,997.5618703988141,1050.0301835363307,1.0525965503438302,excluded,681,744
k2-3 b,580,614,34,1296.7604607127598,1214.7268342713587,1.12333965181457,excluded,555,644
wasp-95 b,150,184,34,12081.487710578484,10536.74725608747,1.224314007019458,excluded,124,217
kepler-1053 b,2124,2091,33,167.51237131133402,169.17134195781563,1.0099035709034188,excluded,2076,2134
kepler-124 d,1833,1800,33,252.12563441629223,255.44920224726343,1.0131821892631654,excluded,1786,1842
kepler-253 b,1568,1535,33,354.96733065091985,360.66412141969374,1.0160487748501459,excluded,1510,1580
kepler-10 c,1467,1435,32,398.8291100256005,410.0675767762766,1.0281786521298675,excluded,1418,1484
kepler-20 c,819,851,32,873.4971231807533,836.3724465757483,1.1760056739608824,excluded,762,902
kepler-250 c,1060,1028,32,661.8028009085643,672.7454322860011,1.016534580032623,excluded,1012,1075
kepler-245 c,1112,1081,31,619.6265933282941,630.5964976920159,1.0177040567364894,excluded,1066,1133
kepler-379 c,1811,1780,31,255.51965142435526,257.844240684231,1.009097496990614,excluded,1765,1817
kepler-83 b,507,476,31,1584.2422988119852,1805.0366546538055,1.8690834850675049,excluded,426,620
wasp-1 b,148,179,31,12149.49645389146,10724.003936543795,1.1329254004178482,excluded,130,210
wasp-22 b,157,188,31,11862.822767717607,10367.484992023115,1.2672384453849914,excluded,124,225
hat-p-8 b,216,246,30,9496.74784737896,8378.443191176711,1.162629439783538,excluded,192,269
kepler-157 d,2134,2104,30,164.63667587636692,168.50162233816945,1.0234756104083689,excluded,2091,2142
kepler-1631 b,2120,2090,30,168.12095344893032,169.35310003437684,1.0073289293224286,excluded,2075,2134
kepler-271 c,2299,2329,30,107.77579418319853,99.99574717165412,1.1282189242205756,excluded,2289,2371
kepler-280 b,1934,1904,30,221.36347820799375,224.61636006072004,1.0146947539813675,excluded,1887,1941
xo-3 b,287,257,30,7029.35023502155,7915.0401595192025,1.2291148902105606,excluded,231,316
kepler-144 c,2353,2324,29,98.67921467719802,100.20893493158388,1.0155019500245308,excluded,2315,2365
kepler-148 d,239,210,29,8736.764566349988,9630.353678760703,1.1022791796235885,excluded,192,254
kepler-197 d,2310,2339,29,103.49431038126103,99.50764324875314,1.0400639287832578,excluded,2303,2352
kepler-383 c,1698,1727,29,289.2030807356957,285.54703085207603,1.0128036697587435,excluded,1680,1743
kepler-395 b,1738,1709,29,284.3846580852182,287.80457329382864,1.0168605866054419,excluded,1688,1750
kepler-68 c,2529,2500,29,46.641802390142,50.91929155248333,1.1395522011525419,excluded,2493,2532
k2-9 b,388,360,28,3447.4551142357236,4417.885674095994,3.0297206938748404,excluded,277,450
kepler-11 e,612,584,28,1218.0479828037132,1298.0805864816682,1.0679109793126762,excluded,563,631
kepler-1377 b,1986,2014,28,196.56894345681346,194.87904634982905,1.00867151773696,excluded,1968,2029
kepler-423 b,89,61,28,15275.262578587337,16588.363439276753,1.0860041873059527,excluded,54,100
kepler-58 b,1104,1132,28,620.7434286977727,610.9250976160201,1.0160712518115007,excluded,1089,1153
kepler-62 d,882,910,28,803.7555049768317,778.5420946660767,1.0323854169010211,excluded,867,928
corot-5 b,123,96,27,13250.750195004928,14431.483618193579,1.0891069113682141,excluded,85,144
kepler-102 d,1975,1948,27,197.3086189782585,213.06264283180022,1.1244466410384586,excluded,1932,2040
kepler-107 d,2527,2554,27,47.751145748744726,29.62324733864646,1.6119483864433939,excluded,2524,2554
kepler-169 d,1874,1901,27,228.83129774993301,225.08355952588505,1.0166504307642112,excluded,1856,1911
kepler-328 c,419,446,27,2612.506356281636,2176.4495946034167,1.2003523365574087,excluded,407,457
wasp-123 b,182,155,27,11046.8486897689,11629.642088494214,1.052756529494703,excluded,141,206
kepler-20 d,990,1016,26,708.5743077212057,678.190163070425,1.1764719313175,excluded,921,1090
kepler-263 b,758,732,26,956.3267290078815,970.1883017103837,1.0144945992640848,excluded,720,773
kepler-273 b,1709,1735,26,288.36737346487854,284.0796505739774,1.0150933827264215,excluded,1688,1749
kepler-369 b,1291,1317,26,486.5792610201377,482.71177977200307,1.008011988540991,excluded,1274,1335
kepler-62 e,1200,1226,26,550.4912852159989,530.7189910805885,1.037255674787805,excluded,1189,1243
wasp-120 b,304,278,26,6492.578517773198,7175.112786918183,1.5595734871929399,excluded,226,343
wasp-77 a b,68,42,26,16914.94384215087,18621.275216570128,1.1018159587563496,excluded,36,79
hat-p-2 b,372,347,25,4018.1500907205136,4932.169533229525,1.2274726981005117,excluded,333,380
kepler-1225 b,2012,1987,25,195.2732116296588,196.1650700347407,1.0045672337625773,excluded,1971,2024
kepler-1444 b,1548,1523,25,359.69253490259246,361.49909428915754,1.0050225100919992,excluded,1504,1564
kepler-156 b,1028,1003,25,674.9074888539492,681.2106468403019,1.0093392918147286,excluded,989,1044
kepler-192 d,2380,2355,25,85.53553968009062,98.74553355513358,1.1545246764140404,excluded,2345,2388
kepler-226 d,2003,2028,25,195.60483460871146,194.06345061790032,1.0079426805300193,excluded,1984,2037
kepler-26 e,547,522,25,1399.1989138541908,1493.9452890380328,1.0677147289393303,excluded,509,562
kepler-347 b,1598,1623,25,326.38628300456566,322.2353287963774,1.0128817477080896,excluded,1575,1642
kepler-68 b,1697,1672,25,289.40014624735403,295.1454782672612,1.0645463718768975,excluded,1647,1752
kepler-1178 b,2101,2077,24,169.05625597544787,170.69384176021512,1.0096866322711244,excluded,2065,2109
kepler-1356 b,1642,1618,24,320.32820060584174,322.6758633480621,1.0073289293224268,excluded,1600,1656
kepler-158 c,890,914,24,792.1748067141732,777.5187072056317,1.0188498352164603,excluded,871,930
kepler-17 b,75,51,24,16451.12623018832,17704.751724505048,1.0839089460185707,excluded,40,89
kepler-224 d,755,731,24,957.6271700628802,970.8119300446848,1.0137681557019094,excluded,720,772
kepler-866 b,1396,1372,24,439.46659603102376,442.0092274481274,1.0057857216909476,excluded,1355,1412
xo-5 b,202,178,24,9948.767500875048,10726.98430384903,1.3925111340832401,excluded,128,253
k2-19 b,294,317,23,6802.456214959311,6111.406893530641,1.346675474180849,excluded,257,341
kepler-100 d,2384,2361,23,84.00052459509692,97.91563386631641,1.1656550282071894,excluded,2350,2389
kepler-107 c,2285,2308,23,116.87489798202063,102.15169905585451,1.1441307297112677,excluded,2278,2317
kepler-12 b,112,89,23,13764.602235277294,14739.523328361676,1.0708281341095174,excluded,80,127
kepler-1207 b,1976,1999,23,197.16546018088198,195.88046351430754,1.006560106319539,excluded,1960,2013
kepler-1226 b,2112,2089,23,168.5332670978006,169.47610936392246,1.0055943985561897,excluded,2075,2119
kepler-1532 b,1997,1974,23,195.93125062972572,197.36721691764603,1.0073289293224286,excluded,1960,2010
kepler-167 e,56,79,23,17807.102862787833,15431.090025760775,1.1539756966656616,excluded,40,100
kepler-187 c,1557,1534,23,358.65844094334415,360.94269225123213,1.006368876477241,excluded,1508,1570
kepler-211 b,1986,1963,23,196.56894345681346,199.955611791144,1.0172289084672963,excluded,1952,1996
kepler-23 d,2058,2081,23,181.33001390713744,170.3106976567874,1.0647012571844214,excluded,2043,2098
kepler-29 c,804,827,23,896.3552353268864,857.0030690008733,3.0941288138319103,excluded,498,1295
kepler-375 c,865,842,23,831.7101405542068,840.6469785117883,1.0107451352602561,excluded,832,876
kepler-69 b,1316,1293,23,482.4438988187306,486.52253845473956,1.0084541221186454,excluded,1274,1335
wasp-10 b,36,13,23,20046.130332627763,25226.867048658678,1.258440737941256,possible,10,44
hat-p-14 b,285,307,22,7040.717898624781,6414.17013862299,2.152310188244362,excluded,188,370
hat-p-65 b,184,206,22,10879.38341816107,9852.493432403793,1.7155758230144385,excluded,103,278
kepler-1043 b,1046,1024,22,670.3062337764591,673.2372951336114,1.0043727198248462,excluded,1010,1066
kepler-124 c,1094,1072,22,626.0309600198848,634.9429282381656,1.0142356669037547,excluded,1059,1111
kepler-172 d,1514,1536,22,364.9649570414865,360.64372849763214,1.011981987214517,excluded,1492,1556
kepler-961 b,1046,1024,22,670.3062337764591,673.2372951336114,1.0043727198248462,excluded,1010,1066
wasp-78 b,322,300,22,6047.260821905112,6485.612045442569,1.3793827007341997,excluded,259,346
kepler-1107 b,1892,1913,21,225.6531238662398,223.95188200048207,1.0075964615727324,excluded,1873,1925
kepler-1246 b,1615,1594,21,324.0254496458238,325.8010350741106,1.005479771512477,excluded,1578,1625
kepler-126 c,2313,2292,21,101.68143398789745,113.52394078593665,1.1164667563544466,excluded,2285,2318
kepler-1306 b,1618,1597,21,323.6390644074059,325.15923298634186,1.004697110905692,excluded,1581,1628
kepler-132 e,2387,2366,21,83.42978921169525,96.50536747057522,1.1567255339181297,excluded,2359,2389
kepler-156 c,868,847,21,827.5385602178508,837.3482478410333,1.0118540550190194,excluded,836,881
kepler-162 b,2195,2174,21,143.4168376523018,145.07176555716285,1.0115392859858843,excluded,2160,2205
kepler-192 b,1127,1106,21,614.9551854116504,620.8904915261533,1.0096516075566218,excluded,1089,1148
kepler-647 b,2343,2322,21,99.54184498370346,100.27138013021307,1.0073289293224277,excluded,2315,2352
kepler-773 b,2096,2117,21,169.23249391602522,168.1133304098825,1.0066571966863904,excluded,2075,2134
wasp-121 b,64,85,21,17240.473413231604,14979.624840120843,1.1509282506899232,excluded,47,104
bd+20 594 b,1308,1328,20,484.5256392226517,477.87545425842546,1.8092604001370292,excluded,1050,1573
corot-3 b,341,361,20,5183.514600663026,4415.872052575149,1.1738371354396966,excluded,326,372
kepler-127 d,1626,1646,20,322.6878847176789,316.47671699670116,1.022630407089092,excluded,1595,1661
kepler-1423 b,2101,2121,20,169.05625597544787,167.5182117231005,1.0091813554868272,excluded,2080,2134
kepler-22 b,1306,1286,20,484.8191531804851,489.747086474143,1.5946286736115998,excluded,1110,1508
kepler-82 b,506,486,20,1589.1872581116618,1722.6972862757636,1.131326583313027,excluded,475,524
wasp-25 b,47,27,20,18535.335117744566,20465.480829995213,1.2079914233721172,possible,19,69
wasp-26 b,209,189,20,9629.311268710499,10364.721618944954,1.3521269039000108,excluded,142,260
wasp-32 b,156,176,20,11907.610485655556,10759.741020731537,2.0626250865650984,excluded,59,279
gj 1214 b,133,114,19,12814.137939513403,13401.108043774231,1.0496851851498192,excluded,104,157
kepler-1029 b,1924,1905,19,222.92622293871034,224.5600334707439,1.0073289293224277,excluded,1888,1934
kepler-1222 b,2414,2395,19,80.67197117941978,81.77998622482657,1.0137348205232581,excluded,2390,2422
kepler-1297 b,2400,2419,19,81.37194161955527,80.50927278334969,1.010715148782017,excluded,2392,2428
kepler-1310 b,1924,1905,19,222.92622293871034,224.5600334707439,1.0073289293224277,excluded,1888,1934
kepler-1335 b,1643,1624,19,320.200896801592,321.99222823634943,1.0055943985561897,excluded,1604,1656
kepler-1535 b,1389,1370,19,440.6688169458092,442.5957382178597,1.0043727198248462,excluded,1352,1406
kepler-1591 b,2337,2318,19,99.9879055536423,100.52273306914465,1.005348922077535,excluded,2309,2347
kepler-177 c,361,380,19,4423.864964947807,3646.07284905888,2.7458140145640955,excluded,283,437
kepler-195 b,1194,1175,19,567.3806325717982,575.3889208693626,1.0141144900580492,excluded,1157,1214
kepler-342 b,1979,1998,19,196.99899388828263,195.93961063060516,1.0054066824684809,excluded,1961,2009
kepler-436 c,770,789,19,938.3560890954437,903.1668090229738,1.0389621050296756,excluded,757,812
kepler-58 c,1043,1062,19,671.3960924795108,646.5921702370481,1.038360999999999,excluded,1020,1082
kepler-605 b,1924,1905,19,222.92622293871034,224.5600334707439,1.0073289293224277,excluded,1888,1934
kepler-755 c,1924,1905,19,222.92622293871034,224.5600334707439,1.0073289293224277,excluded,1888,1934
mascara-1 b,335,316,19,5375.891457187485,6199.454105376162,1.153195549937599,excluded,299,345
wasp-47 d,833,852,19,857.9195645988408,836.0704715101776,1.0404094955897565,excluded,806,878
hat-p-55 b,102,84,18,14402.543801970593,15127.12799434253,1.4988624049674149,excluded,38,175
kepler-1028 b,1977,1995,18,197.13420252801518,195.99166445644207,1.0058295237950132,excluded,1960,2008
kepler-103 b,1329,1347,18,478.61257897632566,457.736127428235,1.0574367547209318,excluded,1306,1374
kepler-1153 b,1624,1606,18,322.6878847176792,324.1154148218505,1.004423872639099,excluded,1588,1635
kepler-1185 b,1977,1995,18,197.13420252801518,195.99166445644207,1.0058295237950132,excluded,1960,2008
kepler-1240 b,2251,2269,18,121.29378433141501,120.3444424219022,1.0078885396816633,excluded,2240,2275
kepler-1269 b,2125,2107,18,167.51237131133385,168.48155127153194,1.0057857216909476,excluded,2091,2134
kepler-1282 b,1826,1808,18,253.32889123207943,254.36432896001156,1.0040873258588716,excluded,1795,1834
kepler-1290 b,1988,2006,18,196.49346339858354,195.5165909080311,1.0049963662214831,excluded,1970,2019
kepler-1295 b,1826,1808,18,253.32889123207943,254.36432896001156,1.0040873258588716,excluded,1795,1834
kepler-1331 b,2005,2023,18,195.55282242131685,194.20179561483945,1.0069568193342397,excluded,1985,2035
kepler-1513 b,309,291,18,6383.472584388638,6863.036562595638,1.0751258773132069,excluded,274,324
kepler-1594 b,2396,2414,18,81.52790122272755,80.78617463498286,1.0091813554868272,excluded,2391,2420
kepler-1632 b,1543,1525,18,360.1289225299301,361.3040320537823,1.0032630245735248,excluded,1506,1559
kepler-167 d,1847,1865,18,243.89881952113927,229.113393784508,1.2313340548344165,excluded,1756,1956
kepler-185 c,1259,1241,18,520.3331978314804,526.7511346214127,1.0123342827570476,excluded,1224,1279
kepler-193 b,1529,1511,18,361.4681937704593,364.11769981157687,1.0073298455763995,excluded,1492,1544
kepler-283 c,836,818,18,851.1123268352097,867.1270576364925,1.018816236466498,excluded,805,846
kepler-419 b,377,395,18,3884.0815778179563,3230.887520803808,1.9848072901698506,excluded,331,432
kepler-633 b,2125,2107,18,167.51237131133385,168.48155127153194,1.0057857216909476,excluded,2091,2134
kepler-730 b,290,308,18,6979.229029489482,6403.8021497919135,3.4950469584707413,excluded,123,388
kepler-922 b,1988,2006,18,196.49346339858354,195.5165909080311,1.0049963662214831,excluded,1970,2019
wasp-167 b,268,250,18,7791.327040970197,8209.461580505218,1.1376726513177293,excluded,226,288
wasp-55 b,63,81,18,17421.717059710005,15312.383651546485,1.1875535848088317,excluded,40,104
kepler-1064 b,1632,1615,17,321.5218951208621,322.836059876983,1.0040873258588716,excluded,1598,1647
kepler-1091 b,2121,2104,17,167.8490231198778,168.50162233816945,1.003888013204733,excluded,2091,2134
kepler-1144 b,1523,1540,17,362.24641933797267,360.35994437427195,1.0052349740673214,excluded,1498,1558
kepler-1235 b,2471,2454,17,63.74081673435633,64.61628541220865,1.013734820523259,excluded,2447,2480
kepler-1283 b,2017,2000,17,194.8876772485941,195.80308628278343,1.004697110905692,excluded,1980,2028
kepler-1380 b,2010,2027,17,195.37581150264518,194.08375775364541,1.0066571966863904,excluded,1990,2036
kepler-1399 b,2195,2212,17,143.4168376523018,142.18388754950632,1.00867151773696,excluded,2184,2219
kepler-1491 b,1994,2011,17,195.93125062972592,195.09957792891447,1.0042628113788872,excluded,1976,2026
kepler-1528 b,2121,2104,17,167.8490231198778,168.50162233816945,1.003888013204733,excluded,2091,2134
kepler-1549 b,907,890,17,783.103121962137,785.0195979500016,1.0024472843155863,excluded,879,919
kepler-1620 b,2179,2196,17,144.4179992743935,143.68596651900924,1.0050946711994133,excluded,2167,2205
kepler-174 c,1304,1321,17,484.8712856735986,481.2431844447664,1.0075390184133581,excluded,1286,1342
kepler-213 c,1646,1629,17,319.6219839535813,321.56496731102334,1.0106976996762274,excluded,1603,1656
kepler-292 f,1030,1013,17,674.5108927180397,678.8103482374072,1.0130542278572585,excluded,990,1055
kepler-398 b,2015,2032,17,195.07565667075156,193.0268717986875,1.010613987850359,excluded,1994,2040
kepler-549 b,907,890,17,783.103121962137,785.0195979500016,1.0024472843155863,excluded,879,919
kepler-625 b,1523,1540,17,362.24641933797267,360.35994437427195,1.0052349740673214,excluded,1498,1558
kepler-758 b,1814,1797,17,255.2198337306925,255.7993857970719,1.0022707955643877,excluded,1782,1819
kepler-935 b,1736,1719,17,284.7235137692994,286.81023227814813,1.0073289293224286,excluded,1697,1749
wasp-50 b,46,29,17,18666.3264779078,20158.049828392435,1.0799152073253477,possible,25,57
kepler-1012 b,2119,2103,16,168.27494561255506,168.52698858288724,1.0014978044973641,excluded,2091,2134
kepler-1020 b,1020,1004,16,678.4512776189202,681.1810293080248,1.0040235043829306,excluded,989,1039
kepler-1055 b,2181,2197,16,144.28999750866745,143.59103971122798,1.004867697865028,excluded,2169,2205
kepler-1111 b,1831,1815,16,252.43576564224986,253.6513248846881,1.0048153209959991,excluded,1802,1840
kepler-1149 b,2096,2080,16,169.23249391602522,170.47278690299396,1.0073289293224277,excluded,2065,2105
kepler-1287 b,1916,1900,16,223.81644324298995,225.0912220101449,1.0056956439334126,excluded,1880,1926
kepler-132 d,2187,2171,16,144.11219099750795,145.19298699792247,1.0074996847451525,excluded,2159,2198
kepler-1397 b,1985,1969,16,196.63162987703413,197.785146322972,1.0058663829754106,excluded,1958,1996
kepler-1430 b,1911,1895,16,224.08880883172156,225.25365478278547,1.0051981442408338,excluded,1877,1924
kepler-1446 b,2339,2323,16,99.82280200478245,100.24852755661506,1.0042648126808964,excluded,2315,2351
kepler-1497 b,1808,1792,16,255.73065030176193,256.0600287817441,1.0012879898424123,excluded,1779,1816
kepler-1537 b,1994,1978,16,195.93125062972592,196.9497295317862,1.0051981442408338,excluded,1961,2009
kepler-1570 b,2271,2255,16,120.05320538592285,121.21611663946605,1.0096866322711244,excluded,2240,2278
kepler-184 b,1110,1126,16,619.7734503742511,612.8699715633234,1.011264181851361,excluded,1094,1149
kepler-19 b,1183,1199,16,571.7406774085171,554.5975268213934,1.0309109755418084,excluded,1167,1219
kepler-332 d,1911,1895,16,224.08880883172156,225.25365478278547,1.0051981442408338,excluded,1877,1924
kepler-37 d,1214,1198,16,532.3489279188016,555.1507027026574,1.1496340603991633,excluded,1136,1289
kepler-510 b,1798,1782,16,256.5155511265196,257.3525676733369,1.0032630245735257,excluded,1768,1805
kepler-7 b,295,279,16,6726.836696186373,7172.015765491599,1.066179556515414,excluded,263,316
kepler-788 b,1555,1539,16,358.8790067809715,360.44828412864376,1.0043727198248462,excluded,1515,1569
kepler-790 b,1112,1096,16,619.6265933282941,622.7386741465566,1.0050225100919992,excluded,1083,1133
kepler-847 b,1994,1978,16,195.93125062972592,196.9497295317862,1.0051981442408338,excluded,1961,2009
kepler-884 b,2181,2197,16,144.28999750866745,143.59103971122798,1.004867697865028,excluded,2169,2205
hat-p-34 b,318,303,15,6141.377592497094,6449.291426052992,1.3017869579641255,excluded,263,341
kelt-3 b,247,232,15,8524.530212811058,8872.743294953114,1.8021474985111576,excluded,140,322
kepler-1006 b,1530,1515,15,361.1472046192584,363.204170504317,1.0056956439334126,excluded,1494,1549
kepler-1051 b,1622,1607,15,323.22103272215423,323.92051354619275,1.0021640943912205,excluded,1589,1630
kepler-1099 b,1050,1035,15,669.1255977505791,671.6541391966812,1.0037788741823692,excluded,1019,1070
kepler-1176 b,1298,1313,15,485.7294647724063,483.8432087785707,1.003898486037651,excluded,1281,1334
kepler-1228 b,1530,1515,15,361.1472046192584,363.204170504317,1.0056956439334126,excluded,1494,1549
kepler-1259 b,1683,1698,15,291.1689442464789,289.2433940818369,1.0066571966863904,excluded,1666,1710
kepler-1307 b,1407,1392,15,437.22442317784083,438.65109721481537,1.0032630245735248,excluded,1376,1423
kepler-1484 b,1394,1379,15,439.9938504479627,441.1254154371559,1.0025717745555787,excluded,1361,1410
kepler-1496 b,1803,1788,15,256.11174866864246,256.2544001790789,1.0005569893266435,excluded,1775,1810
kepler-1599 b,1890,1905,15,226.03317116543124,224.5600334707439,1.006560106319539,excluded,1870,1914
kepler-1609 b,1803,1788,15,256.11174866864246,256.2544001790789,1.0005569893266435,excluded,1775,1810
kepler-161 b,1172,1157,15,573.6673506092073,580.1956424474265,1.011379925720518,excluded,1139,1199
kepler-162 c,858,843,15,833.4731716241076,838.9325852883326,1.0065501972350073,excluded,833,873
kepler-171 c,921,906,15,776.278726417874,780.7802755407844,1.0057988825014987,excluded,897,933
kepler-237 b,1626,1641,15,322.6878847176789,317.2013570424711,1.0172966715097413,excluded,1600,1659
kepler-245 d,625,610,15,1200.2013671387147,1218.2146674649916,1.015008565078726,excluded,594,639
kepler-280 c,1423,1408,15,426.2188092820337,431.6159601813628,1.0126628641950848,excluded,1393,1440
kepler-464 b,1541,1526,15,360.25247649506616,361.24883531826293,1.0027657237304528,excluded,1506,1559
kepler-529 c,1794,1779,15,256.88388739756516,258.1208657740845,1.0048153209959991,excluded,1765,1801
kepler-578 b,1307,1292,15,484.60778060948695,486.9413226302804,1.0048153209959991,excluded,1274,1328
kepler-601 b,1288,1303,15,487.92180051422565,485.0939338838328,1.0058295237950141,excluded,1273,1324
kepler-607 b,2331,2346,15,100.16495360318154,99.18165610250156,1.0099141064922708,excluded,2318,2359
kepler-638 b,1617,1602,15,323.68000676030545,324.7200512259002,1.0032131872339118,excluded,1583,1628
kepler-662 b,972,957,15,724.1800944669618,727.8172962998472,1.0050225100919992,excluded,944,986
kepler-876 b,1683,1698,15,291.1689442464789,289.2433940818369,1.0066571966863904,excluded,1666,1710
kepler-927 b,1837,1822,15,251.6628063644033,253.13915676720353,1.0058663829754106,excluded,1806,1845
kepler-963 b,909,894,15,781.9243712870621,783.9666578257685,1.0026118722138622,excluded,881,919
hat-p-19 b,35,49,14,20080.37004147033,17917.076333547175,1.419194768721585,possible,15,90
hat-p-7 b,334,320,14,5394.185024468242,6006.209354651264,1.1134600180392136,excluded,301,345
k2-27 b,440,426,14,2298.52761008262,2455.3945948531145,1.2050700485502392,excluded,407,457
kepler-1069 b,1907,1921,14,224.35021307760587,223.54277528363193,1.0036120057691396,excluded,1892,1930
kepler-1073 c,1904,1890,14,224.6013045107606,225.559187002384,1.0042648126808964,excluded,1874,1914
kepler-1108 b,1832,1818,14,252.36823785130173,253.3494488925228,1.003888013204733,excluded,1803,1842
kepler-1130 b,2408,2394,14,80.95677932927447,81.80554846151504,1.0104842255246889,excluded,2390,2415
kepler-1262 b,1712,1698,14,287.92835796413965,289.2433940818369,1.0045672337625773,excluded,1677,1725
kepler-1296 b,2326,2312,14,100.35070220233696,100.80902731753382,1.0045672337625773,excluded,2306,2334
kepler-134 b,1858,1844,14,239.76321463794568,242.55943498657984,1.0116624243333432,excluded,1834,1862
kepler-1426 b,2002,1988,14,195.67521504696865,196.16507003474052,1.0025034084549456,excluded,1971,2016
kepler-1440 b,2195,2181,14,143.4168376523018,144.4679295191016,1.0073289293224277,excluded,2167,2205
kepler-1450 b,1213,1227,14,533.4228298394285,530.3312511913692,1.0058295237950132,excluded,1201,1244
kepler-1468 b,1884,1870,14,226.6571409753929,227.65984329981035,1.004423872639099,excluded,1858,1889
kepler-1598 b,2462,2476,14,64.07541362278597,63.70404935125408,1.0058295237950141,excluded,2453,2481
kepler-181 b,1860,1846,14,239.18884571196622,241.1107816525122,1.008035223945436,excluded,1836,1864
kepler-220 c,1352,1338,14,460.05846785322893,466.0405122530663,1.01300279164027,excluded,1323,1367
kepler-226 c,1020,1034,14,678.4512776189202,671.8553847681931,1.0098174294651265,excluded,997,1056
kepler-240 b,1721,1707,14,286.3932544916108,288.2206425140236,1.0063806950539278,excluded,1688,1739
kepler-250 d,1138,1124,14,604.4216121477036,615.0268144806083,1.0175460342909002,excluded,1110,1158
kepler-342 e,2554,2540,14,30.431690325902142,36.16833961805302,1.2185620520352614,excluded,2536,2554
kepler-397 b,835,821,14,852.3409262088239,862.6851271320119,1.012136224608149,excluded,807,846
kepler-412 b,177,163,14,11168.149670434901,11439.499527233513,1.024296760412958,excluded,150,203
kepler-513 b,1541,1527,14,360.25247649506616,361.2488353182626,1.002765723730452,excluded,1506,1559
kepler-634 b,2001,2015,14,195.72062849968427,194.82875822763336,1.004577713681308,excluded,1980,2029
kepler-649 b,1291,1305,14,486.5792610201377,484.7680576568629,1.0037362267060856,excluded,1274,1327
kepler-775 b,2123,2109,14,167.78754559155186,168.30932378340282,1.0031097551967363,excluded,2091,2134
kepler-825 b,2127,2113,14,167.08477130366427,168.30932378340268,1.0073289293224268,excluded,2094,2136
kepler-903 b,1556,1542,14,358.813815317567,360.09863139390905,1.0035807319046648,excluded,1522,1570
kepler-973 b,1220,1234,14,530.3877132111751,529.5363307436951,1.0016077885841834,excluded,1206,1250
kepler-989 b,1038,1024,14,672.1246289636733,673.2372951336114,1.0016554462104055,excluded,1010,1056
kepler-990 c,2127,2113,14,167.08477130366427,168.30932378340268,1.0073289293224268,excluded,2094,2136
ogle-tr-111 b,57,71,14,17698.478060600435,15881.764287383152,1.119770189153194,excluded,40,93
wasp-102 b,219,205,14,9427.61659204871,9858.320943778135,1.1909666805527175,excluded,170,252
wasp-151 b,194,180,14,10352.70280955532,10644.045193601556,1.1842220624543613,excluded,150,228
wasp-23 b,73,59,14,16662.25729875281,16662.078053064968,1.0000107577030473,excluded,52,84
wasp-28 b,130,116,14,12953.690625484334,13349.209996689968,1.030533334679733,excluded,104,152
hat-p-20 b,76,63,13,16444.694765717555,16444.007758423846,1.000041778580003,excluded,56,88
hats-44 b,71,58,13,16721.243874604002,16721.243874604002,1.0,excluded,51,82
kepler-1008 b,1899,1886,13,225.07489700873256,225.84140053375424,1.003405548709379,excluded,1873,1911
kepler-1037 b,1899,1886,13,225.07489700873256,225.84140053375424,1.003405548709379,excluded,1873,1911
kepler-1073 b,1378,1365,13,442.80680343707604,443.63775254409984,1.0018765500000768,excluded,1349,1395
kepler-1112 b,1633,1620,13,321.4916377963172,322.51154718861375,1.0031724289915829,excluded,1601,1647
kepler-113 c,861,848,13,832.936399349104,837.1198308208284,1.0050225100919992,excluded,836,875
kepler-117 b,435,448,13,2368.8493904079787,2111.7575430500956,1.2700459367909713,excluded,413,468
kepler-1218 b,2208,2195,13,142.67278268077462,143.7184214212761,1.0073289293224277,excluded,2181,2215
kepler-1250 b,1638,1625,13,320.8090655094275,321.9015964084299,1.003405548709378,excluded,1605,1654
kepler-1265 b,1648,1635,13,318.6917884638934,321.0274580571836,1.0073289293224286,excluded,1611,1657
kepler-1353 b,1240,1253,13,526.8576883199142,524.1466830625001,1.005172226296605,excluded,1224,1270
kepler-1368 b,2014,2001,13,195.20625124896625,195.7461378103781,1.002765723730452,excluded,1980,2025
kepler-1445 b,2509,2522,13,49.086534836245264,48.68264883954648,1.0082963028168404,excluded,2502,2523
kepler-1577 b,1992,2005,13,196.2844389323382,195.5538055814481,1.0037362267060856,excluded,1970,2018
kepler-1597 b,2506,2519,13,49.21802390465786,48.77024693040943,1.0091813554868272,excluded,2501,2521
kepler-1629 b,2507,2520,13,49.17699606531956,48.74291828452212,1.008905453265306,excluded,2501,2521
kepler-1649 b,514,501,13,1541.9118603699096,1615.707209020729,1.3353493958667968,excluded,468,573
kepler-174 b,848,861,13,839.4585970803299,832.7299749394236,1.008080196874618,excluded,833,876
kepler-199 b,830,817,13,859.2561167098905,867.4424159837292,1.0095271934812453,excluded,805,846
kepler-205 c,939,926,13,742.4836512752419,756.6155020273445,1.0190332147082708,excluded,918,954
kepler-247 c,444,431,13,2243.568452921302,2378.466289316897,1.0614593774355592,excluded,422,450
kepler-253 d,565,552,13,1352.1511792866368,1364.1001504514127,1.0115728751915651,excluded,536,585
kepler-266 b,1302,1289,13,485.08367681644677,488.07881413913924,1.0061744755922302,excluded,1273,1324
kepler-293 b,832,819,13,858.3516026454253,863.0296170125441,1.0071095252345756,excluded,806,846
kepler-303 b,1730,1743,13,285.415970595668,282.40303549626526,1.0313191804727504,excluded,1688,1758
kepler-323 c,2144,2131,13,159.10306740824413,164.7919845766271,1.1895930199374234,excluded,2054,2169
kepler-333 b,1256,1269,13,522.2985717115057,512.4342776967558,1.0192498715329643,excluded,1243,1284
kepler-365 b,1652,1639,13,316.5707175606727,317.768317148316,1.0038578334522676,excluded,1622,1661
kepler-367 c,1824,1837,13,253.38210320299424,250.0147938048754,1.0156232307436523,excluded,1802,1847
kepler-383 b,1597,1610,13,326.8292911422632,323.58035025797193,1.0100406000602355,excluded,1574,1629
kepler-51 c,254,267,13,8203.073606545477,7687.801055330471,1.0670246989362104,excluded,234,284
kepler-542 b,1815,1802,13,254.96326693742537,255.20378450977913,1.0009433420556726,excluded,1788,1820
kepler-55 c,598,611,13,1252.883145789237,1217.590875027614,1.0289853279007388,excluded,579,630
kepler-592 b,1380,1367,13,441.97641111449036,442.8961935386549,1.0020810667742317,excluded,1351,1398
kepler-629 b,1891,1878,13,225.92183848830427,226.34579211433686,1.0018765500000768,excluded,1864,1897
kepler-693 b,70,57,13,16757.655844411467,16764.99343142167,1.0004378647633256,excluded,50,81
kepler-701 b,762,749,13,955.8484341197615,958.629815625601,1.002909856214182,excluded,735,776
kepler-722 b,1236,1249,13,527.7930768412069,526.1453339972794,1.0031317256610623,excluded,1220,1268
kepler-753 b,976,963,13,720.7384513631436,724.1238398031928,1.004697110905692,excluded,953,991
kepler-772 b,1906,1893,13,224.43502555698367,225.46007278321244,1.0045672337625773,excluded,1876,1918
kepler-776 b,1899,1886,13,225.07489700873256,225.84140053375424,1.003405548709379,excluded,1873,1911
kepler-794 b,2005,1992,13,195.55282242131685,196.0557401942916,1.0025717745555787,excluded,1971,2018
kepler-880 b,2008,1995,13,195.4810928217655,195.99166445644207,1.0026118722138622,excluded,1973,2020
kepler-886 b,2175,2188,13,144.83329165323585,143.99387592718202,1.0058295237950141,excluded,2164,2200
kepler-897 b,1380,1367,13,441.97641111449036,442.8961935386549,1.0020810667742317,excluded,1351,1398
kepler-968 b,1009,996,13,681.3189797181134,684.5997493061227,1.0048153209959991,excluded,982,1026
lhs 1140 b,349,336,13,4990.000781701271,5384.678101106562,1.9589255236036829,excluded,260,388
wasp-140 b,5,18,13,28866.427678984044,22452.980747420315,1.2856389983900283,possible,5,28
wasp-72 b,364,377,13,4334.945324289233,3689.5465678089304,1.2507041340988094,excluded,351,388
hat-p-33 b,179,167,12,11138.040734896753,11254.96004617813,1.0403933520282376,excluded,151,207
hats-1 b,74,62,12,16578.064470643978,16577.796389530853,1.0000161710945668,excluded,54,87
k2-24 b,463,475,12,1945.9985370166341,1817.3742304521409,1.2676742483842025,excluded,442,508
kepler-1039 b,1605,1593,12,325.18449347676847,326.4488150813806,1.003888013204733,excluded,1575,1614
kepler-1102 b,1048,1036,12,669.8037082697797,671.5531499641514,1.0026118722138622,excluded,1020,1068
kepler-1119 b,1898,1886,12,225.07489700873276,225.84140053375424,1.003405548709378,excluded,1873,1911
kepler-1157 b,1984,1972,12,196.66783362929388,197.65559980846865,1.0050225100919992,excluded,1959,1995
kepler-119 c,2323,2311,12,100.40970599480195,100.83807757838741,1.0042662368079003,excluded,2306,2334
kepler-1216 b,2110,2098,12,168.69327968513235,168.71367036152537,1.0001208742661893,excluded,2085,2118
kepler-1245 b,1840,1828,12,250.59379742159572,252.43038165153737,1.0073289293224277,excluded,1813,1847
kepler-1245 c,1840,1828,12,250.59379742159572,252.43038165153737,1.0073289293224277,excluded,1813,1847
kepler-1258 b,2470,2482,12,63.740816734356386,63.28478919180087,1.0072059581517039,excluded,2463,2487
kepler-126 d,1722,1734,12,286.3518297715619,284.21912750845377,1.0134520706451782,excluded,1696,1750
kepler-1281 b,1601,1589,12,326.02889317863355,327.41934533660043,1.0042648126808964,excluded,1574,1610
kepler-1357 b,2099,2087,12,169.05625597544804,169.63198528979763,1.003405548709379,excluded,2075,2108
kepler-1378 b,800,788,12,901.7145969923288,904.2084904513254,1.002765723730452,excluded,775,814
kepler-1432 b,1621,1609,12,323.5042990270605,323.68448746874185,1.0005569893266435,excluded,1590,1630
kepler-146 b,894,882,12,788.4820477591696,791.0187448292357,1.0034108174659877,excluded,872,902
kepler-1472 b,2017,2029,12,194.8876772485941,193.75815944761607,1.0058295237950141,excluded,1996,2037
kepler-1557 b,2211,2199,12,142.36808915815195,143.411494821361,1.0073289293224268,excluded,2187,2217
kepler-1605 b,2179,2167,12,144.4179992743935,145.47642858396208,1.0073289293224286,excluded,2157,2190
kepler-1625 b,396,384,12,3277.5247783293967,3485.4781584633806,12.447821785271326,excluded,138,771
kepler-168 b,2178,2166,12,144.52644154523037,145.87581461045218,1.0093365134489907,excluded,2156,2188
kepler-178 b,1120,1108,12,617.3600687270539,620.6609343629109,1.009695490649529,excluded,1083,1145
kepler-180 c,1019,1031,12,678.5774013863879,672.4179319205475,1.0091601802590955,excluded,997,1055
kepler-207 d,1521,1509,12,362.7073414663235,364.35758581686696,1.0045497958322873,excluded,1492,1538
kepler-220 b,2244,2232,12,121.68077027301729,124.04932455241052,1.0194653129995714,excluded,2225,2253
kepler-227 b,1014,1002,12,680.476458389307,681.4658566504963,1.005134099666535,excluded,985,1036
kepler-241 b,724,712,12,1015.5086506735762,1020.3090565018493,1.0072684861971317,excluded,701,740
kepler-257 b,1235,1223,12,528.8734021687623,531.246799145604,1.0071026332835833,excluded,1201,1256
kepler-267 c,614,602,12,1212.935510027927,1235.2249779134838,1.0183764657735543,excluded,585,632
kepler-310 d,1062,1050,12,658.5467035054672,666.7430826496538,1.0124461622851606,excluded,1035,1076
kepler-376 c,2028,2016,12,193.7235921831654,194.62702902822204,1.0124088271035014,excluded,1990,2040
kepler-394 b,2108,2120,12,168.7414399246086,167.54054971843829,1.0071677585407741,excluded,2084,2134
kepler-477 b,1162,1174,12,577.8243468027462,575.7836557614504,1.0035441975833737,excluded,1150,1193
kepler-527 b,1639,1627,12,320.78318911529306,321.7166220715453,1.002909856214182,excluded,1606,1654
kepler-555 b,1117,1105,12,618.644228689515,620.9820073933815,1.0037788741823692,excluded,1089,1136
kepler-557 b,1374,1362,12,443.55195568803435,444.30312590775964,1.001693533779059,excluded,1347,1390
kepler-577 b,720,708,12,1018.8554125707112,1023.310581831911,1.0043727198248462,excluded,697,735
kepler-59 c,1491,1503,12,386.3632991141176,372.0895710779946,1.0383609999999999,excluded,1470,1520
kepler-648 b,797,785,12,903.6873539532165,905.3831684573468,1.0018765500000768,excluded,773,812
kepler-651 b,1110,1098,12,619.7734503742511,622.3447227573008,1.0041487294776776,excluded,1083,1132
kepler-658 b,1126,1114,12,615.3753084978862,618.9356987683366,1.0057857216909485,excluded,1100,1146
kepler-708 b,917,905,12,778.8343748176384,781.2060519832044,1.003045162414822,excluded,897,928
kepler-725 b,121,133,12,13420.375433722851,12631.501882729342,1.1337149409777374,excluded,97,168
kepler-766 b,964,952,12,726.6491468765232,728.7465976768311,1.0028864697761275,excluded,941,979
kepler-839 b,1629,1617,12,321.98447809363296,322.77246565673374,1.0024472843155863,excluded,1599,1643
kepler-934 b,1128,1116,12,614.824267282177,617.8512737487757,1.0049233685585957,excluded,1103,1148
wasp-132 b,98,86,12,14564.032136838228,14887.310207197364,1.1253420647601156,excluded,67,126
wasp-38 b,301,289,12,6583.913999744812,6899.690496768848,1.6113474890329633,excluded,224,346
xo-1 b,65,53,12,17151.970265854627,17682.79536933277,1.199566448672064,excluded,32,91
xo-4 b,271,259,12,7607.022772721709,7830.519661182731,1.2684662479904836,excluded,219,309
hat-p-56 b,181,170,11,11104.987870591338,11117.97742542693,1.1242533972666746,excluded,140,216
hats-35 b,183,172,11,10997.559883195516,10997.559883195516,1.0,excluded,159,207
k2-16 b,899,888,11,783.7250025189031,785.5750690792377,1.002360606787315,excluded,879,913
kepler-1014 b,1023,1012,11,677.4967208920533,678.9066368075528,1.0020810667742317,excluded,997,1041
kepler-1035 b,2253,2242,11,121.12387960659166,122.01158795948662,1.0073289293224277,excluded,2231,2266
kepler-1047 b,1728,1717,11,285.4799186088204,286.8854414642095,1.0049233685585957,excluded,1697,1743
kepler-1052 b,1025,1014,11,676.570609701136,678.6308770927711,1.003045162414822,excluded,997,1043
kepler-1075 b,1149,1160,11,582.809315821107,579.9118637735118,1.0049963662214831,excluded,1136,1180
kepler-1109 b,1564,1553,11,356.5858084840923,357.9722188160988,1.003888013204733,excluded,1534,1576
kepler-1113 b,1303,1314,11,484.9336064583004,483.7419386812547,1.0024634369728092,excluded,1286,1334
kepler-1159 b,1723,1712,11,286.31990026139556,287.50776407165574,1.0041487294776776,excluded,1692,1739
kepler-1179 b,1917,1928,11,223.6147977347386,222.71560568647476,1.004037400277777,excluded,1902,1935
kepler-1190 b,1713,1724,11,287.8296255660777,286.16144063865937,1.0058295237950132,excluded,1691,1742
kepler-1203 b,1810,1821,11,255.56072019938037,253.23567345940347,1.0091813554868272,excluded,1783,1836
kepler-1254 b,1563,1552,11,356.73211510209774,358.19019550084454,1.0040873258588716,excluded,1534,1576
kepler-1285 b,2516,2527,11,48.67714842610236,48.16109512631898,1.010715148782017,excluded,2512,2529
kepler-1292 b,1645,1634,11,319.7206555541216,321.18089452676173,1.0045672337625773,excluded,1610,1656
kepler-1293 b,2516,2527,11,48.67714842610236,48.16109512631898,1.010715148782017,excluded,2512,2529
kepler-1304 b,1053,1042,11,668.3390852146566,670.3069948234858,1.0029444778142778,excluded,1025,1070
kepler-1328 b,2400,2389,11,81.37194161955527,82.1778144129334,1.0099035709034188,excluded,2386,2405
kepler-1340 b,2344,2333,11,99.51488531289922,99.92163507698127,1.0040873258588716,excluded,2321,2352
kepler-1350 c,813,802,11,889.6030542021028,893.5385448132464,1.004423872639099,excluded,789,827
kepler-1370 c,2412,2401,11,80.85074557597565,81.28320991397214,1.005348922077535,excluded,2394,2418
kepler-1374 b,1053,1042,11,668.3390852146566,670.3069948234858,1.0029444778142778,excluded,1025,1070
kepler-139 b,1421,1410,11,427.9789814478516,428.924427902393,1.002209095529278,excluded,1395,1437
kepler-1416 b,2499,2510,11,49.72388629507898,49.10689649767563,1.0125642189062498,excluded,2497,2514
kepler-1422 b,1892,1881,11,225.6531238662398,226.1858021620173,1.002360606787315,excluded,1868,1901
kepler-1464 b,1888,1877,11,226.24930094827977,226.54070774975406,1.0012879898424123,excluded,1863,1894
kepler-154 d,601,590,11,1239.6377779314355,1287.6063856337198,1.043776172044542,excluded,566,620
kepler-1541 b,2085,2074,11,170.37700295661037,171.9961656403353,1.0095034109981222,excluded,2063,2096
kepler-1552 b,851,840,11,838.2290716545592,840.964233713611,1.0032630245735248,excluded,832,866
kepler-1560 b,2479,2468,11,63.206304906999165,63.84876396060071,1.0101644773341338,excluded,2461,2487
kepler-1576 b,2405,2416,11,81.10744661614507,80.72866534715551,1.0046920293722272,excluded,2396,2422
kepler-1586 b,2472,2483,11,63.636792570969504,63.26797043187463,1.0058295237950141,excluded,2466,2487
kepler-1604 b,1695,1706,11,289.61461121475895,288.6581774505695,1.0033133783793575,excluded,1674,1719
kepler-1613 b,1690,1701,11,290.6005325825913,289.2433940818367,1.0046920293722272,excluded,1668,1711
kepler-1626 b,2341,2330,11,99.74890024754835,99.9843681784999,1.002360606787315,excluded,2321,2352
kepler-1637 b,2479,2468,11,63.206304906999165,63.84876396060071,1.0101644773341338,excluded,2461,2487
kepler-178 d,652,641,11,1140.3136798133137,1151.4699439235817,1.0097835045810328,excluded,628,670
kepler-205 b,1077,1066,11,634.817252040312,641.4184288267958,1.0190311839757453,excluded,1051,1100
kepler-215 e,1852,1841,11,241.702593292624,243.50508490865911,1.00745747735463,excluded,1832,1856
kepler-220 d,2066,2055,11,177.66237465209642,181.5835563178404,1.0220709740789098,excluded,2043,2070
kepler-242 c,1350,1339,11,462.07100354584867,464.2960237508654,1.0048153209959991,excluded,1325,1366
kepler-245 b,826,815,11,863.3711919632557,876.4049338452133,1.0150963363189358,excluded,804,845
kepler-247 d,454,443,11,2086.5986533365444,2207.205796763517,1.0637930497960773,excluded,435,463
kepler-253 c,768,757,11,940.3215433024324,953.2778022017383,1.0137785409593012,excluded,748,784
kepler-263 c,874,863,11,817.1423925566958,830.2854311190894,1.0160841472454654,excluded,851,884
kepler-291 c,1727,1716,11,285.8411712378057,287.1448999652955,1.011229035109395,excluded,1690,1748
kepler-304 c,861,850,11,832.936399349104,836.7174338562085,1.0129836549786848,excluded,832,879
kepler-344 c,932,921,11,758.8674208208193,766.156024817154,1.0096045815070713,excluded,914,945
kepler-375 b,1843,1832,11,248.50058260849187,251.68533603717123,1.0128158791228947,excluded,1817,1849
kepler-444 c,2547,2536,11,35.58227858242858,36.63109666041905,1.0294758548292744,excluded,2536,2548
kepler-461 b,1034,1023,11,673.0997824502203,674.1079543315491,1.0014978044973641,excluded,1010,1051
kepler-465 b,1405,1394,11,437.9642274841146,438.5685003883332,1.0013797311887545,excluded,1377,1423
kepler-508 b,2194,2183,11,143.7448348868868,144.35787968152576,1.0042648126808964,excluded,2168,2204
kepler-520 c,2424,2413,11,80.0388384699852,80.81414526565187,1.0096866322711244,excluded,2406,2429
kepler-524 b,1835,1824,11,251.66280636440354,252.8448944767348,1.004697110905692,excluded,1809,1845
kepler-524 c,2456,2467,11,64.40477909588677,63.874853965011575,1.0082963028168404,excluded,2449,2472
kepler-53 b,802,813,11,899.2350896496824,884.2773410642709,1.0169152231893777,excluded,785,831
kepler-549 c,722,711,11,1017.2530609863035,1020.3507617739815,1.003045162414822,excluded,701,737
kepler-579 b,1523,1512,11,362.24641933797267,363.9907521267363,1.0048153209959991,excluded,1492,1539
kepler-602 b,1728,1717,11,285.4799186088204,286.8854414642095,1.0049233685585957,excluded,1697,1743
kepler-603 d,2191,2202,11,143.82282991252038,143.24449455043245,1.004037400277777,excluded,2178,2209
kepler-605 c,2414,2425,11,80.67197117941978,80.09481132087296,1.0072059581517039,excluded,2410,2429
kepler-614 b,960,949,11,728.61101396347,730.1273021359686,1.0020810667742317,excluded,939,975
kepler-62 f,1428,1439,11,421.4698902434991,407.05313304552953,1.0354173841879188,excluded,1408,1455
kepler-67 b,634,623,11,1176.7767106209867,1197.5903594924773,1.0176869993123057,excluded,609,650
kepler-757 b,2261,2250,11,120.81487710578489,121.47691502763259,1.005479771512477,excluded,2237,2270
kepler-780 b,2479,2468,11,63.206304906999165,63.84876396060071,1.0101644773341338,excluded,2461,2487
kepler-801 b,845,834,11,841.1345428618685,845.1848756865713,1.0048153209959991,excluded,826,855
kepler-830 b,1971,1982,11,197.58218375508883,196.70921698571533,1.0044378539183394,excluded,1959,1995
kepler-834 b,899,888,11,783.7250025189031,785.5750690792377,1.002360606787315,excluded,879,913
kepler-835 b,1221,1232,11,530.2238995411727,529.828448421629,1.0007463757763893,excluded,1207,1249
kepler-836 b,1154,1165,11,579.9887062115612,577.8717180764065,1.0036634222941407,excluded,1141,1185
kepler-893 b,898,887,11,783.7250025189038,785.5750690792383,1.002360606787315,excluded,879,913
kepler-918 b,2019,2008,11,194.7871289839195,195.37168330440457,1.003000990483993,excluded,1990,2029
wasp-31 b,79,68,11,16188.66095123318,16129.232313456336,1.0354600426914904,excluded,57,92
wasp-80 b,16,5,11,24060.207067727613,30622.617323214454,1.2727495335769208,guaranteed,5,22
hats-46 b,160,150,10,11808.208176835396,11808.208176835396,1.0,excluded,139,182
hats-50 b,185,175,10,10783.434470687886,10783.434470687886,1.0,excluded,163,210
hats-53 b,85,75,10,15636.184605810475,15607.793899716853,1.0018190082644631,excluded,67,98
k2-139 b,220,230,10,9393.376261246269,8987.6103172296,1.0489611385657798,excluded,198,250
k2-19 d,2165,2155,10,148.2210903898514,153.67070272487967,1.166963633004651,excluded,2126,2221
kepler-1071 b,974,964,10,721.7856556585817,724.0302323521963,1.0031097551967372,excluded,953,990
kepler-1092 b,1536,1546,10,360.62017483959386,359.3465795607212,1.0035441975833737,excluded,1513,1567
kepler-1104 b,2461,2471,10,64.12888778163001,63.81823987165691,1.004867697865028,excluded,2453,2476
kepler-1105 b,955,945,10,730.1209317307502,732.7352990452614,1.003580731904664,excluded,935,970
kepler-1126 b,1702,1692,10,288.92299447955924,290.2011530096439,1.004423872639099,excluded,1672,1714
kepler-1142 b,1993,1983,10,196.20347185516195,196.63690406766617,1.0022090955292788,excluded,1966,2002
kepler-1165 b,2187,2177,10,144.11219099750795,144.7012244823507,1.0040873258588716,excluded,2164,2198
kepler-1171 b,2190,2180,10,144.04793408558885,144.53849634160272,1.003405548709379,excluded,2166,2200
kepler-1197 b,1815,1825,10,254.96326693742537,252.77135564356675,1.00867151773696,excluded,1792,1838
kepler-1199 b,2395,2405,10,81.65998366559435,81.02084749508737,1.0078885396816633,excluded,2391,2415
kepler-1200 b,2025,2035,10,194.06968160446831,192.30406958008993,1.0091813554868272,excluded,2009,2043
kepler-1206 b,1463,1453,10,399.29120801912984,400.9941102264603,1.0042648126808964,excluded,1433,1482
kepler-1208 b,910,900,10,781.6639251663643,781.4867332176178,1.000226736988889,excluded,892,922
kepler-1309 b,951,941,10,732.9789446691728,736.0198760234389,1.0041487294776776,excluded,932,966
kepler-1317 b,1600,1590,10,326.1985158385935,327.0151239611345,1.0025034084549456,excluded,1574,1610
kepler-1324 b,1540,1550,10,360.3531971142698,358.82359979007146,1.0042628113788872,excluded,1519,1570
kepler-1339 b,2524,2514,10,48.35281519182702,48.87914772700775,1.010885251108806,excluded,2507,2528
kepler-1343 b,1538,1528,10,360.4106033345959,361.17821338689,1.0021298209464204,excluded,1506,1558
kepler-1361 b,2333,2343,10,100.09994308819529,99.38378767326392,1.0072059581517039,excluded,2318,2356
kepler-1363 b,1815,1825,10,254.96326693742537,252.77135564356675,1.00867151773696,excluded,1792,1838
kepler-1372 b,2203,2193,10,142.99471326706455,143.75958084582953,1.005348922077535,excluded,2180,2213
kepler-1373 b,2482,2472,10,63.19427420421282,63.79483536470348,1.0095034109981222,excluded,2462,2487
kepler-1419 b,1040,1030,10,671.6517893609338,672.4533216395301,1.0011933747386559,excluded,1013,1058
kepler-1436 b,2247,2257,10,121.40184596295046,121.13298514314366,1.00221955084727,excluded,2238,2266
kepler-1473 b,2342,2332,10,99.64724532396168,99.95712386294834,1.0031097551967363,excluded,2321,2352
kepler-1499 b,2020,2010,10,194.59383985765768,195.19897906240791,1.0031097551967363,excluded,1993,2029
kepler-151 c,1232,1222,10,529.1469125730914,531.7520978453318,1.0049233685585957,excluded,1201,1254
kepler-1522 b,1702,1692,10,288.92299447955924,290.2011530096439,1.004423872639099,excluded,1672,1714
kepler-1553 b,2085,2095,10,170.37700295661037,169.0434966255526,1.0078885396816633,excluded,2066,2111
kepler-1592 b,2262,2252,10,120.70569412201283,121.39319077646724,1.0056956439334126,excluded,2238,2274
kepler-1606 b,1289,1299,10,487.5881217409327,485.8661162259615,1.0035441975833737,excluded,1273,1320
kepler-1619 b,2515,2525,10,48.72191931214849,48.439539861904,1.0058295237950137,excluded,2511,2528
kepler-1642 c,849,839,10,838.773464607678,840.9642337136117,1.0026118722138622,excluded,832,864
kepler-172 b,1470,1480,10,398.3801045897267,393.41333148210833,1.0126248215557594,excluded,1448,1498
kepler-179 c,1161,1151,10,577.9887466445214,582.3033169988253,1.0074647999279431,excluded,1136,1185
kepler-185 b,2075,2065,10,173.70135394275584,176.71542696383972,1.0173520410328936,excluded,2054,2082
kepler-193 c,1330,1320,10,478.2368650636299,482.0714106589608,1.0080180886825207,excluded,1304,1348
kepler-215 d,1361,1351,10,450.60013786542794,454.17972098179644,1.0079440346674673,excluded,1337,1379
kepler-224 b,1576,1566,10,350.3741907647084,354.57575237038475,1.0119916412693135,excluded,1548,1587
kepler-224 e,991,981,10,705.8526881586624,712.2162607392096,1.0147312965110917,excluded,966,1006
kepler-235 e,557,567,10,1365.5624443889371,1346.6639798799542,1.0151634675576082,excluded,536,585
kepler-238 e,397,407,10,3265.10382472248,2853.687496673613,1.1441700706641609,excluded,384,413
kepler-240 c,944,934,10,739.1886095505049,743.2404016025755,1.0054814048805953,excluded,924,957
kepler-249 c,860,870,10,833.4731716241068,823.0621732069393,1.0126491032586307,excluded,843,883
kepler-259 c,935,925,10,755.5368115812549,758.1369774010294,1.0054781576481646,excluded,916,948
kepler-261 c,1210,1220,10,534.9243711935195,532.0982259261843,1.01501642638589,excluded,1195,1250
kepler-283 b,636,626,10,1170.7496951208313,1187.6792500274726,1.0144604393041452,excluded,611,652
kepler-301 d,1652,1642,10,316.5707175606727,317.07638851929016,1.001597339648196,excluded,1623,1661
kepler-302 b,779,769,10,927.6924935680792,928.7636941606042,1.0011546936080136,excluded,758,792
kepler-313 b,1881,1871,10,226.92481989033746,227.5262114539086,1.0077866117834988,excluded,1858,1894
kepler-347 c,1800,1810,10,256.42228122414485,254.28269072609595,1.011638352978169,excluded,1770,1829
kepler-399 b,2113,2123,10,168.53326709780046,167.14656855031131,1.0082963028168404,excluded,2091,2136
kepler-43 b,274,264,10,7524.7550331114735,7764.9253567759515,1.031917361111112,excluded,246,288
kepler-463 b,748,738,10,962.4082827091069,963.1357074941047,1.0007558380347168,excluded,724,763
kepler-466 c,2272,2282,10,119.88476878037304,118.854123143424,1.00867151773696,excluded,2265,2290
kepler-499 b,1169,1179,10,575.6438085790512,573.2394985334314,1.004194250486526,excluded,1157,1201
kepler-535 b,1686,1696,10,290.84662693798174,289.59388589347395,1.004325854603742,excluded,1668,1709
kepler-538 b,1219,1209,10,530.7918951078934,541.4847046771025,1.113883941761763,excluded,1182,1289
kepler-558 b,986,976,10,714.9924166868933,717.9587268023183,1.0041487294776776,excluded,962,1002
kepler-612 b,954,944,10,731.8214573729422,733.9509525883507,1.002909856214182,excluded,934,969
kepler-621 b,755,745,10,957.6271700628802,959.424205328936,1.0018765500000777,excluded,733,772
kepler-640 b,1109,1099,10,619.8984488008734,622.0095431631331,1.003405548709379,excluded,1083,1132
kepler-723 b,84,74,10,15746.51097577326,15732.589911581577,1.000884855212646,excluded,66,96
kepler-798 b,1718,1708,10,287.2674035583395,287.86522620720456,1.0020810667742317,excluded,1691,1732
kepler-826 b,2338,2348,10,99.94174486227696,99.08254878308126,1.00867151773696,excluded,2321,2359
kepler-831 b,2203,2193,10,142.99471326706455,143.75958084582953,1.005348922077535,excluded,2180,2213
kepler-848 b,2099,2109,10,169.05625597544804,168.30932378340282,1.0044378539183394,excluded,2079,2131
kepler-850 b,1908,1918,10,224.2063019789137,223.64532960056886,1.0025083125113623,excluded,1892,1928
kepler-881 b,1908,1918,10,224.2063019789137,223.64532960056886,1.0025083125113623,excluded,1892,1928
kepler-883 b,1908,1918,10,224.2063019789137,223.64532960056886,1.0025083125113623,excluded,1892,1928
kepler-926 b,1401,1391,10,438.3270331921659,438.6862645606993,1.0008195510231648,excluded,1376,1419
kepler-946 b,1538,1528,10,360.4106033345959,361.17821338689,1.0021298209464204,excluded,1506,1558
kepler-954 b,910,900,10,781.6639251663643,781.4867332176178,1.000226736988889,excluded,892,922
wasp-124 b,86,76,10,15572.186256209261,15572.186256209261,1.0,excluded,68,99
wasp-16 b,154,144,10,11963.144657162538,12067.47815940337,2.12728671052054,excluded,44,270
corot-10 b,81,72,9,15885.315643731295,15877.339456099326,1.0005023629843037,excluded,62,92
hat-p-25 b,78,69,9,16224.199248810726,16071.901536979918,1.1970392513027306,excluded,43,109
hats-5 b,168,159,9,11552.073127826216,11552.959105160046,1.0000766942283024,excluded,144,193
k2-108 b,928,919,9,763.2596075225148,769.1338173788358,1.0309274504676964,excluded,902,949
kelt-6 b,313,322,9,6275.605090070802,5949.782105245025,1.5538172031025244,excluded,250,361
kepler-100 c,2061,2052,9,180.60935902431524,182.82923803594431,1.050558046484511,excluded,2036,2071
kepler-1007 b,1573,1564,9,352.31442253823934,354.89651004029406,1.0073289293224277,excluded,1548,1585
kepler-104 c,1362,1353,9,450.0361828044473,451.47904759212753,1.0032061084037485,excluded,1338,1379
kepler-1044 b,1310,1301,9,484.41158312946885,485.231950508466,1.001693533779059,excluded,1282,1330
kepler-1056 b,1229,1238,9,529.4788668039903,527.6468181349511,1.0034721116589216,excluded,1216,1257
kepler-1059 b,1319,1310,9,482.0399265535701,484.17240979560376,1.004423872639099,excluded,1293,1339
kepler-1066 b,1285,1294,9,488.44910931723314,486.3452504764516,1.004325854603742,excluded,1273,1318
kepler-1078 b,1546,1555,9,359.77315182056725,357.68800110692337,1.0058295237950141,excluded,1524,1573
kepler-1094 b,1153,1162,9,580.460273674607,579.2370376669603,1.0021118055788933,excluded,1139,1182
kepler-1118 b,1057,1048,9,666.7188698463432,669.1607843996214,1.0036625850320406,excluded,1030,1074
kepler-1150 b,2118,2109,9,168.31559418915975,168.30932378340282,1.0000372552489427,excluded,2091,2131
kepler-1152 b,1875,1884,9,228.21491742981908,225.97458136561406,1.0099141064922708,excluded,1858,1897
kepler-1155 b,1604,1595,9,325.3788074810839,325.75452031026566,1.0011546936080145,excluded,1578,1614
kepler-1172 b,687,678,9,1080.4788484733062,1084.1584718212357,1.003405548709379,excluded,662,702
kepler-1191 b,1675,1684,9,292.6874237802078,291.4450485110944,1.0042628113788872,excluded,1659,1692
kepler-1196 b,1375,1366,9,443.4751069064938,443.2401386249773,1.0005301150799326,excluded,1350,1392
kepler-122 d,1764,1755,9,271.9562500603711,274.5054910429471,1.0093737172137434,excluded,1740,1770
kepler-1224 b,2327,2336,9,100.24917891256021,99.66816099642632,1.0058295237950132,excluded,2315,2352
kepler-1251 b,1560,1551,9,357.7785054913888,358.4498947458958,1.001876550000076,excluded,1534,1573
kepler-1264 b,2255,2246,9,120.95755778671852,121.58631261911287,1.0051981442408338,excluded,2236,2268
kepler-1267 b,1229,1238,9,529.4788668039903,527.6468181349511,1.0034721116589216,excluded,1216,1257
kepler-1273 b,1093,1084,9,627.089785978765,627.8974712533862,1.0012879898424123,excluded,1069,1111
kepler-1311 c,2468,2477,9,63.870966402844566,63.68489167920202,1.0029218032524865,excluded,2461,2481
kepler-1312 b,1409,1400,9,435.3255137028863,436.9540401333886,1.0037409395480867,excluded,1385,1426
kepler-1370 b,2087,2078,9,170.30007463477497,170.61965123984376,1.001876550000076,excluded,2065,2098
kepler-1386 b,2239,2248,9,122.37087655976418,121.54630066952959,1.0067840476073109,excluded,2228,2256
kepler-1390 b,2255,2246,9,120.95755778671852,121.58631261911287,1.0051981442408338,excluded,2236,2268
kepler-1396 b,1918,1927,9,223.58495557045939,222.79532491829698,1.0035441975833737,excluded,1902,1935
kepler-1418 b,1369,1360,9,445.2100923945604,445.78351847130403,1.0012879898424123,excluded,1344,1384
kepler-1427 b,2351,2342,9,99.20098093075595,99.47534343780025,1.002765723730452,excluded,2335,2359
kepler-1439 b,744,735,9,963.0666772735448,966.8110932318226,1.003888013204733,excluded,721,760
kepler-1458 b,975,966,9,721.6407842342575,722.9949792479676,1.0018765500000768,excluded,954,990
kepler-1476 b,1823,1814,9,253.82630841189032,253.78345215156364,1.0001688694040662,excluded,1800,1830
kepler-150 e,782,773,9,921.5957163189953,925.8717388568227,1.0046398029657804,excluded,763,796
kepler-1508 b,2327,2336,9,100.24917891256021,99.66816099642632,1.0058295237950132,excluded,2315,2352
kepler-1550 b,1116,1107,9,618.8211737665331,620.7843399987954,1.0031724289915829,excluded,1089,1136
kepler-1561 b,2421,2412,9,80.46445494077349,80.86858847776074,1.0050225100919992,excluded,2403,2428
kepler-1587 b,2327,2336,9,100.24917891256021,99.66816099642632,1.0058295237950132,excluded,2315,2352
kepler-1590 b,2397,2406,9,81.4687265549451,80.99655520903983,1.0058295237950141,excluded,2391,2415
kepler-1596 b,1546,1555,9,359.77315182056725,357.68800110692337,1.0058295237950141,excluded,1524,1573
kepler-1608 b,1319,1310,9,482.0399265535701,484.17240979560376,1.004423872639099,excluded,1293,1339
kepler-169 f,739,748,9,965.0171915634136,958.8775716019848,1.0094199711676353,excluded,723,772
kepler-180 b,2115,2124,9,168.38539847837905,166.9893651086889,1.0083600136378836,excluded,2091,2136
kepler-189 c,844,835,9,841.8907887601694,844.5088630156015,1.0031097551967372,excluded,827,855
kepler-201 c,1363,1354,9,449.3283005973558,450.98155393558864,1.0036793884027224,excluded,1338,1380
kepler-209 c,784,775,9,914.9774561026891,921.877022364837,1.013916928702849,excluded,763,799
kepler-229 b,931,922,9,759.5790628445424,765.8706514981582,1.008282993780864,excluded,914,943
kepler-250 b,2138,2129,9,163.82465898391771,165.24866160472354,1.016243722606169,excluded,2117,2145
kepler-275 d,1287,1296,9,488.04659667728447,486.20221301522673,1.0049119656365195,excluded,1273,1320
kepler-292 c,1775,1766,9,262.4780369599612,265.6118210061048,1.0119392238773168,excluded,1752,1780
kepler-298 b,752,761,9,959.2386584948842,951.1280677615529,1.0085273382294557,excluded,733,781
kepler-303 c,1332,1341,9,475.7999932827003,463.3392058211669,1.026893445029003,excluded,1317,1366
kepler-325 c,1203,1212,9,542.9480493589318,537.8217873511712,1.0095315253645785,excluded,1191,1230
kepler-336 c,1949,1940,9,218.02338153735084,217.4984824707014,1.0099273097411827,excluded,1929,1953
kepler-353 c,1073,1082,9,637.6417969493898,628.7383114287132,1.0179706948992782,excluded,1056,1110
kepler-354 c,1634,1643,9,321.3132840021864,316.8076227856391,1.0142220732472587,excluded,1610,1661
kepler-372 b,2283,2274,9,118.7046141708039,119.98576141505866,1.0107927333171003,excluded,2265,2290
kepler-386 b,1762,1753,9,273.2552299031897,275.4302885405114,1.0079598060688257,excluded,1739,1769
kepler-387 b,2409,2400,9,80.89163607757315,81.31747874060977,1.0100669772688278,excluded,2391,2422
kepler-404 c,1649,1640,9,318.5107393049479,317.48644523496665,1.0150314051839264,excluded,1616,1661
kepler-436 b,582,591,9,1291.2806980488717,1286.5674581398061,1.0036634222941407,excluded,566,609
kepler-446 c,487,478,9,1756.8562612406972,1793.8920227814067,1.0210807009985863,excluded,469,497
kepler-481 b,1387,1378,9,441.02508568131805,441.1637766707347,1.000314474151062,excluded,1361,1405
kepler-544 b,1828,1819,9,252.87768659950353,253.2356734594037,1.0014156522258413,excluded,1805,1837
kepler-545 b,1222,1231,9,530.1044999132138,530.0414447806525,1.0001189626456237,excluded,1207,1249
kepler-561 c,1010,1001,9,681.1561113795526,681.6896580222912,1.0007832956848293,excluded,987,1028
kepler-610 c,988,979,9,713.2541983140238,715.2268623761461,1.0027657237304528,excluded,965,1003
kepler-611 b,1923,1914,9,223.202207094201,223.81952273505067,1.002765723730452,excluded,1897,1933
kepler-639 b,1737,1728,9,284.5763888453792,285.4613517494598,1.0031097551967372,excluded,1708,1749
kepler-644 b,1822,1813,9,253.95809043921844,254.00179299472705,1.0001720856989949,excluded,1797,1829
kepler-683 b,1528,1537,9,361.64685097458806,360.6268564737519,1.0028283930675872,excluded,1504,1556
kepler-695 b,180,171,9,11124.236770284715,11115.067664690461,1.000824925755817,excluded,156,206
kepler-75 b,101,92,9,14434.962763408072,14667.150113375383,1.0630639893506055,excluded,73,124
kepler-755 b,1404,1395,9,438.0507389362461,438.1438395559186,1.000212533871986,excluded,1378,1423
kepler-760 c,1820,1811,9,254.1069677371188,254.2485026059739,1.0005569893266426,excluded,1795,1827
kepler-762 b,167,158,9,11555.380792904754,11560.15934908478,1.0004135351543726,excluded,143,192
kepler-763 b,2003,2012,9,195.60483460871146,195.03498076755616,1.0029218032524865,excluded,1984,2027
kepler-771 b,1839,1830,9,250.81759182653934,251.96313440017786,1.0045672337625773,excluded,1816,1846
kepler-803 b,751,742,9,959.630224429574,960.3182870125071,1.0007170080364467,excluded,730,767
kepler-806 b,2397,2406,9,81.4687265549451,80.99655520903983,1.0058295237950141,excluded,2391,2415
kepler-810 b,1711,1702,9,288.2018591199076,288.8156774762585,1.0021298209464204,excluded,1684,1724
kepler-814 b,1828,1819,9,252.87768659950353,253.2356734594037,1.0014156522258413,excluded,1805,1837
kepler-837 b,855,846,9,834.8457085207313,837.6888162459144,1.003405548709379,excluded,836,871
kepler-861 b,987,978,9,713.6897068969577,716.56124056071,1.0040235043829306,excluded,963,1003
kepler-887 b,2087,2078,9,170.30007463477497,170.61965123984376,1.001876550000076,excluded,2065,2098
kepler-906 b,1558,1549,9,357.9496299684311,358.8701957189627,1.0025717745555787,excluded,1531,1573
kepler-91 b,1268,1277,9,508.50782948239595,496.0923077155668,1.0250266363209717,excluded,1251,1295
kepler-986 b,1285,1294,9,488.44910931723314,486.3452504764516,1.004325854603742,excluded,1273,1318
qatar-4 b,32,41,9,20414.571186009747,18831.412878135998,3.224972866813129,possible,2,207
qatar-5 b,178,169,9,11152.629168530992,11152.629168530992,1.0,excluded,155,204
trappist-1 c,292,283,9,6831.700942874812,7102.865138029365,1.1201245001960014,excluded,259,320
wasp-37 b,94,103,9,14853.657780739311,14092.605081929649,1.0540036916088373,excluded,78,125
wasp-69 b,55,64,9,17810.472707670833,16425.515844279398,1.150770040404817,excluded,37,90
wasp-76 b,161,152,9,11790.074137429026,11745.60803444725,1.057481069434993,excluded,131,194
wasp-8 b,141,132,9,12500.157023975686,12682.036545666977,1.3843656926687022,excluded,79,211
corot-6 b,117,109,8,13635.024820937317,13631.490501745839,1.0002592760631002,excluded,101,133
gj 1132 b,420,428,8,2608.7972097325974,2435.5335266253824,1.215142972169539,excluded,401,447
hat-p-17 b,88,80,8,15342.579925653057,15347.818535918153,1.1676789195285495,excluded,54,121
hat-p-43 b,107,115,8,14230.551415493215,13357.249098029328,1.1632845904776936,excluded,77,157
hats-14 b,126,118,8,13066.95424599139,13066.95424599139,1.0,excluded,107,149
hats-15 b,91,83,8,15134.541784534462,15134.541784534462,1.0,excluded,72,103
hats-16 b,164,156,8,11618.551250510764,11618.551250510764,1.0,excluded,141,190
hats-25 b,116,108,8,13650.621073389833,13650.621073389833,1.0,excluded,100,131
hats-32 b,115,107,8,13658.977335422716,13658.977335422716,1.0,excluded,99,130
hats-33 b,90,82,8,15262.124574177034,15262.124574177034,1.0,excluded,71,101
kelt-10 b,110,102,8,14108.777678824365,14108.777678824365,1.0,excluded,92,125
kelt-20 b,127,119,8,13016.66461156446,13039.93484050217,1.0120954247914273,excluded,107,152
kepler-102 c,2505,2497,8,49.32715474456463,51.435363081432214,1.1644594239749826,excluded,2492,2532
kepler-1030 b,811,803,8,890.9717325736989,892.994947232022,1.0022707955643877,excluded,791,825
kepler-1034 b,1039,1047,8,671.7834922459275,669.2828996025062,1.0037362267060856,excluded,1019,1069
kepler-1041 b,1108,1100,8,620.0998616656966,621.4697214978088,1.0022090955292788,excluded,1083,1132
kepler-1045 b,799,791,8,902.6124954649595,902.5051310668788,1.0001189626456237,excluded,778,814
kepler-1047 c,2467,2459,8,63.902083758431694,64.37041761385309,1.0073289293224277,excluded,2449,2472
kepler-1050 b,2108,2116,8,168.7414399246086,168.13413844655037,1.0036120057691396,excluded,2084,2134
kepler-1070 b,2195,2187,8,143.4168376523018,144.05129547637793,1.004423872639099,excluded,2173,2205
kepler-1114 b,1940,1932,8,220.2484547650742,221.86264012342156,1.0073289293224286,excluded,1919,1943
kepler-1121 b,2267,2259,8,120.45092982909229,121.01670120519324,1.004697110905692,excluded,2244,2275
kepler-1122 b,1390,1382,8,440.6251939283447,440.608778938599,1.0000372552489427,excluded,1365,1408
kepler-1125 b,1640,1632,8,320.7292374374479,321.3311018879855,1.001876550000076,excluded,1610,1654
kepler-1135 b,1608,1600,8,324.6524943945016,324.8333223687473,1.0005569893266426,excluded,1583,1620
kepler-1136 b,1298,1290,8,485.7294647724063,487.80100995325273,1.0042648126808964,excluded,1273,1320
kepler-1154 b,1902,1910,8,225.07489700873236,224.5600334707437,1.002292765680656,excluded,1885,1918
kepler-1158 b,2254,2262,8,121.04027794691834,120.76339577759998,1.002292765680656,excluded,2244,2271
kepler-1177 b,1618,1626,8,323.6390644074059,321.76333737581047,1.0058295237950141,excluded,1591,1645
kepler-1182 b,1382,1374,8,441.7788135262073,441.80264488276566,1.0000539440910898,excluded,1358,1399
kepler-1211 b,1129,1121,8,614.4726679028201,617.1595847195849,1.0043727198248462,excluded,1103,1148
kepler-1215 b,2176,2184,8,144.74169747898645,144.3200227670667,1.0029218032524865,excluded,2164,2192
kepler-1217 b,1724,1732,8,286.21939305716336,284.7288449376962,1.0052349740673214,excluded,1702,1749
kepler-1219 b,2335,2327,8,100.00615068941991,100.14772461924122,1.0014156522258413,excluded,2318,2346
kepler-1302 b,1797,1805,8,256.7431098211442,255.04522360368998,1.0066571966863904,excluded,1773,1820
kepler-131 b,1353,1345,8,459.10183986487283,459.126605696342,1.0000539440910898,excluded,1332,1368
kepler-1332 b,2029,2021,8,193.61598291309392,194.3251179140754,1.0036625850320415,excluded,2004,2038
kepler-1352 b,2514,2506,8,48.87027320544141,49.367013989751044,1.0101644773341338,excluded,2501,2518
kepler-1355 b,1782,1774,8,258.48603371734424,259.49103082967633,1.003888013204733,excluded,1758,1789
kepler-1364 b,2252,2260,8,121.22800500871031,120.9883857535736,1.0019805145233094,excluded,2240,2268
kepler-1402 b,2457,2465,8,64.37035184588251,63.99727818985864,1.0058295237950132,excluded,2449,2472
kepler-1433 b,2193,2185,8,143.76138248348724,144.12127594389105,1.0025034084549456,excluded,2170,2202
kepler-1437 b,2029,2021,8,193.61598291309392,194.3251179140754,1.0036625850320415,excluded,2004,2038
kepler-1443 b,2504,2512,8,49.44673568189355,48.92252356312296,1.010715148782017,excluded,2498,2516
kepler-1470 b,2135,2127,8,164.63667587636678,166.23145081392144,1.0096866322711244,excluded,2117,2142
kepler-150 d,943,935,8,739.3491021103207,740.3721033073837,1.002879025945869,excluded,926,959
kepler-1510 b,1160,1168,8,578.8008136278517,577.8717180764061,1.0016077885841834,excluded,1147,1187
kepler-1521 b,790,782,8,907.170886942476,907.4561687370154,1.000314474151062,excluded,770,803
kepler-1529 b,1101,1093,8,621.453052450874,623.7778707520667,1.0037409395480867,excluded,1082,1125
kepler-1530 b,1693,1685,8,290.0326762793913,291.269611315062,1.0042648126808964,excluded,1666,1706
kepler-1555 b,2023,2031,8,194.45531425972752,193.469650005882,1.0050946711994133,excluded,2002,2039
kepler-182 c,938,930,8,746.0256076151278,751.2627043681198,1.0070199959619803,excluded,922,952
kepler-189 b,1946,1938,8,218.48999110222994,218.28356513331366,1.0009456780165296,excluded,1929,1951
kepler-190 c,1750,1742,8,278.23598223106,282.8422469658068,1.0165552445726502,excluded,1725,1760
kepler-194 c,1205,1213,8,540.4184643714763,535.4570263835807,1.0103904141784923,excluded,1192,1232
kepler-20 e,2438,2446,8,70.4688484885813,67.31145489659794,1.1788426833353807,excluded,2433,2484
kepler-202 c,1072,1064,8,639.0352952706205,645.1558111012525,1.0095777430071997,excluded,1051,1090
kepler-233 b,831,823,8,859.0112388190847,861.8803123943051,1.0072318078960287,excluded,806,846
kepler-242 b,891,883,8,791.7362931290426,790.7077358483172,1.0013008058908415,excluded,871,899
kepler-273 c,1272,1280,8,503.1332949031621,494.980383160098,1.0164711815264549,excluded,1258,1296
kepler-306 c,806,798,8,896.3552353268856,895.8819120862598,1.0061061769685884,excluded,785,823
kepler-313 c,1865,1857,8,232.98935860030517,234.77758971893348,1.0076751622021332,excluded,1848,1870
kepler-341 e,1636,1644,8,320.8826413512836,316.72260736019973,1.0131346291499577,excluded,1612,1661
kepler-342 d,1856,1848,8,240.31331934333645,239.96941824608703,1.0040144364767922,excluded,1836,1863
kepler-345 b,2277,2285,8,119.40184975940957,118.32054750663823,1.010263225052967,excluded,2269,2290
kepler-359 b,818,810,8,879.9837947018596,886.0588847814995,1.007856684366555,excluded,799,831
kepler-359 d,658,650,8,1136.631323398026,1143.4098237827907,1.0087984162539754,excluded,634,674
kepler-360 c,1594,1586,8,327.92765645970354,330.4000303466078,1.007539388149191,excluded,1569,1602
kepler-386 c,1570,1562,8,353.31602664576695,355.8740087534461,1.0084363972631345,excluded,1546,1584
kepler-388 b,2148,2140,8,156.91610966836396,160.23140106806434,1.0211277950154838,excluded,2129,2155
kepler-39 b,255,247,8,8117.020141794216,8266.969847714752,1.0480998810074063,excluded,229,277
kepler-395 c,1341,1333,8,467.83695406174104,472.68421953734287,1.018535947696518,excluded,1318,1362
kepler-400 b,2076,2068,8,172.16527142290684,174.15251054863575,1.0115426247657546,excluded,2057,2083
kepler-418 b,137,129,8,12677.523109904747,12769.220817468404,1.0074727537891919,excluded,119,160
kepler-440 b,778,770,8,929.1784376930001,928.4854386528586,1.0007463757763901,excluded,758,792
kepler-48 d,1390,1382,8,440.6251939283447,440.608778938599,1.0000372552489427,excluded,1365,1408
kepler-487 c,920,912,8,777.2075671680949,777.8163505016742,1.0007832956848293,excluded,902,932
kepler-515 b,1782,1774,8,258.48603371734424,259.49103082967633,1.003888013204733,excluded,1758,1789
kepler-522 b,718,710,8,1019.8530677497025,1021.4063151734132,1.0015230109834723,excluded,701,734
kepler-532 b,817,809,8,885.3670290922666,887.5337739361014,1.0024472843155863,excluded,799,831
kepler-553 b,428,436,8,2487.532792697004,2317.249129127616,1.1812841049304101,excluded,407,453
kepler-572 b,809,801,8,893.1163753357278,894.4540890593751,1.0014978044973641,excluded,788,823
kepler-581 b,1150,1158,8,581.8918672174308,580.0752307320008,1.0031317256610623,excluded,1137,1179
kepler-588 b,1150,1158,8,581.8918672174308,580.0752307320008,1.0031317256610623,excluded,1137,1179
kepler-594 b,1251,1243,8,523.9278897213744,526.5593228349799,1.0050225100919992,excluded,1225,1272
kepler-596 b,1163,1171,8,577.3985105363228,576.2051819055118,1.0020710133617066,excluded,1150,1191
kepler-616 b,1238,1246,8,527.3301004802884,526.3103409613362,1.0019375631439986,excluded,1223,1265
kepler-626 b,1472,1464,8,397.7299535685587,398.90106059291503,1.0029444778142778,excluded,1444,1491
kepler-627 b,1244,1252,8,526.2868188281087,525.5547326178284,1.0013929780569832,excluded,1228,1269
kepler-645 b,1835,1827,8,251.66280636440354,252.60426170951462,1.0037409395480867,excluded,1812,1845
kepler-652 b,1045,1037,8,670.574705280237,671.4383986892166,1.0012879898424123,excluded,1020,1064
kepler-666 b,1406,1398,8,437.6788003081923,438.1438395559182,1.0010625126174684,excluded,1380,1423
kepler-751 b,981,973,8,716.2031393838035,719.2576116147455,1.0042648126808964,excluded,962,999
kepler-764 b,1739,1731,8,283.5517037126129,284.7609986142962,1.0042648126808964,excluded,1711,1750
kepler-782 b,840,832,8,844.8816572482415,847.110649849122,1.0026382305518862,excluded,823,851
kepler-787 b,1566,1558,8,356.23196498468485,357.44513029327794,1.003405548709379,excluded,1540,1577
kepler-789 b,1527,1519,8,361.76773234784775,362.27986964338356,1.0014156522258413,excluded,1498,1542
kepler-793 b,2130,2122,8,166.67971746158577,167.2901960999055,1.0036625850320415,excluded,2110,2137
kepler-802 b,578,586,8,1298.959795066508,1297.4610515488453,1.0011551356519515,excluded,563,603
kepler-813 b,1371,1363,8,444.4341272393656,444.052658065076,1.0008590629227438,excluded,1347,1389
kepler-815 b,2250,2258,8,121.33510748394094,121.11676324284473,1.001802758224792,excluded,2240,2266
kepler-825 c,1850,1842,8,242.96669598742182,243.42263514079545,1.001876550000076,excluded,1832,1854
kepler-833 b,814,806,8,888.1129320947819,890.209417510187,1.002360606787315,excluded,794,827
kepler-849 b,505,497,8,1589.636153091671,1649.9806492340851,1.5812451915964623,excluded,448,609
kepler-872 b,1724,1732,8,286.21939305716336,284.7288449376962,1.0052349740673214,excluded,1702,1749
kepler-903 c,1181,1189,8,571.9788530682583,570.5193756811146,1.0025581556899823,excluded,1166,1209
kepler-923 b,2324,2316,8,100.40970599480185,100.59812982859411,1.0018765500000768,excluded,2308,2334
kepler-933 b,981,973,8,716.2031393838035,719.2576116147455,1.0042648126808964,excluded,962,999
kepler-948 b,1608,1600,8,324.6524943945016,324.8333223687473,1.0005569893266426,excluded,1583,1620
kepler-956 b,1179,1187,8,572.2429753657667,570.7154809905485,1.00267645512711,excluded,1166,1209
kepler-960 b,839,831,8,845.8666547247996,848.357290323474,1.0029444778142778,excluded,823,850
kepler-969 c,2248,2240,8,121.35123550140011,122.24061012957915,1.0073289293224277,excluded,2229,2260
kepler-983 b,1450,1458,8,402.18323438637725,400.45094183606295,1.004325854603742,excluded,1427,1478
kepler-998 b,1613,1605,8,324.2524297443925,324.1789263907613,1.000226736988889,excluded,1587,1623
ogle2-tr-l9 b,162,154,8,11725.483555520892,11666.803114274533,1.0050296932820064,excluded,140,187
wasp-104 b,83,91,8,15749.312306052676,14689.260403041191,1.072288600545588,excluded,66,111
wasp-129 b,176,168,8,11250.904570111166,11250.904570111166,1.0,excluded,152,202
wasp-19 b,33,25,8,20341.714396425876,20845.96409894474,1.0329790288614118,possible,20,41
wasp-29 b,192,200,8,10419.743631641588,10009.994308819507,1.3689774363691565,excluded,136,254
hat-p-12 b,39,32,7,19595.02625049247,19718.456391214826,1.012061668705441,excluded,26,47
hat-p-45 b,145,138,7,12315.61269813482,12315.560304554281,1.0000042542587788,excluded,125,168
hat-p-52 b,120,113,7,13451.97270700043,13451.97270700043,1.0,excluded,103,140
hats-27 b,266,259,7,7830.519661182731,7830.519661182731,1.0,excluded,243,280
hats-29 b,106,99,7,14322.595880520823,14322.595880520823,1.0,excluded,87,121
hats-30 b,131,124,7,12922.648400834465,12922.648400834465,1.0,excluded,112,154
hd 106315 c,772,765,7,937.6221861665205,944.8031559832866,1.4662412623648986,excluded,638,932
k2-136 c,491,498,7,1724.4127069311755,1646.789148428313,1.0572451819485202,excluded,479,513
kelt-19 a b,169,162,7,11478.129435018287,11478.129435018287,1.0,excluded,147,194
kepler-1002 b,2334,2341,7,100.06682482768127,99.48686378793825,1.0058295237950132,excluded,2319,2352
kepler-1016 b,1475,1468,7,396.5610197301083,398.5527514537963,1.0050225100919992,excluded,1448,1492
kepler-1018 b,977,970,7,719.7752193272569,720.8533018878564,1.0014978044973641,excluded,959,992
kepler-1062 b,1223,1230,7,530.0413941128577,530.1540458626614,1.000212533871986,excluded,1207,1249
kepler-1101 b,1124,1117,7,615.84176692988,617.8512737487752,1.0032630245735248,excluded,1103,1145
kepler-1138 b,1714,1721,7,287.61933908866376,286.3485659831048,1.0044378539183394,excluded,1691,1739
kepler-1170 b,843,836,7,843.2498994332474,843.2953877826338,1.0000539440910898,excluded,827,855
kepler-1202 b,1051,1044,7,668.717158512268,670.1944185974896,1.0022090955292788,excluded,1027,1070
kepler-1210 b,1714,1721,7,287.61933908866376,286.3485659831048,1.0044378539183394,excluded,1691,1739
kepler-1213 b,2410,2403,7,80.86257234437468,81.11403514894407,1.0031097551967363,excluded,2396,2418
kepler-1276 b,2410,2403,7,80.86257234437468,81.11403514894407,1.0031097551967363,excluded,2396,2418
kepler-1288 b,2478,2485,7,63.317993246123905,63.21635471268317,1.0016077885841834,excluded,2472,2487
kepler-1330 b,1785,1778,7,257.6828558813879,258.3955354708297,1.002765723730452,excluded,1765,1793
kepler-1360 b,1704,1697,7,288.86148551289534,289.4866090335334,1.0021640943912205,excluded,1675,1714
kepler-1367 b,1983,1976,7,196.80302374981164,197.17233446404464,1.0018765500000777,excluded,1960,1995
kepler-1379 b,1880,1873,7,227.17909161658872,227.09383608412125,1.000375419843786,excluded,1858,1886
kepler-1388 e,560,553,7,1358.1105486407187,1363.902635730621,1.0042648126808964,excluded,537,578
kepler-1392 b,1366,1359,7,446.6268300590714,445.9099012103311,1.0016077885841834,excluded,1342,1381
kepler-1405 b,651,644,7,1146.8019380153755,1148.6709581780628,1.0016297671818744,excluded,630,667
kepler-1420 b,1943,1936,7,219.41286226584344,220.16008345575398,1.003405548709379,excluded,1926,1947
kepler-1431 b,2083,2076,7,170.44124767811968,170.81776867637012,1.0022090955292788,excluded,2065,2095
kepler-1438 b,2414,2421,7,80.67197117941978,80.40555714479603,1.0033133783793575,excluded,2410,2428
kepler-1453 b,1027,1020,7,675.4679850314836,676.6119128808073,1.001693533779059,excluded,1004,1044
kepler-1456 b,1732,1739,7,285.18293041710217,283.5300850397605,1.0058295237950141,excluded,1708,1750
kepler-1461 b,1086,1079,7,630.3768751948174,631.1047673432449,1.0011546936080145,excluded,1065,1105
kepler-147 c,1871,1864,7,229.6102973492078,229.7911298484478,1.0046694979721191,excluded,1852,1877
kepler-1478 b,1929,1922,7,222.40076355052568,223.38463620331157,1.004423872639099,excluded,1903,1937
kepler-1494 b,807,800,7,895.2657729719599,894.5278539059772,1.000824925755817,excluded,787,820
kepler-1495 b,1051,1044,7,668.717158512268,670.1944185974896,1.0022090955292788,excluded,1027,1070
kepler-1512 b,1779,1772,7,258.78288816744134,260.1280789471953,1.0051981442408338,excluded,1757,1788
kepler-1523 b,1879,1872,7,227.30151063180907,227.16662840229614,1.0005937589973561,excluded,1858,1886
kepler-1544 b,1294,1301,7,486.44906388083905,485.231950508466,1.0025083125113623,excluded,1274,1323
kepler-1551 b,1473,1466,7,397.6340745949859,398.6726439857054,1.0026118722138622,excluded,1447,1491
kepler-1559 b,2460,2453,7,64.18577745528603,64.65619048176089,1.0073289293224277,excluded,2446,2467
kepler-1579 b,2255,2262,7,120.95755778671852,120.76339577759998,1.0016077885841843,excluded,2245,2271
kepler-1621 b,1813,1806,7,255.25708802159377,254.47021482792934,1.0030922015537125,excluded,1787,1824
kepler-1624 b,144,137,7,12357.949370096881,12334.649693219095,1.0018889613776867,excluded,124,167
kepler-1636 b,847,840,7,840.0230338417146,840.964233713611,1.001120445313972,excluded,832,861
kepler-191 c,1344,1337,7,465.2309043242212,466.06308599337876,1.003284729546546,excluded,1323,1363
kepler-191 d,997,1004,7,695.7359680758036,681.1810293080248,1.029602696370895,excluded,976,1039
kepler-197 b,2434,2441,7,75.68084571355179,69.55640421661035,1.088050001519183,excluded,2433,2444
kepler-20 f,2368,2375,7,94.67046821988657,90.50583097854033,1.1778381582087312,excluded,2309,2388
kepler-204 b,1577,1570,7,350.00969228142856,350.24551075028563,1.0058000554524835,excluded,1553,1587
kepler-222 d,526,519,7,1506.81471759303,1512.119116585164,1.0035202728843844,excluded,506,540
kepler-232 b,837,830,7,846.8928804778574,849.0309907458682,1.005750939441102,excluded,823,850
kepler-245 e,1458,1451,7,400.6598144127263,401.2998042197266,1.001597339648196,excluded,1431,1478
kepler-277 c,1578,1585,7,348.32222334173457,331.49575396393124,1.050759230477607,excluded,1558,1597
kepler-278 c,2304,2297,7,106.08547711150595,109.42113229848952,1.0811168091236538,excluded,2287,2314
kepler-294 b,1759,1752,7,273.88521293311936,275.81616893417555,1.0093781412508132,excluded,1738,1769
kepler-311 c,2242,2249,7,121.90810468451193,121.50999922848081,1.010049467902649,excluded,2229,2266
kepler-329 b,1131,1138,7,608.8634462883385,600.9322587674433,1.0131981390667273,excluded,1117,1158
kepler-33 c,1769,1776,7,267.52217251447775,259.2567097964014,1.0318813839941396,excluded,1751,1788
kepler-33 d,953,960,7,732.902598660353,724.6655445456543,1.011366697612018,excluded,935,985
kepler-332 b,1941,1934,7,219.84077608380034,221.45197359390616,1.0073289293224277,excluded,1920,1945
kepler-333 c,1511,1518,7,367.64207852229725,362.3566767390799,1.0157167278334933,excluded,1489,1541
kepler-337 b,2469,2462,7,63.84433408106466,64.13506721219971,1.0068388045617342,excluded,2452,2477
kepler-367 b,1668,1675,7,297.7997712201493,293.4201399515554,1.014926144024459,excluded,1649,1684
kepler-368 b,1944,1937,7,218.67030055699038,218.6429038611652,1.0021082030057908,excluded,1929,1950
kepler-37 c,2426,2433,7,79.56378785036752,76.79142403554621,1.064001849181292,excluded,2412,2436
kepler-370 b,1776,1769,7,262.2999650268493,261.7472058173445,1.0021118055788933,excluded,1756,1782
kepler-402 d,2324,2331,7,100.40970599480185,99.96244023636284,1.0082477679698432,excluded,2308,2352
kepler-487 b,108,101,7,14128.289537162,14123.413941519057,1.0003452136758952,excluded,89,124
kepler-497 b,429,422,7,2484.4950487669757,2483.13735999518,1.0005467634588683,excluded,416,433
kepler-531 b,647,640,7,1152.0926279793855,1152.2318863303747,1.0001208742661893,excluded,627,663
kepler-54 c,1265,1272,7,509.97856719463425,507.5081707553642,1.004867697865028,excluded,1251,1289
kepler-582 b,555,548,7,1368.899187053394,1371.467994822963,1.001876550000076,excluded,533,571
kepler-609 b,969,962,7,724.8351349965195,724.1903540374161,1.000890347345154,excluded,949,986
kepler-66 b,992,985,7,705.7198405255579,704.5870135685784,1.0016077885841834,excluded,973,1006
kepler-667 b,430,423,7,2479.0938014970047,2478.8862624894196,1.0000837226825312,excluded,417,434
kepler-668 b,787,780,7,910.1499366163246,909.2276786497622,1.0010143311606308,excluded,768,801
kepler-677 b,431,424,7,2476.9580326523364,2476.663402221689,1.0001189626456237,excluded,418,435
kepler-681 b,552,545,7,1379.5732535346538,1377.3587518570916,1.0016077885841843,excluded,530,566
kepler-689 b,793,786,7,905.6922060359074,904.4887420674183,1.0013305461002624,excluded,773,810
kepler-698 b,555,548,7,1368.899187053394,1371.467994822963,1.001876550000076,excluded,533,571
kepler-718 b,118,111,7,13601.313434807846,13608.391178630862,1.0005203720844271,excluded,102,135
kepler-731 b,104,97,7,14372.625900283849,14379.37554110303,1.0004696177905146,excluded,85,119
kepler-754 b,1696,1689,7,289.4443748562231,290.4807975638965,1.0035807319046648,excluded,1669,1710
kepler-759 b,1455,1462,7,401.4504601295388,399.5377874486326,1.004787213477654,excluded,1431,1482
kepler-783 b,2449,2456,7,65.1812417053764,64.41425920469136,1.011907029750164,excluded,2445,2460
kepler-792 b,1791,1784,7,257.2448060568231,256.831874700625,1.0016077885841834,excluded,1769,1803
kepler-795 b,1791,1784,7,257.2448060568231,256.831874700625,1.0016077885841834,excluded,1769,1803
kepler-846 b,1102,1095,7,621.4530524508734,622.864245285854,1.0022707955643877,excluded,1083,1125
kepler-860 b,902,895,7,783.2321712136721,783.5218540572303,1.0003698556497103,excluded,884,915
kepler-868 b,1368,1361,7,445.4805313206837,444.93906033483785,1.0012169553858419,excluded,1344,1384
kepler-919 b,1687,1694,7,290.75549886837666,289.9793820644937,1.0026764551271108,excluded,1668,1707
kepler-937 c,1457,1450,7,400.9967156502409,401.6758171334863,1.001693533779059,excluded,1431,1476
kepler-966 b,554,547,7,1371.5190892045282,1374.904661027106,1.0024684831944566,excluded,532,567
kepler-993 b,425,418,7,2537.5276956746998,2536.8699460224984,1.0002592760631002,excluded,410,429
wasp-108 b,188,181,7,10536.74725608747,10628.626156132412,1.5109719522759288,excluded,108,260
wasp-119 b,105,98,7,14341.683765230187,14341.683765230187,1.0,excluded,86,120
wasp-15 b,206,213,7,9849.223373449324,9563.598986407744,1.029865784569964,excluded,189,233
wasp-39 b,28,35,7,21216.216284564758,19548.636323899955,1.1163972574988879,possible,18,50
wasp-6 b,30,23,7,20855.993998065962,21140.295688796698,1.4510703928868196,possible,10,76
wasp-96 b,113,106,7,13762.282130399964,13760.64512765008,1.0001189626456246,excluded,98,128
corot-12 b,61,55,6,17542.97149816854,17540.88478810755,1.0001189626456246,excluded,43,74
corot-18 b,52,46,6,18082.111966171742,18072.7789043213,1.000516415427857,excluded,37,63
hat-p-18 b,49,43,6,18380.960825819173,18594.846322328765,1.2046892421776618,possible,23,80
hat-p-22 b,172,166,6,11362.853180011478,11309.835440447763,1.2915982523604739,excluded,113,221
hat-p-44 b,53,47,6,18011.965999340297,18048.60575244511,1.1302730630957414,excluded,32,79
hat-p-9 b,158,164,6,11852.631210934042,11420.801117796062,1.037810840823162,excluded,138,196
hats-22 b,34,28,6,20158.30074655209,20158.30074655209,1.0,possible,24,43
hats-4 b,134,128,6,12812.19207624065,12811.788658045589,1.0000314880463477,excluded,116,157
k2-13 b,1277,1283,6,494.641746188551,492.3877361124407,1.004577713681308,excluded,1266,1300
k2-34 b,252,258,6,8246.412070300648,7863.240013211982,1.3987118602549071,excluded,196,310
kelt-16 b,171,165,6,11406.21689815082,11406.21689815082,1.0,excluded,151,198
kepler-1003 b,2020,2026,6,194.59383985765768,194.106958943996,1.0025083125113623,excluded,2000,2036
kepler-1004 b,1716,1710,6,287.5300371132369,287.80127628951516,1.0009433420556735,excluded,1691,1731
kepler-1011 b,810,804,6,891.7048917548407,892.0131846523773,1.0003457342225968,excluded,791,825
kepler-102 f,2290,2284,6,113.85013785533576,118.6047261178156,1.1655520435949025,excluded,2223,2306
kepler-1026 b,962,956,6,726.9699986871088,728.1734584165138,1.0016554462104055,excluded,944,979
kepler-1042 b,923,917,6,772.8777284196109,775.8826872333503,1.003888013204733,excluded,908,935
kepler-1060 b,1312,1306,6,483.17882734169524,484.6813952109745,1.0031097551967372,excluded,1289,1334
kepler-1063 b,2195,2201,6,143.4168376523018,143.26353352626126,1.0010700847750098,excluded,2184,2209
kepler-1089 b,640,634,6,1165.9760010286889,1169.722500230242,1.0032131872339118,excluded,620,655
kepler-110 b,1955,1949,6,211.68305319242955,212.733040124406,1.0049601841816878,excluded,1939,1959
kepler-1106 b,2131,2125,6,166.32958686302464,166.789608548488,1.002765723730452,excluded,2114,2137
kepler-112 c,1004,998,6,683.873125481551,682.9726560029181,1.0034474135297564,excluded,982,1023
kepler-1129 b,949,943,6,734.3691367602731,734.7781725312643,1.0005569893266426,excluded,933,964
kepler-1147 b,1393,1387,6,440.15810386713855,439.5862874349101,1.0013008058908415,excluded,1368,1411
kepler-1168 b,914,908,6,779.271124773906,779.5161853993163,1.000314474151062,excluded,898,927
kepler-1198 b,1921,1915,6,223.2359501996509,223.72909973921125,1.0022090955292788,excluded,1898,1933
kepler-1201 b,1732,1726,6,285.18293041710217,286.02264522872605,1.0029444778142778,excluded,1705,1746
kepler-122 c,464,458,6,1943.790590289892,1954.257903784653,1.0077959791014242,excluded,452,474
kepler-1227 b,1297,1291,6,485.8695554674085,487.30018759411524,1.0029444778142778,excluded,1274,1320
kepler-123 b,1358,1352,6,455.58357183602226,453.70476182893634,1.0085824282506597,excluded,1333,1376
kepler-1244 b,2522,2516,6,48.430898045791295,48.78584467459065,1.0073289293224286,excluded,2509,2528
kepler-1257 b,1787,1793,6,257.4814073835303,255.98911275943462,1.0058295237950141,excluded,1767,1812
kepler-1299 b,801,795,6,900.2995880349297,899.3372209671724,1.0010700847750107,excluded,784,815
kepler-130 c,1262,1268,6,519.0446753278617,515.2252003279277,1.1408328804364583,excluded,1188,1333
kepler-1313 b,1551,1545,6,359.47444029799357,359.55084079267016,1.000212533871986,excluded,1525,1567
kepler-1322 b,1707,1713,6,288.6642767898401,287.2010817104097,1.0050946711994133,excluded,1687,1733
kepler-1336 b,2011,2017,6,195.32884898577797,194.5433994109563,1.0040374002777779,excluded,1990,2030
kepler-1342 b,1735,1729,6,284.93445913251867,285.3014518216346,1.0012879898424123,excluded,1708,1748
kepler-1345 b,2013,2019,6,195.2576585174903,194.4166403985781,1.004325854603742,excluded,1991,2033
kepler-136 b,2031,2037,6,193.61598291309372,191.95611698709163,1.0086471113922029,excluded,2015,2045
kepler-1388 d,475,469,6,1841.3114494143726,1843.5088239841018,1.0011933747386559,excluded,464,485
kepler-1393 b,2486,2480,6,62.75489475181587,63.41283122117201,1.0104842255246889,excluded,2470,2489
kepler-14 b,400,394,6,3241.927668331108,3241.7117712643217,1.0000665997108997,excluded,386,402
kepler-1406 b,2417,2411,6,80.67197117941971,80.89508756449297,1.002765723730452,excluded,2403,2424
kepler-1407 b,1630,1636,6,321.88667364324385,321.0274580571833,1.0026764551271108,excluded,1605,1653
kepler-1411 b,892,886,6,790.5548177582455,787.9440609425751,1.0033133783793575,excluded,873,903
kepler-1413 b,1412,1406,6,432.072492169937,434.04586824405646,1.0045672337625773,excluded,1391,1429
kepler-1414 b,1884,1890,6,226.6571409753929,225.559187002384,1.004867697865028,excluded,1862,1902
kepler-1417 b,2423,2417,6,80.22066033782096,80.60694856785852,1.0048153209959982,excluded,2412,2428
kepler-143 b,1773,1767,6,263.33322984031344,263.7351383133236,1.0015262353074614,excluded,1752,1780
kepler-1441 b,2183,2189,6,144.23753318858152,143.91809964856904,1.00221955084727,excluded,2169,2200
kepler-1451 b,749,743,6,961.1220706473591,960.267099384783,1.000890347345154,excluded,729,767
kepler-148 c,527,521,6,1502.7224553834046,1500.7857790839826,1.0034193393772786,excluded,508,541
kepler-1481 b,1884,1890,6,226.6571409753929,225.559187002384,1.004867697865028,excluded,1862,1902
kepler-1536 b,476,470,6,1840.2338714129162,1841.9698414160932,1.0009433420556726,excluded,465,485
kepler-155 b,765,759,6,948.3072530478734,952.9761191614176,1.0049233685585957,excluded,749,783
kepler-1564 b,1921,1915,6,223.2359501996509,223.72909973921125,1.0022090955292788,excluded,1898,1933
kepler-1566 b,2432,2426,6,78.69236633871152,79.77319186692428,1.013734820523259,excluded,2424,2435
kepler-157 c,1483,1489,6,389.672605624537,386.0716074242014,1.0093272805642477,excluded,1464,1508
kepler-1610 b,1707,1713,6,288.6642767898401,287.2010817104097,1.0050946711994133,excluded,1687,1733
kepler-1618 b,2519,2513,6,48.5483774399858,48.904185066962,1.0073289293224277,excluded,2507,2526
kepler-1623 b,2183,2189,6,144.23753318858152,143.91809964856904,1.00221955084727,excluded,2169,2200
kepler-1630 b,729,723,6,1009.4729514052062,1013.3977955700905,1.003888013204733,excluded,711,743
kepler-1641 b,1187,1181,6,570.9159524132027,572.7956085868299,1.003292351817605,excluded,1165,1208
kepler-165 b,929,923,6,761.4928034678566,761.320184021751,1.000226736988889,excluded,914,942
kepler-166 b,886,892,6,792.9306385611925,784.904336107048,1.0102258352832565,excluded,871,911
kepler-169 e,995,989,6,700.7958493591699,697.2188339873816,1.0106979200457646,excluded,976,1012
kepler-171 b,1064,1058,6,652.2897631705742,652.349926262072,1.0046834452506326,excluded,1045,1080
kepler-192 c,1071,1065,6,640.4164950736982,643.7574824296357,1.0067179967925561,excluded,1051,1089
kepler-195 c,1587,1581,6,329.81889340060826,335.4538771600001,1.017085084790905,excluded,1564,1598
kepler-198 b,933,927,6,757.2720662636705,754.7712236099999,1.0033133783793575,excluded,918,948
kepler-203 b,1364,1358,6,448.46811367298386,446.34296026217714,1.0096851473472161,excluded,1341,1384
kepler-209 b,1291,1285,6,486.5792610201377,489.9666055599003,1.0145000771168715,excluded,1270,1327
kepler-212 c,1673,1667,6,294.2933874265455,297.4047930664983,1.0105724619474483,excluded,1650,1684
kepler-215 c,1844,1838,6,247.93982326417924,249.10272016664112,1.0070126861147803,excluded,1827,1849
kepler-224 c,486,480,6,1761.0769354227173,1786.4407659408294,1.014402454548088,excluded,471,495
kepler-226 b,1656,1650,6,313.53408553895315,313.24740668469894,1.0091140380339525,excluded,1632,1666
kepler-227 c,1065,1059,6,651.3166023350898,651.1341757034378,1.0033936596507855,excluded,1045,1080
kepler-229 c,381,375,6,3810.56946507869,3830.3659790134348,1.0058090405646256,excluded,368,387
kepler-234 c,852,858,6,837.8172160795657,834.058914938725,1.0063202004101075,excluded,834,874
kepler-235 d,639,645,6,1166.4962937491348,1148.3149451029751,1.0158330680304168,excluded,623,667
kepler-239 b,893,899,6,789.2344759130341,782.0519272384496,1.009184234990568,excluded,875,919
kepler-244 d,996,990,6,698.6521977489504,694.0099447718146,1.008339771680775,excluded,976,1012
kepler-254 b,523,517,6,1514.4745105129953,1516.7428972459848,1.0014978044973641,excluded,505,537
kepler-254 d,1080,1074,6,632.751967513554,632.9509516513706,1.000314474151062,excluded,1060,1098
kepler-255 b,1866,1860,6,232.0057980632791,231.45839289092123,1.0105757569656182,excluded,1850,1873
kepler-257 d,468,462,6,1903.1999731308017,1910.84609680791,1.0075742152648464,excluded,455,476
kepler-260 b,1355,1349,6,456.47365985978735,455.9848438026942,1.0082539769569625,excluded,1333,1374
kepler-265 b,1857,1851,6,239.9591796601211,238.47765252080492,1.006212435939619,excluded,1837,1864
kepler-267 d,549,543,6,1384.5944441202457,1402.9383033988825,1.0229730383786777,excluded,528,566
kepler-268 c,1141,1147,6,595.8171596157247,590.2926409833398,1.0093589488481203,excluded,1126,1166
kepler-269 c,1777,1771,6,260.6861699067389,260.4407991892504,1.00512361206831,excluded,1757,1786
kepler-275 b,1853,1847,6,241.68013909533553,240.08231994031635,1.0066552970473477,excluded,1835,1861
kepler-287 b,1419,1413,6,429.693499186887,427.4893227086725,1.0051560971493938,excluded,1395,1438
kepler-292 b,1952,1946,6,212.96801973256208,214.17096437643434,1.0137852790532873,excluded,1937,1959
kepler-292 e,822,816,6,866.371768868949,876.2645706744505,1.011418656702557,excluded,804,839
kepler-294 c,1069,1063,6,642.5177699974041,646.5643736695964,1.0101326401854656,excluded,1050,1089
kepler-295 d,2040,2034,6,190.4549587362675,192.3525587655616,1.0099635107528064,excluded,2022,2047
kepler-297 b,875,869,6,815.8509784675665,825.0769030963015,1.0113083453623655,excluded,857,885
kepler-298 c,780,774,6,926.6323746257198,922.2347302178794,1.0090529770221628,excluded,758,796
kepler-300 c,1247,1253,6,525.5495381397409,524.1466830625001,1.0026764551271108,excluded,1232,1270
kepler-310 b,2157,2151,6,152.88080083858335,154.7599336721098,1.0122914899923277,excluded,2138,2163
kepler-319 d,1204,1210,6,541.3546590238718,539.3470262208152,1.0096419181605714,excluded,1191,1230
kepler-329 c,645,651,6,1152.8074364796296,1142.0472299402295,1.0137262122546353,excluded,626,672
kepler-33 f,1267,1273,6,508.9601379585791,503.6162859947357,1.0106109593999493,excluded,1251,1291
kepler-331 d,774,768,6,935.4489983788449,931.8163254444444,1.0124796235601357,excluded,757,792
kepler-343 b,1861,1855,6,238.18335464455157,237.19991486842605,1.004254376056368,excluded,1843,1865
kepler-346 c,930,924,6,760.3391359073661,758.2249851179313,1.0027882895326985,excluded,915,945
kepler-348 c,2417,2423,6,80.67197117941971,80.32249550841718,1.0073103178879725,excluded,2407,2428
kepler-349 b,1574,1568,6,352.077691872966,352.30642063388996,1.012350281592158,excluded,1548,1587
kepler-349 c,1505,1499,6,373.09270981348016,374.90868296597,1.0081011770188832,excluded,1482,1520
kepler-351 b,679,685,6,1086.9110536317562,1076.7129489053357,1.0094715167462123,excluded,659,707
kepler-354 b,1084,1090,6,631.312885274513,625.0124629701411,1.0138749646420906,excluded,1061,1114
kepler-364 c,1862,1856,6,237.07681326196808,235.1363090863256,1.0082526777050416,excluded,1847,1866
kepler-366 c,1846,1840,6,244.66279342933277,244.65625359835613,1.0076824028023317,excluded,1830,1851
kepler-377 c,1859,1853,6,239.67489592992337,237.5441992656699,1.008969685097932,excluded,1838,1865
kepler-388 c,2064,2058,6,179.46674657093564,180.62360041143182,1.021003139327797,excluded,2042,2070
kepler-421 b,426,420,6,2532.6155934985486,2532.6065557134284,1.0000035685705306,excluded,412,430
kepler-441 b,939,933,6,742.4836512752419,745.6502049665589,1.0042648126808964,excluded,924,954
kepler-443 b,785,779,6,914.5844868496023,913.4299858527094,1.001263918433568,excluded,765,799
kepler-452 b,2063,2057,6,179.80286588689148,180.84315522814782,1.0057857216909476,excluded,2044,2069
kepler-460 c,496,502,6,1658.7975987236985,1609.5700772575065,1.034455782245138,excluded,484,516
kepler-472 b,542,536,6,1426.5307934527764,1429.2077498133397,1.0018765500000768,excluded,522,558
kepler-474 b,1033,1027,6,673.2623767566384,673.2372951336108,1.0000372552489427,excluded,1010,1051
kepler-483 b,1466,1460,6,398.84482324907697,399.8970678472347,1.002638230551887,excluded,1439,1484
kepler-51 b,344,350,6,5105.147413650206,4784.469767891462,1.0670246989354617,excluded,326,362
kepler-516 b,1024,1018,6,676.9299756641004,677.1640135229891,1.0003457342225968,excluded,1002,1042
kepler-518 b,1325,1319,6,480.90236960118256,482.13914207904037,1.0025717745555787,excluded,1304,1344
kepler-52 b,545,551,6,1406.7181063045775,1367.7437114234472,1.0284953932199539,excluded,528,571
kepler-520 b,2024,2018,6,194.257143251696,194.50734447902022,1.0012879898424123,excluded,2002,2035
kepler-533 b,473,467,6,1853.7683193368098,1848.1670882651918,1.0030306951720884,excluded,463,481
kepler-539 b,305,299,6,6487.447699251155,6487.447699251155,1.0,excluded,286,322
kepler-547 b,427,421,6,2519.981049054407,2517.949913004318,1.000806662610562,excluded,413,432
kepler-553 c,99,105,6,14554.580343699034,13819.509696917832,1.2040468738512247,excluded,69,153
kepler-585 b,922,916,6,773.6450430692325,776.5685503488049,1.0037788741823692,excluded,907,935
kepler-586 b,924,918,6,771.844124083978,771.2684679823832,1.0007463757763893,excluded,911,936
kepler-599 b,685,679,6,1080.6708141562303,1083.815410840288,1.002909856214182,excluded,662,701
kepler-619 b,1017,1011,6,680.0781501445504,679.6745872430998,1.000593758997357,excluded,993,1035
kepler-622 b,715,709,6,1022.2428807975216,1022.521294871811,1.0002723560902398,excluded,697,729
kepler-63 b,378,372,6,3855.2272708944456,3856.609466952133,1.000358525181673,excluded,365,384
kepler-657 b,721,715,6,1018.411069955103,1018.6275168030751,1.000212533871987,excluded,704,737
kepler-69 c,1732,1738,6,285.18293041710217,283.53008503976076,1.0058295237950132,excluded,1708,1750
kepler-697 b,474,468,6,1842.6245614777781,1847.1730492414788,1.0024684831944566,excluded,464,484
kepler-700 b,398,392,6,3260.217774041753,3265.006146345627,1.0014687277463485,excluded,384,400
kepler-705 b,539,533,6,1431.7985198737247,1435.480782875851,1.0025717745555787,excluded,519,555
kepler-712 c,399,393,6,3247.081206930609,3242.4037744477687,1.001442581741269,excluded,385,401
kepler-717 b,1015,1009,6,680.4186574117894,679.7758083736418,1.0009456780165296,excluded,992,1035
kepler-732 b,471,465,6,1874.1068985354832,1883.519619346863,1.0050225100919992,excluded,460,480
kepler-738 b,914,908,6,779.271124773906,779.5161853993163,1.000314474151062,excluded,898,927
kepler-742 b,490,484,6,1745.7640697791753,1746.4097504834442,1.0003698556497103,excluded,477,500
kepler-779 b,1513,1507,6,365.95603589841033,366.64277069760357,1.0018765500000768,excluded,1490,1526
kepler-79 c,1002,996,6,685.1107179755276,684.5997493061227,1.0007463757763901,excluded,982,1017
kepler-808 b,1571,1565,6,353.2454446099552,354.6188675631104,1.003888013204733,excluded,1548,1584
kepler-816 b,147,141,6,12183.192402417253,12171.241685014695,1.000981881529579,excluded,128,172
kepler-82 e,1186,1180,6,571.068634354731,572.9320453417998,1.0032630245735248,excluded,1165,1208
kepler-821 b,1896,1902,6,225.37114560715858,224.8720307008891,1.00221955084727,excluded,1877,1912
kepler-871 b,796,790,6,904.4608932749277,902.6228555253958,1.0020363297231842,excluded,774,813
kepler-885 b,1717,1711,6,287.5072177217964,287.5976313100137,1.000314474151062,excluded,1691,1732
kepler-887 c,2454,2460,6,64.59068491037102,64.35025775878914,1.0037362267060856,excluded,2447,2465
kepler-894 b,803,797,6,896.9579283576537,897.0663474890466,1.0001208742661893,excluded,786,819
kepler-901 b,1314,1308,6,482.69912637613464,484.467052971379,1.0036625850320406,excluded,1290,1335
kepler-912 b,1211,1217,6,534.4912779039582,533.6333083626329,1.0016077885841834,excluded,1198,1235
kepler-917 b,1239,1233,6,527.2022086234907,529.678535867121,1.004697110905692,excluded,1213,1258
kepler-920 b,1015,1009,6,680.4186574117894,679.7758083736418,1.0009456780165296,excluded,992,1035
kepler-929 b,2350,2344,6,99.26053427231192,99.31582133045852,1.0005569893266435,excluded,2336,2359
kepler-939 b,1569,1563,6,354.9097317981245,355.47664318425626,1.001597339648196,excluded,1546,1580
kepler-950 b,303,297,6,6497.8734873635,6500.176575291537,1.0003544371758724,excluded,285,321
kepler-969 b,1209,1215,6,536.3179280779209,534.423824450805,1.0035441975833737,excluded,1197,1234
kepler-975 b,1598,1592,6,326.38628300456566,326.5680766805618,1.0005569893266426,excluded,1575,1609
kepler-984 b,1410,1404,6,435.17533672644345,435.79139366051146,1.0014156522258413,excluded,1388,1426
kepler-994 b,945,939,6,738.9092751705507,736.2499361536352,1.0036120057691396,excluded,927,959
qatar-3 b,267,261,6,7822.64187530184,7822.64187530184,1.0,excluded,244,281
trappist-1 b,280,274,6,7225.913378678057,7351.038593985506,1.0960175954917586,excluded,250,308
trappist-1 f,299,305,6,6690.30947910336,6445.4448174781155,1.0379903433446895,excluded,280,323
wasp-100 b,275,269,6,7523.500959527862,7561.544980036974,2.6201781084898825,excluded,127,367
wasp-103 b,155,149,6,11930.108445754682,11929.61807748059,1.000041105110902,excluded,137,179
wasp-117 b,262,256,6,8023.915075157487,7954.238925651634,1.1719475736267297,excluded,222,291
wasp-47 e,1948,1954,6,218.38536283072526,210.16448880018288,1.0535734343690497,excluded,1926,1964
wasp-66 b,300,294,6,6647.5263260364445,6667.1050561504,1.026066973759124,excluded,277,320
wts-1 b,58,52,6,17688.190989217266,17685.204499272684,1.0001688694040662,excluded,41,71
xo-6 b,149,143,6,12120.837691645213,12120.837691645213,1.0,excluded,130,174
corot-1 b,45,40,5,18985.985377193254,18982.779766486565,1.0001688694040662,excluded,33,54
corot-13 b,260,255,5,8090.03418257927,8090.0912698161565,1.000007056488959,excluded,239,277
hat-p-1 b,122,117,5,13300.254769725374,13300.254769725374,1.0,excluded,104,144
hat-p-11 b,391,386,5,3335.6012580860747,3417.467519738267,1.4191619946085656,excluded,361,414
hat-p-28 b,136,131,5,12722.157785571364,12721.580930018335,1.0000453446435786,excluded,119,159
hat-p-37 b,44,39,5,19010.693367843996,19010.11171502066,1.0000305970228927,excluded,32,53
hat-p-38 b,249,244,5,8418.041410932763,8417.26766356263,1.0000919238167372,excluded,228,266
hat-p-5 b,135,140,5,12775.981997484587,12298.191691356551,1.103374140143558,excluded,107,178
hats-10 b,257,252,5,8102.696292314372,8102.696292314372,1.0,excluded,236,274
hats-11 b,165,160,5,11586.051995855072,11495.366872118217,1.2978373786956543,excluded,107,219
hats-26 b,270,265,5,7753.9380218588685,7753.9380218588685,1.0,excluded,246,284
hats-28 b,59,54,5,17670.684557266686,17670.68455726672,1.0000000000000018,excluded,42,72
hats-31 b,256,251,5,8104.216711937121,8104.216711937121,1.0,excluded,235,273
k2-10 b,583,578,5,1290.7515388707159,1306.2630743491936,1.0911506980795156,excluded,542,619
k2-33 b,466,461,5,1907.4269567777224,1932.2143324415986,1.0253187079663395,excluded,454,477
k2-39 b,1506,1501,5,372.9828231459918,374.6016777776681,2.900148383674119,excluded,1056,1947
k2-60 b,376,371,5,3918.4284843311466,3918.4284843311466,1.0,excluded,364,383
k2-99 b,479,474,5,1824.578679381392,1820.6918021030997,2.1888309075967736,excluded,404,624
kepler-1013 b,1035,1040,5,672.4838137957214,671.1545823978967,1.0019805145233094,excluded,1013,1063
kepler-1019 b,1474,1469,5,396.6830666693659,398.2253756706704,1.003888013204733,excluded,1448,1492
kepler-1038 b,521,516,5,1517.64950861559,1516.9317817909157,1.0004731437717174,excluded,504,535
kepler-1058 b,576,581,5,1306.8355150697528,1303.2041402964426,1.0027864972654892,excluded,560,598
kepler-1061 b,1710,1715,5,288.3271506559215,287.16773954451565,1.0040374002777779,excluded,1688,1734
kepler-1074 b,1438,1443,5,406.8111959998808,403.31385277200707,1.0086715177369592,excluded,1421,1464
kepler-1079 b,2273,2268,5,119.77460589275472,120.46758842809314,1.0057857216909476,excluded,2258,2283
kepler-108 c,630,635,5,1183.6149798170727,1167.880298489239,1.0134728544938962,excluded,613,653
kepler-1088 b,2171,2176,5,145.70232895527673,144.9779659433779,1.0049963662214831,excluded,2156,2183
kepler-1110 b,621,616,5,1207.8337890350558,1210.9884965476006,1.0026118722138622,excluded,600,637
kepler-1115 b,2403,2408,5,81.33950636661604,80.98012838654817,1.0044378539183394,excluded,2394,2415
kepler-112 b,1059,1054,5,664.833509904012,660.3966154294885,1.0067185300028196,excluded,1038,1075
kepler-1139 b,2205,2200,5,142.96690275256478,143.41149482136086,1.0031097551967363,excluded,2187,2213
kepler-1143 c,477,472,5,1831.1974599671273,1833.1431303734184,1.0010625126174684,excluded,467,486
kepler-115 c,1488,1483,5,387.3573419244945,390.4320190082125,1.0086945143460253,excluded,1464,1505
kepler-1154 c,1872,1867,5,229.40316132244635,228.41507093627266,1.004325854603742,excluded,1854,1878
kepler-119 b,517,512,5,1538.7145323334892,1544.0234941114124,1.0034502577745024,excluded,498,530
kepler-1192 b,1012,1017,5,680.9501010136024,678.0170976304023,1.004325854603742,excluded,990,1040
kepler-120 c,998,993,5,693.7973558155714,688.4512170915602,1.0225912715196364,excluded,976,1020
kepler-1204 b,947,942,5,734.8013092604169,735.3567000379156,1.0007558380347168,excluded,932,962
kepler-1237 b,838,833,5,845.8666547248004,846.8760906228204,1.0011933747386559,excluded,823,850
kepler-1238 b,2213,2208,5,142.3115096895964,142.61460772384999,1.0021298209464204,excluded,2198,2219
kepler-1239 b,1720,1725,5,286.7522182180226,286.1340325079719,1.002160476000119,excluded,1697,1742
kepler-1241 b,789,784,5,909.2060425272356,906.3675480187511,1.0031317256610623,excluded,769,804
kepler-1243 b,1692,1687,5,290.20176689015943,290.6653176783896,1.001597339648196,excluded,1668,1704
kepler-1249 b,1700,1695,5,289.04026408544627,289.9391085487523,1.0031097551967372,excluded,1674,1713
kepler-1256 b,2319,2314,5,100.77017853207795,100.66246116497031,1.0010700847750098,excluded,2306,2328
kepler-1268 b,1691,1686,5,290.5432007883864,290.8786891651888,1.0011546936080145,excluded,1668,1703
kepler-1272 b,1479,1474,5,394.83757645675485,396.47565074909585,1.0041487294776776,excluded,1455,1495
kepler-1275 b,2349,2344,5,99.260534272312,99.31582133045852,1.0005569893266426,excluded,2336,2359
kepler-129 b,2059,2064,5,180.9221323423946,176.7867047394442,1.0233921866977802,excluded,2043,2071
kepler-1291 b,1536,1531,5,360.62017483959386,361.08464996175627,1.0012879898424123,excluded,1508,1556
kepler-1294 b,788,783,5,909.6049483215066,907.0071738144006,1.002864116825208,excluded,768,804
kepler-132 c,2354,2349,5,98.34499234423507,99.01527154938447,1.006815590597671,excluded,2342,2366
kepler-1321 c,492,487,5,1717.838651975016,1719.6638772175145,1.0010625126174684,excluded,479,502
kepler-1323 b,2345,2350,5,99.43248839213983,98.8562037998041,1.0058295237950141,excluded,2335,2362
kepler-1337 b,682,677,5,1085.0103406385465,1085.0688705351954,1.0000539440910898,excluded,661,696
kepler-1350 b,469,464,5,1898.9776783176515,1895.9294246323104,1.0016077885841834,excluded,458,477
kepler-1365 c,2526,2521,5,48.17754459676823,48.6826488395465,1.0104842255246889,excluded,2511,2529
kepler-1376 b,2352,2357,5,98.95068419044418,98.26705802128286,1.0069568193342397,excluded,2342,2366
kepler-1381 b,1321,1326,5,481.773569367576,480.4875659581543,1.0026764551271108,excluded,1306,1345
kepler-1382 b,2320,2325,5,100.5236460775463,100.19167315392643,1.0033133783793575,excluded,2309,2341
kepler-1383 b,2417,2422,5,80.67197117941971,80.40555714479596,1.0033133783793575,excluded,2411,2428
kepler-1391 b,1997,2002,5,195.93125062972572,195.61674026784794,1.0016077885841834,excluded,1978,2016
kepler-1400 b,1515,1520,5,364.1274014780393,361.75425510301784,1.006560106319539,excluded,1492,1542
kepler-1401 b,1997,2002,5,195.93125062972572,195.61674026784794,1.0016077885841834,excluded,1978,2016
kepler-1410 b,941,936,5,739.9430760587427,738.0917113845447,1.0025083125113614,excluded,926,959
kepler-142 c,1425,1420,5,424.79508359296193,425.97258217535335,1.0027719213989768,excluded,1405,1442
kepler-142 d,1848,1843,5,243.3401317763051,242.9724777980986,1.0046737420280187,excluded,1832,1854
kepler-1449 b,1997,2002,5,195.93125062972572,195.61674026784794,1.0016077885841834,excluded,1978,2016
kepler-1464 c,2393,2388,5,81.8170522649436,82.21102763454567,1.0048153209959982,excluded,2386,2396
kepler-1465 b,1257,1262,5,521.799957351652,521.197903072091,1.0011551356519515,excluded,1243,1279
kepler-1483 b,2345,2350,5,99.43248839213983,98.8562037998041,1.0058295237950141,excluded,2335,2362
kepler-1485 b,2186,2181,5,144.14948952624138,144.4679295191016,1.0022090955292788,excluded,2167,2197
kepler-1490 b,712,707,5,1022.3665678878591,1023.9564510377377,1.0015551008804633,excluded,696,729
kepler-1493 b,2320,2325,5,100.5236460775463,100.19167315392643,1.0033133783793575,excluded,2309,2341
kepler-1498 b,1877,1882,5,227.42093871887624,226.10286667745928,1.0058295237950132,excluded,1858,1896
kepler-150 c,583,588,5,1290.7515388707159,1295.0733669716037,1.003348303659331,excluded,565,606
kepler-1501 b,2266,2261,5,120.46183061234692,120.76339577760008,1.0025034084549456,excluded,2251,2275
kepler-1504 b,1155,1160,5,579.7539642505075,579.9118637735118,1.0002723560902398,excluded,1141,1181
kepler-1515 b,379,374,5,3847.2244757220137,3847.169688607836,1.0000142408883963,excluded,367,385
kepler-1525 b,2466,2461,5,63.91604913756466,64.2079686751563,1.0045672337625773,excluded,2452,2472
kepler-153 b,791,796,5,906.165584941214,898.6877432612963,1.0083208452946972,excluded,773,817
kepler-1539 b,759,754,5,956.2262771575256,955.257329881406,1.0010143311606308,excluded,744,776
kepler-1542 d,2447,2452,5,65.40717304972576,64.76508509907256,1.0099141064922708,excluded,2444,2456
kepler-1543 b,1884,1879,5,226.6571409753929,226.2265215106298,1.0019034879813722,excluded,1862,1894
kepler-1545 b,759,754,5,956.2262771575256,955.257329881406,1.0010143311606308,excluded,744,776
kepler-1565 b,1931,1926,5,222.16343060498963,222.85430448783825,1.0031097551967363,excluded,1912,1938
kepler-1580 b,2420,2415,5,80.56480151847609,80.77199602509654,1.0025717745555787,excluded,2408,2427
kepler-1602 b,2392,2397,5,82.0334993986049,81.41503322725136,1.0075964615727324,excluded,2388,2405
kepler-1603 b,2404,2399,5,81.20067738579155,81.32230012556899,1.0014978044973641,excluded,2394,2410
kepler-1611 b,2483,2478,5,63.154697393406735,63.61755370698232,1.0073289293224277,excluded,2466,2487
kepler-1616 b,2518,2523,5,48.593675666997335,48.591865364956575,1.0000372552489427,excluded,2512,2526
kepler-1617 b,2407,2402,5,81.0502682981359,81.13638523085187,1.0010625126174684,excluded,2396,2415
kepler-1628 b,132,127,5,12838.777141074972,12822.95396245607,1.0012339729726263,excluded,114,156
kepler-1638 b,1603,1598,5,325.6059215789738,324.94422798914263,1.0020363297231833,excluded,1578,1615
kepler-1639 b,1459,1454,5,400.31164165974417,400.91123023696935,1.0014978044973641,excluded,1433,1478
kepler-165 c,993,988,5,703.7708350283693,703.3979531662022,1.0005301150799326,excluded,975,1007
kepler-166 c,825,820,5,864.798335788158,862.8174661733709,1.008539297407116,excluded,805,846
kepler-176 b,1950,1945,5,217.94478859201783,216.01777640618823,1.0089206185615305,excluded,1932,1953
kepler-176 d,1056,1051,5,667.4559150630546,665.5257436239553,1.0029002205513329,excluded,1035,1074
kepler-182 b,1428,1423,5,421.4698902434991,425.05291718212237,1.008501264317015,excluded,1406,1444
kepler-183 c,1339,1334,5,471.1467205686948,470.86186743480994,1.0089869464709944,excluded,1318,1359
kepler-187 b,2320,2315,5,100.5236460775463,100.65931159992061,1.00799628160216,excluded,2306,2341
kepler-188 c,1061,1056,5,658.5467035054679,655.515404128311,1.0046242992278538,excluded,1041,1076
kepler-196 c,999,994,5,692.7512988880657,688.1060162961785,1.0067508239746124,excluded,978,1015
kepler-201 b,1584,1579,5,334.02930474533116,335.99999652774517,1.0058997571602781,excluded,1564,1596
kepler-219 b,1592,1587,5,328.28083012310924,328.29295985896385,1.0027243161077548,excluded,1571,1602
kepler-221 d,776,771,5,932.9503043403101,927.2819461597163,1.0061128745189842,excluded,758,792
kepler-234 b,777,772,5,931.2976026198572,926.7998267474409,1.005972714155649,excluded,758,793
kepler-241 c,606,601,5,1230.9145975862855,1241.3268410339226,1.008458948710215,excluded,582,625
kepler-244 c,1199,1204,5,551.3517638423647,546.5746130888756,1.008740162164671,excluded,1188,1224
kepler-262 c,1693,1688,5,290.0326762793913,290.6087615873303,1.006548529539279,excluded,1666,1710
kepler-265 c,1325,1330,5,480.90236960118256,476.79676110566385,1.0086108145659338,excluded,1310,1349
kepler-265 d,1420,1415,5,429.1678113793517,427.3861988074469,1.0067570082927175,excluded,1394,1439
kepler-272 c,1657,1652,5,311.8750488563296,311.3489879995146,1.0060095669700304,excluded,1633,1667
kepler-285 b,1867,1862,5,231.2591990362134,230.6533144071723,1.0125907362603388,excluded,1850,1876
kepler-292 d,1136,1131,5,605.6985456355351,611.2550440470444,1.010243942742476,excluded,1116,1157
kepler-295 c,2215,2210,5,140.69809669363224,142.3612768675266,1.0118209145182393,excluded,2201,2221
kepler-30 c,109,104,5,14126.830116194848,14058.398081866037,1.004867697865028,excluded,89,125
kepler-304 b,534,529,5,1439.0926072822692,1453.4209522330586,1.0099565134851527,excluded,514,549
kepler-312 c,1492,1487,5,385.0211023591669,386.6639688368024,1.004266951778926,excluded,1469,1508
kepler-318 c,883,878,5,800.4981405260337,803.3499159402003,1.0035625009850648,excluded,867,891
kepler-323 b,2233,2228,5,123.98309899722587,127.50409594593889,1.1981033699916537,excluded,2211,2293
kepler-324 c,633,628,5,1179.1271259749485,1179.3300368906257,1.0001720856989949,excluded,613,649
kepler-325 b,989,984,5,712.2841145115132,705.9223568523238,1.0090119792884251,excluded,969,1005
kepler-326 d,2035,2040,5,192.03221874219432,191.37206049786224,1.003449606189193,excluded,2023,2047
kepler-335 c,1868,1863,5,231.1342109563254,229.94825372800204,1.0051574961283514,excluded,1851,1874
kepler-351 c,628,633,5,1184.563731315856,1170.1416804813953,1.0123250466802682,excluded,611,652
kepler-355 b,2150,2145,5,155.53413278703678,157.31282374411188,1.0114360168099599,excluded,2134,2157
kepler-358 c,936,931,5,753.2285717160551,748.4551741844174,1.0105041170443412,excluded,918,952
kepler-366 b,2141,2136,5,161.51567222483297,162.76310669774847,1.0077233029818868,excluded,2126,2148
kepler-372 c,1745,1740,5,280.49346573684426,283.36386485570813,1.0102333903263074,excluded,1724,1756
kepler-385 c,1135,1130,5,606.0218147343729,611.2842563393136,1.0086835844469513,excluded,1116,1157
kepler-399 d,1066,1061,5,650.8218823120989,647.8561822033066,1.004577713681308,excluded,1046,1080
kepler-437 b,867,862,5,831.2955809890298,830.5820587380716,1.0008590629227438,excluded,849,878
kepler-446 b,395,390,5,3284.684613373384,3275.916769140626,1.0026764551271117,excluded,383,398
kepler-479 b,1172,1177,5,573.6673506092073,574.4794640709897,1.0014156522258413,excluded,1158,1199
kepler-493 b,258,253,5,8097.158827044798,8094.858076029693,1.0002842237619851,excluded,237,275
kepler-502 b,588,593,5,1284.7129434599099,1282.0055968882302,1.0021118055788925,excluded,571,613
kepler-509 b,1535,1530,5,360.6201748395942,361.08464996175655,1.0012879898424123,excluded,1508,1556
kepler-512 b,1553,1548,5,359.1222733435729,359.0795562895676,1.0001189626456228,excluded,1528,1569
kepler-514 b,2282,2277,5,118.94999832067495,119.64780456574849,1.0058663829754106,excluded,2266,2290
kepler-517 b,1102,1097,5,621.4530524508734,622.5055041872984,1.001693533779059,excluded,1083,1125
kepler-541 b,1919,1924,5,223.4676343311981,223.1089223528098,1.0016077885841834,excluded,1903,1933
kepler-548 b,92,87,5,14893.236954931526,14884.223125280627,1.0006055962461078,excluded,76,105
kepler-554 b,478,473,5,1826.1163967960958,1823.525136058706,1.0014210172846811,excluded,468,488
kepler-576 b,763,758,5,954.8360272537385,953.0701357966216,1.0018528452322566,excluded,748,779
kepler-580 b,567,562,5,1349.0174874425868,1352.3189167810567,1.0024472843155863,excluded,544,585
kepler-583 b,1250,1245,5,524.3434581283768,526.4531563303174,1.0040235043829306,excluded,1227,1270
kepler-591 b,677,672,5,1087.588837419876,1090.728129727942,1.0028864697761275,excluded,654,692
kepler-595 b,484,489,5,1768.1056507529588,1710.6689047463042,1.079647521196155,excluded,469,508
kepler-6 b,215,220,5,9531.735692272723,9259.925350555017,1.029353405284354,excluded,196,239
kepler-610 b,644,639,5,1154.2313878866732,1153.038964055267,1.0010341574470414,excluded,626,661
kepler-616 c,705,700,5,1034.928296756914,1036.425557711817,1.0014467291691558,excluded,685,721
kepler-625 c,2315,2320,5,101.02289361413732,100.32495105493172,1.0069568193342397,excluded,2306,2334
kepler-636 b,421,416,5,2594.822184819831,2594.8536728362888,1.0000121349419016,excluded,408,426
kepler-637 b,1700,1705,5,289.04026408544627,288.7221566552164,1.0011017769952784,excluded,1680,1717
kepler-642 b,1799,1794,5,256.5015033697213,255.948532707541,1.002160476000119,excluded,1774,1812
kepler-646 b,1447,1452,5,403.14732527699,401.04785018153467,1.0052349740673214,excluded,1425,1476
kepler-654 b,1677,1682,5,292.68742378020755,291.65374528100074,1.0035441975833737,excluded,1660,1691
kepler-659 b,757,752,5,956.8698033198943,957.1707141389703,1.000314474151062,excluded,741,773
kepler-663 b,842,837,5,843.4412318733677,843.1247061279003,1.0003754198437869,excluded,827,855
kepler-670 b,93,88,5,14867.940590995637,14863.916460251176,1.0002707315232309,excluded,77,107
kepler-676 b,401,396,5,3222.9456694473997,3227.957675095643,1.0015551008804633,excluded,387,403
kepler-704 b,1105,1110,5,620.6917011563945,619.8853506406348,1.0013008058908415,excluded,1089,1132
kepler-732 c,1075,1070,5,635.839913577415,639.2409717289271,1.005348922077535,excluded,1054,1094
kepler-734 b,488,483,5,1751.3445587189187,1746.9626304959636,1.0025083125113623,excluded,476,499
kepler-74 b,261,266,5,8051.940010967414,7740.362884303185,3.4369633995102555,excluded,83,374
kepler-78 b,1939,1944,5,220.5329195207532,216.48930453550238,1.0220706741537893,excluded,1923,1953
kepler-786 b,792,787,5,906.0717522679023,904.3195759870732,1.0019375631439986,excluded,773,811
kepler-79 d,424,419,5,2545.918766174118,2536.161471559424,1.003847268686995,excluded,410,429
kepler-804 c,2347,2352,5,99.43248839213975,98.85620379980402,1.0058295237950141,excluded,2335,2362
kepler-818 b,422,417,5,2588.574051797973,2587.253422078696,1.0005104369398092,excluded,409,427
kepler-819 b,735,730,5,971.8667839496874,973.6905405631828,1.0018765500000768,excluded,719,749
kepler-827 b,403,398,5,3206.4997651528442,3210.0132831037304,1.0010957487005208,excluded,389,404
kepler-851 b,1593,1588,5,328.13399759441967,327.6072743586105,1.0016077885841834,excluded,1571,1602
kepler-856 b,250,245,5,8392.606295200207,8386.346929000005,1.0007463757763893,excluded,229,267
kepler-865 b,1130,1125,5,613.5314883849425,614.3217107099824,1.0012879898424123,excluded,1113,1149
kepler-870 b,1099,1094,5,622.8874502483702,622.9627413118376,1.0001208742661893,excluded,1082,1117
kepler-875 b,1177,1182,5,573.6673506092068,572.4306279757321,1.002160476000119,excluded,1163,1203
kepler-877 b,1172,1177,5,573.6673506092073,574.4794640709897,1.0014156522258413,excluded,1158,1199
kepler-878 b,1245,1240,5,525.753298741933,526.8730591302432,1.0021298209464204,excluded,1224,1269
kepler-882 b,2114,2119,5,168.44317848944186,167.62721982935793,1.004867697865028,excluded,2091,2134
kepler-898 b,1304,1309,5,484.8712856735986,484.3529869165687,1.0010700847750098,excluded,1286,1330
kepler-899 b,963,958,5,726.807801008299,727.377106422529,1.0007832956848293,excluded,944,979
kepler-905 b,1889,1894,5,226.17820367447908,225.4312645963344,1.0033133783793575,excluded,1868,1906
kepler-93 b,1947,1942,5,218.3864323578178,216.915541741208,1.0067809369711491,excluded,1930,1953
kepler-931 b,1877,1882,5,227.42093871887624,226.10286667745928,1.0058295237950132,excluded,1858,1896
kepler-932 b,1930,1925,5,222.26324569105176,223.0773037278928,1.0036625850320415,excluded,1908,1938
kepler-936 b,1934,1929,5,221.36347820799375,222.60187373087365,1.0055943985561897,excluded,1914,1941
kepler-937 b,912,907,5,780.3026266830057,779.7206620684876,1.0007463757763893,excluded,897,925
kepler-942 b,1026,1021,5,676.2250239017916,676.4091979054238,1.0002723560902398,excluded,1005,1044
kepler-953 b,513,518,5,1547.3338816447927,1516.5845485592185,2.0622252490444044,excluded,437,711
kepler-988 b,590,595,5,1283.802687218205,1279.2687061613424,1.0035441975833737,excluded,571,614
kepler-992 b,1442,1447,5,404.55644824550603,401.91981154981016,1.006560106319539,excluded,1422,1470
kepler-995 b,759,754,5,956.2262771575256,955.257329881406,1.0010143311606308,excluded,744,776
wasp-113 b,259,254,5,8090.147880510616,8090.147880510616,1.0,excluded,238,276
wasp-14 b,198,193,5,10137.210585433568,10237.847691067864,1.3336124179922815,excluded,140,252
wasp-153 b,248,243,5,8458.19615849181,8458.19615849181,1.0,excluded,226,265
wasp-2 b,60,65,5,17636.700944531465,16418.072407342366,1.0822115914446218,excluded,41,89
wasp-36 b,43,38,5,19081.232419783737,19123.877254157407,1.1930748120317716,possible,20,76
wasp-46 b,26,31,5,21503.565828749983,19727.324157567098,1.4222321544339187,possible,11,76
wasp-5 b,146,151,5,12295.941507625723,11757.685941289503,1.287939796129765,excluded,101,212
wasp-58 b,100,95,5,14446.943476477907,14476.346723981002,1.1846195032654985,excluded,66,144
wasp-84 b,72,67,5,16711.10517914226,16339.54486296919,1.086608933225293,excluded,47,93
wasp-89 b,95,90,5,14716.613936188294,14716.613936188294,1.0,excluded,80,111
corot-14 b,245,241,4,8550.446974221388,8553.512524776204,1.000358525181673,excluded,224,262
corot-21 b,356,352,4,4707.106842483948,4682.998780483326,1.0051479966428973,excluded,342,367
corot-24 c,412,408,4,2758.1317858011566,2834.757615265009,1.0277817868813672,excluded,399,416
corot-28 b,406,402,4,3033.0062227727485,3033.0062227727485,1.0,excluded,394,408
corot-29 b,188,184,4,10536.74725608747,10536.74725608747,1.0,excluded,169,214
hat-p-24 b,221,217,4,9370.833135487934,9350.505599027429,1.2029016921331988,excluded,174,262
hat-p-40 b,306,302,4,6480.190197249949,6468.301854730719,1.6749914198983336,excluded,230,357
hat-p-42 b,277,273,4,7359.387127962282,7375.181266686604,1.0074032701788038,excluded,258,293
hat-p-53 b,139,135,4,12522.319535167862,12522.319535167862,1.0,excluded,121,161
hat-p-57 b,222,218,4,9349.930192150807,9320.980567576467,2.306614998029118,excluded,89,330
hats-12 b,374,378,4,3931.7831072704153,3689.134961149467,13.567213417713448,excluded,95,721
hats-13 b,38,34,4,19672.726888510075,19672.726888510075,1.0,excluded,27,47
hats-7 b,347,343,4,5028.148957077481,5028.148957077481,1.0,excluded,328,356
k2-28 b,331,335,4,5443.30009616237,5442.066178463735,1.0002267369888882,excluded,315,345
k2-30 b,66,70,4,17021.180424044807,15968.082386175645,1.6471214305493649,possible,19,155
k2-31 b,40,36,4,19459.383985765744,19459.383985765744,1.0,excluded,29,48
k2-95 b,324,328,4,5926.920331549204,5742.603474301052,1.5110923288112559,excluded,263,363
kelt-11 b,417,413,4,2673.067274674335,2653.799112446463,1.0529514346743294,excluded,402,425
kepler-1009 b,609,613,4,1220.5633109575517,1215.465344843586,1.004194250486526,excluded,592,631
kepler-1015 b,1623,1619,4,323.19745887395834,322.605955778891,1.0018335157317204,excluded,1595,1639
kepler-1017 b,1386,1390,4,441.07055101317945,438.7735826863905,1.0052349740673214,excluded,1361,1415
kepler-1031 b,2497,2501,4,51.10456816488854,50.60288576658243,1.0099141064922708,excluded,2495,2501
kepler-1032 b,1148,1152,4,582.9385919956829,581.753949137475,1.0020363297231833,excluded,1136,1174
kepler-1033 b,1096,1092,4,624.6359053892311,624.2299655882904,1.0006503048929383,excluded,1080,1113
kepler-104 b,1373,1369,4,443.6071770712404,442.8659726403599,1.0046470802975782,excluded,1347,1397
kepler-1076 b,2364,2360,4,96.99733914889877,98.01428112783056,1.0104842255246889,excluded,2350,2372
kepler-1077 b,1119,1115,4,617.8742919517888,618.4890556663216,1.000994965679169,excluded,1102,1138
kepler-1080 b,1037,1041,4,672.242282392876,670.5088793174319,1.0025852052506874,excluded,1017,1064
kepler-1093 c,1911,1915,4,224.08880883172156,223.72909973921125,1.0016077885841834,excluded,1892,1926
kepler-1097 b,541,537,4,1429.6784079358167,1428.0842913417778,1.0011162622568597,excluded,522,558
kepler-110 c,1659,1655,4,309.2027404623809,310.25394645155467,1.0033997305056281,excluded,1637,1670
kepler-111 c,393,397,4,3318.5820629289015,3210.171613875235,1.0890161529721598,excluded,380,405
kepler-1124 b,629,625,4,1184.563731315855,1188.5978208022148,1.003405548709379,excluded,611,644
kepler-1160 b,1300,1304,4,485.28099564364015,484.8644665578643,1.0008590629227438,excluded,1282,1327
kepler-1161 b,636,632,4,1170.7496951208313,1171.0685559304438,1.0002723560902398,excluded,616,652
kepler-1164 b,2104,2100,4,168.8310728422925,168.56006389581162,1.0016077885841834,excluded,2084,2119
kepler-117 c,350,346,4,4954.421566943989,4952.0206520465235,1.4239748353568522,excluded,303,376
kepler-1180 b,1794,1798,4,256.88388739756516,255.54611013798794,1.0052349740673214,excluded,1769,1817
kepler-1184 b,1246,1250,4,525.6961656170605,526.1079411551195,1.0007832956848293,excluded,1229,1269
kepler-1193 b,2330,2334,4,100.20740987211396,99.80445932033066,1.004037400277777,excluded,2315,2351
kepler-120 b,551,555,4,1382.793345846951,1359.4624934878632,1.01716182128661,excluded,530,576
kepler-122 b,1658,1654,4,309.22847144125046,310.5541873460249,1.008897642480122,excluded,1635,1670
kepler-122 e,1495,1491,4,381.03324664851687,383.4002312913888,1.0069676617790024,excluded,1475,1512
kepler-1254 c,1834,1830,4,252.0577263607342,251.96313440017786,1.000375419843786,excluded,1815,1843
kepler-1254 d,1800,1796,4,256.42228122414485,255.85439937523378,1.00221955084727,excluded,1774,1813
kepler-1274 b,2541,2545,4,36.09063613443371,35.911210574944484,1.0049963662214831,excluded,2539,2546
kepler-1277 b,1819,1815,4,254.5675149335215,253.6513248846881,1.0036120057691396,excluded,1793,1830
kepler-1278 b,2475,2479,4,63.42720925558009,63.57693595624926,1.002360606787315,excluded,2466,2484
kepler-1305 b,1624,1628,4,322.6878847176792,321.6222285791842,1.0033133783793575,excluded,1599,1647
kepler-1315 b,1740,1736,4,283.3963541997287,283.92816162822396,1.0018765500000768,excluded,1716,1750
kepler-1316 b,849,845,4,838.773464607678,837.805685391075,1.0011551356519515,excluded,833,866
kepler-1329 b,861,865,4,832.936399349104,829.4574470482692,1.004194250486526,excluded,845,879
kepler-133 c,1588,1584,4,329.818893400608,333.10394479799254,1.009960167422533,excluded,1566,1598
kepler-1334 b,1228,1224,4,529.5221275321048,531.0812936887921,1.0029444778142778,excluded,1205,1250
kepler-1346 b,2202,2206,4,143.07839095572382,142.9934872860844,1.0005937589973561,excluded,2191,2213
kepler-1358 b,2104,2100,4,168.8310728422925,168.56006389581162,1.0016077885841834,excluded,2084,2119
kepler-1359 b,583,587,4,1290.7515388707159,1295.629126536808,1.0037788741823692,excluded,565,606
kepler-1388 b,524,520,4,1511.022226100736,1511.8638493529938,1.0005569893266426,excluded,506,539
kepler-1398 b,2520,2516,4,48.43089804579134,48.78584467459065,1.0073289293224277,excluded,2509,2528
kepler-1408 b,2542,2538,4,36.08221652962519,36.44897340170588,1.0101644773341338,excluded,2537,2544
kepler-141 b,2451,2455,4,64.89866440057726,64.4646369595007,1.0221712313226154,excluded,2444,2472
kepler-141 c,1768,1764,4,268.03621124442355,269.1916503658544,1.010977106452788,excluded,1749,1774
kepler-1424 b,2360,2356,4,97.6367819371404,98.56466440442307,1.0095034109981222,excluded,2346,2371
kepler-1454 b,1451,1455,4,402.0945843101853,400.76669261570584,1.0033133783793575,excluded,1427,1478
kepler-1479 b,1682,1678,4,291.49400025717216,292.43062505756046,1.0032131872339118,excluded,1660,1692
kepler-1480 b,1565,1561,4,356.54065818076225,356.4804595379988,1.0001688694040662,excluded,1544,1577
kepler-1488 b,2098,2094,4,169.19212597677665,169.065939255104,1.0007463757763901,excluded,2076,2108
kepler-1505 b,2355,2359,4,98.14447248132323,98.0712744577082,1.000746375776391,excluded,2349,2368
kepler-1506 b,2093,2097,4,169.63078829201297,168.94867486518223,1.004037400277777,excluded,2075,2111
kepler-1516 b,1915,1911,4,223.96915121333288,224.32690601853872,1.001597339648196,excluded,1892,1925
kepler-1519 b,346,342,4,5050.156968893996,5047.768648596834,1.0004731437717191,excluded,327,355
kepler-153 c,1018,1022,4,679.4279798660832,674.6587511542066,1.0070690978271866,excluded,996,1044
kepler-154 c,959,955,4,728.8162709563148,728.3643843631144,1.0033834920308633,excluded,940,979
kepler-1547 b,2520,2516,4,48.43089804579134,48.78584467459065,1.0073289293224277,excluded,2509,2528
kepler-1548 b,1098,1102,4,623.7163090392688,621.2082427076037,1.004037400277777,excluded,1082,1125
kepler-1563 b,2525,2529,4,48.259829030279235,48.131008545684125,1.0026764551271108,excluded,2520,2529
kepler-1568 b,2332,2328,4,100.12179300749459,100.08421940547994,1.000375419843786,excluded,2318,2345
kepler-1571 b,2317,2321,4,100.86831802111391,100.28371173728904,1.0058295237950141,excluded,2306,2334
kepler-159 b,678,682,4,1087.152361518814,1080.6863892728463,1.0122496601976003,excluded,655,705
kepler-1593 b,543,539,4,1423.3050278171534,1421.3790125624585,1.0013550328502618,excluded,524,559
kepler-1614 b,1626,1622,4,322.6878847176789,322.3429504340877,1.0010700847750098,excluded,1600,1641
kepler-1615 b,1620,1616,4,323.56654431029267,322.796388461718,1.0023858874389668,excluded,1593,1634
kepler-1622 b,2422,2418,4,80.36494207187435,80.54247590611601,1.002209095529278,excluded,2413,2428
kepler-1634 b,687,683,4,1080.4788484733062,1077.3930688574294,1.002864116825208,excluded,665,705
kepler-164 c,1336,1332,4,474.3408579496591,474.25764719694405,1.007163553630615,excluded,1317,1357
kepler-1640 b,764,760,4,952.7334185782065,952.7848129165226,1.0000539440910898,excluded,749,781
kepler-1644 b,1451,1455,4,402.0945843101853,400.76669261570584,1.0033133783793575,excluded,1427,1478
kepler-1645 b,1805,1801,4,256.0356664563124,255.39505584240288,1.0025083125113623,excluded,1779,1818
kepler-1646 b,470,466,4,1886.0154112227592,1876.8793297165828,1.004867697865028,excluded,460,480
kepler-172 e,1202,1206,4,546.6750659716988,542.664625422926,1.011174658413786,excluded,1190,1228
kepler-173 b,2153,2149,4,154.40275065014617,154.96007582213318,1.0036095546850057,excluded,2138,2163
kepler-175 c,888,884,4,792.5439468800473,790.0479755679837,1.003159265499376,excluded,871,901
kepler-176 c,984,980,4,715.9826843979957,714.1083517559938,1.0026247174359366,excluded,965,1003
kepler-178 c,1132,1128,4,607.862363103609,612.1296140285049,1.008017694002172,excluded,1115,1155
kepler-18 b,1763,1759,4,273.2466491245331,273.2456740280729,1.0000035685705315,excluded,1744,1770
kepler-183 b,1489,1485,4,387.07911794932494,387.7718218180754,1.0065755835527996,excluded,1466,1508
kepler-184 c,1413,1417,4,431.2145369329709,427.04809548982007,1.0097563751885417,excluded,1393,1439
kepler-191 b,1849,1845,4,243.11674489290112,241.8958484245899,1.0101521903157362,excluded,1831,1857
kepler-194 d,1348,1344,4,463.8032269701866,459.7773545369663,1.0109009057273426,excluded,1325,1367
kepler-196 b,1275,1279,4,500.51281344662766,495.06989772584575,1.0109942368659142,excluded,1260,1296
kepler-200 b,1414,1418,4,430.4850338894952,426.9608385496726,1.0088034249850972,excluded,1394,1439
kepler-204 c,2070,2066,4,175.42971498168532,175.32247668218386,1.0070933369609147,excluded,2054,2078
kepler-206 c,2050,2046,4,185.74914095118135,187.10382092516582,1.0096215261775907,excluded,2031,2057
kepler-216 b,1677,1681,4,292.68742378020755,291.72084224869303,1.0033133783793566,excluded,1660,1691
kepler-228 b,2037,2041,4,191.0476200848879,190.93246351956327,1.0153235720160796,excluded,2022,2047
kepler-228 c,1139,1143,4,599.9262987754305,594.5993673619618,1.00895885819237,excluded,1126,1164
kepler-230 c,1261,1257,4,519.0648663156483,522.8643674985867,1.0073949539683633,excluded,1241,1280
kepler-231 b,700,696,4,1040.7725861114986,1045.3768314787217,1.004423872639099,excluded,682,718
kepler-236 b,884,880,4,794.0032534383489,794.7522700996582,1.0009433420556726,excluded,870,892
kepler-244 b,731,727,4,996.3153077334215,990.7404575052518,1.009404713014062,excluded,716,746
kepler-249 b,1415,1411,4,430.2962453668707,428.8760001698018,1.0134151459835659,excluded,1392,1439
kepler-254 c,1340,1336,4,469.0576631426259,468.1305238413537,1.0019805145233094,excluded,1319,1359
kepler-256 c,1870,1866,4,229.83825493988667,229.0314650605933,1.003522615895069,excluded,1853,1877
kepler-256 d,1664,1660,4,304.51199570092825,304.7344776005781,1.0038133436941283,excluded,1640,1674
kepler-259 b,877,873,4,813.0206216116881,815.3352404422598,1.006074261478351,excluded,861,888
kepler-264 b,1490,1486,4,386.8619932204871,387.0774712215946,1.0005569893266426,excluded,1468,1506
kepler-266 c,626,622,4,1195.8895280971221,1200.8418027176886,1.0041410803458128,excluded,608,640
kepler-275 c,1271,1275,4,504.6174631086969,500.9124946902895,1.0073964384152527,excluded,1257,1293
kepler-281 c,410,406,4,2922.6595388996416,2925.785499458389,1.0033836383252197,excluded,397,412
kepler-285 c,2142,2138,4,160.59666599737048,161.13361416370952,1.006572379684103,excluded,2128,2150
kepler-290 c,661,665,4,1117.5763648298328,1107.4464243646853,1.0091471156006113,excluded,643,681
kepler-291 b,1500,1496,4,377.2426937158808,379.04686659067517,1.011006113305694,excluded,1479,1517
kepler-299 c,1198,1202,4,553.1668160760184,552.9745931444033,1.0074394396132655,excluded,1184,1221
kepler-304 d,572,568,4,1328.4357362878616,1343.7693715172502,1.0115426247657537,excluded,552,591
kepler-306 d,732,728,4,983.7549521501423,989.7122602891917,1.0060556829991338,excluded,717,746
kepler-312 b,2455,2451,4,64.48631702612654,64.84731776682516,1.0055980982842043,excluded,2445,2460
kepler-315 b,666,662,4,1099.811962114693,1108.4038155013213,1.0078121112359137,excluded,644,681
kepler-330 c,1125,1129,4,615.3753084978866,611.7410892627149,1.0059407800112818,excluded,1109,1151
kepler-334 d,2168,2164,4,146.11005278857957,146.17346583576088,1.0070746248601874,excluded,2155,2177
kepler-353 b,1774,1770,4,263.0393585009678,261.51208594973934,1.0263917594980294,excluded,1752,1788
kepler-357 c,822,826,4,866.371768868949,859.5343670696268,1.0113716759779752,excluded,805,846
kepler-362 c,1581,1577,4,338.23690410600267,338.2473741419744,1.011188793319762,excluded,1561,1594
kepler-363 d,2145,2141,4,158.941096733982,159.81871677095302,1.0079705076135574,excluded,2129,2153
kepler-364 b,2237,2241,4,122.47425216365355,122.2098393899183,1.0103726771857806,excluded,2226,2253
kepler-368 c,1660,1656,4,309.1405829109324,309.715997204216,1.0018613353441512,excluded,1637,1670
kepler-369 c,933,929,4,757.2720662636705,751.5696525685012,1.007587338945474,excluded,918,950
kepler-370 c,1501,1497,4,375.94073543324475,377.7065707615421,1.004697110905692,excluded,1480,1517
kepler-373 b,1945,1941,4,218.63451895745004,217.2387140489255,1.0174853937842923,excluded,1927,1953
kepler-373 c,2055,2059,4,183.98988512224193,180.5937752603956,1.0188052431870895,excluded,2040,2068
kepler-374 d,2073,2069,4,174.1788832128746,173.41180624248454,1.0044234414427207,excluded,2057,2082
kepler-377 b,2296,2300,4,108.85046076968635,108.15325369997181,1.0066897950313232,excluded,2291,2304
kepler-379 b,2223,2219,4,134.48919753938586,135.48856612754662,1.0074308465396864,excluded,2212,2228
kepler-396 b,773,777,4,936.1884350129505,914.3178166629582,1.0539597229405226,excluded,751,814
kepler-398 c,1873,1869,4,229.3675161900256,227.66413680407106,1.0122441355868381,excluded,1853,1886
kepler-40 b,404,400,4,3179.209001489593,3177.0130662253587,1.0006911949112136,excluded,390,405
kepler-403 c,2173,2169,4,144.96143435137364,145.41156880664923,1.0031052014440234,excluded,2158,2183
kepler-42 c,515,511,4,1540.4068220404702,1546.3959441052243,1.003888013204733,excluded,498,529
kepler-430 b,1453,1449,4,401.8367487385443,401.6859478627466,1.000375419843786,excluded,1429,1472
kepler-431 d,2379,2383,4,86.60274847451439,86.65098528107269,1.0005569893266435,excluded,2376,2386
kepler-445 d,408,404,4,2997.119219509324,2971.353078585601,1.0086715177369592,excluded,396,410
kepler-446 d,418,414,4,2634.186814021867,2653.492583003909,1.0073289293224295,excluded,406,421
kepler-466 b,1121,1117,4,616.5884680033918,617.8512737487752,1.00204805281142,excluded,1103,1144
kepler-468 b,37,33,4,19713.42025280156,19717.233446404472,1.000193431355595,excluded,26,46
kepler-475 b,864,860,4,832.0670593959549,833.1387533166628,1.0012879898424123,excluded,845,876
kepler-507 b,2402,2398,4,81.3719416195552,81.34140444220617,1.000375419843786,excluded,2393,2407
kepler-526 b,1794,1798,4,256.88388739756516,255.54611013798794,1.0052349740673214,excluded,1769,1817
kepler-54 b,519,523,4,1521.506303779032,1479.3515982756012,1.0284953932199539,excluded,503,543
kepler-546 b,405,401,4,3102.2733456229275,3107.2287298374326,1.001597339648196,excluded,393,406
kepler-561 b,358,354,4,4598.68916770578,4597.646711134517,1.00022673698889,excluded,345,369
kepler-564 b,451,447,4,2123.396080722571,2124.0226900080347,1.000295097693338,excluded,441,460
kepler-568 b,518,514,4,1530.5853863915754,1524.8880589021142,1.0037362267060856,excluded,501,532
kepler-573 b,1089,1085,4,627.9208637299877,627.4525483470678,1.0007463757763893,excluded,1069,1110
kepler-604 b,1224,1228,4,529.9758415798698,530.2710324670082,1.0005569893266426,excluded,1207,1249
kepler-613 b,1333,1329,4,475.7999932826999,477.20097580695426,1.0029444778142778,excluded,1315,1352
kepler-619 c,2016,2020,4,194.9909700398104,194.40179745083105,1.0030306951720875,excluded,1995,2033
kepler-624 b,1635,1631,4,321.1271233548753,321.39030341738675,1.0008195510231648,excluded,1610,1652
kepler-643 b,558,554,4,1361.9522346147996,1363.1986859948695,1.0009151946363393,excluded,537,576
kepler-65 c,1741,1745,4,283.3074277160905,280.7850696554277,1.0226373318321313,excluded,1708,1759
kepler-650 b,1448,1444,4,402.94602840069837,403.17046503773065,1.0005569893266426,excluded,1425,1466
kepler-673 b,345,341,4,5075.573254144435,5083.581013441271,1.0015777053932375,excluded,326,354
kepler-674 b,942,938,4,739.4532908157915,737.2190047373622,1.0030306951720884,excluded,926,959
kepler-675 b,812,808,4,890.2193361747571,887.6258680265668,1.0029218032524856,excluded,794,828
kepler-678 b,416,412,4,2680.705770631283,2675.5697539597672,1.0019195973732005,excluded,404,420
kepler-685 b,291,287,4,6978.057968787722,6976.3487246084605,1.0002450055532963,excluded,271,308
kepler-691 b,529,525,4,1458.1172322864109,1465.2960808225962,1.0049233685585957,excluded,511,545
kepler-692 b,672,668,4,1093.1234183509139,1096.722365224188,1.003292351817605,excluded,649,687
kepler-711 b,519,515,4,1521.506303779032,1523.7075113297633,1.0014467291691558,excluded,502,533
kepler-716 b,642,638,4,1161.7612470177583,1159.256700737837,1.002160476000119,excluded,625,657
kepler-729 b,581,585,4,1294.8073149700722,1297.9444122791401,1.002422829461031,excluded,564,605
kepler-744 b,1802,1806,4,256.1395664923565,254.47021482792934,1.006560106319539,excluded,1776,1824
kepler-747 b,380,376,4,3825.719048109339,3828.290181203547,1.0006720653194539,excluded,368,387
kepler-750 b,1254,1258,4,522.8745039315379,522.4435268103122,1.000824925755817,excluded,1241,1275
kepler-756 b,2104,2100,4,168.8310728422925,168.56006389581162,1.0016077885841834,excluded,2084,2119
kepler-760 b,679,675,4,1086.9110536317562,1086.8705619984005,1.0000372552489427,excluded,659,694
kepler-799 b,359,355,4,4592.798668696905,4589.694763279654,1.000676277089728,excluded,346,370
kepler-809 b,885,881,4,793.8875137419261,791.1405852918881,1.0034721116589216,excluded,871,898
kepler-82 c,409,405,4,2985.237688211907,2965.5323446881744,1.2345200224547936,excluded,383,420
kepler-824 b,1973,1977,4,197.43304503159362,197.0318232734487,1.0020363297231842,excluded,1960,1987
kepler-828 b,1616,1620,4,323.8863530817918,322.51154718861375,1.0042628113788872,excluded,1589,1639
kepler-829 b,1477,1473,4,395.80273676177677,396.8206521692091,1.0025717745555787,excluded,1453,1494
kepler-832 b,1392,1388,4,440.4100186445652,439.36175096178295,1.0023858874389668,excluded,1367,1413
kepler-843 b,1224,1228,4,529.9758415798698,530.2710324670082,1.0005569893266426,excluded,1207,1249
kepler-87 b,357,353,4,4657.303362407213,4607.379099064465,1.0108357185873604,excluded,344,368
kepler-888 b,1641,1637,4,320.64232483370404,320.71047218852357,1.000212533871986,excluded,1615,1655
kepler-891 b,407,403,4,3011.1408107570296,3009.686970507862,1.0004830536409315,excluded,395,409
kepler-911 b,2200,2204,4,143.21100081100283,143.15725673604203,1.0003754198437869,excluded,2189,2211
kepler-924 b,1254,1258,4,522.8745039315379,522.4435268103122,1.000824925755817,excluded,1241,1275
kepler-925 b,815,811,4,887.8388443155034,885.8078943756249,1.002292765680656,excluded,798,831
kepler-928 b,1411,1407,4,433.59790137091414,432.68415655520215,1.0021118055788933,excluded,1391,1428
kepler-940 b,725,721,4,1015.3052336475615,1015.1338086062547,1.0001688694040662,excluded,708,739
kepler-945 b,1118,1122,4,618.4417761902762,616.5110327686266,1.0031317256610623,excluded,1102,1144
kepler-952 b,348,344,4,5000.4020311605245,5007.550129092977,1.001429504645408,excluded,329,357
kepler-955 b,641,637,4,1162.4021303303655,1164.401959023812,1.0017204275880656,excluded,624,656
kepler-957 b,360,356,4,4515.928115990796,4509.991015151111,1.0013164329639992,excluded,348,371
kepler-958 b,1318,1322,4,482.3311453516735,481.18309664554374,1.0023858874389668,excluded,1302,1344
kepler-964 b,1212,1216,4,533.4228298394289,534.1779710558056,1.0014156522258413,excluded,1199,1235
kepler-967 c,489,485,4,1749.6927365436761,1745.736046275039,1.002266488268418,excluded,476,500
kepler-976 b,467,463,4,1905.8985902653562,1909.0047612397511,1.0016297671818744,excluded,455,476
kepler-979 b,798,794,4,903.1563198210324,900.6466703369665,1.0027864972654892,excluded,777,814
kepler-980 b,1217,1221,4,531.1886005462964,532.0881863843725,1.001693533779059,excluded,1201,1241
trappist-1 d,383,379,4,3654.039881771573,3664.9896172195067,1.0805902388089852,excluded,370,388
wasp-101 b,138,134,4,12588.25023726187,12555.558804249933,1.060710872138599,excluded,111,169
wasp-105 b,151,147,4,11988.476878037298,11988.476878037298,1.0,excluded,134,176
wasp-118 b,272,268,4,7595.910713270621,7595.910713270621,1.0,excluded,250,287
wasp-126 b,323,327,4,6020.625129400591,5747.345012314813,1.047548931985155,excluded,301,339
wasp-133 b,276,272,4,7439.646825635451,7439.646825635451,1.0,excluded,257,290
wasp-135 b,41,37,4,19321.94321049026,19321.94321049026,1.0,excluded,30,50
wasp-141 b,253,249,4,8219.32530110164,8219.32530110164,1.0,excluded,233,271
wasp-156 b,354,358,4,4744.819877611415,4457.8190113978635,1.3159827734825806,excluded,323,380
wasp-48 b,211,215,4,9595.407158368129,9496.74784737896,1.5205907618081174,excluded,140,284
wasp-74 b,213,209,4,9533.84448334864,9665.129798085414,1.755021282233093,excluded,120,295
wasp-92 b,140,136,4,12506.893132836916,12506.893132836916,1.0,excluded,122,162
corot-22 b,512,509,3,1547.5951340136762,1547.5896113275649,1.0000035685727475,excluded,496,526
corot-24 b,511,508,3,1551.4491295131509,1552.313270119119,1.0005569893266426,excluded,495,525
corot-25 b,241,238,3,8678.809405762606,8684.947309274781,1.0007072287482313,excluded,219,257
corot-31 b,352,349,3,4858.870838523757,4858.870838523757,1.0,excluded,336,362
corot-32 b,330,333,3,5485.321556646082,5485.321556646082,1.0,excluded,313,343
corot-8 b,328,325,3,5757.50443764835,5775.546575132757,1.003133673222452,excluded,306,339
hat-p-4 b,296,293,3,6722.3288830914435,6713.723718783941,1.0138804759400173,excluded,277,318
hat-p-50 b,321,318,3,6062.655864795832,6062.655864795832,1.0,excluded,300,332
hat-p-6 b,237,234,3,8743.878880321416,8794.27343001602,1.5245598083549454,excluded,163,304
hat-p-66 b,273,270,3,7528.75596619678,7528.75596619678,1.0,excluded,253,288
hats-23 b,14,11,3,25356.778972162796,25356.778972162796,1.0,guaranteed,9,17
hats-52 b,48,45,3,18393.284136540955,18393.284136540955,1.0,excluded,36,60
k2-15 b,662,659,3,1112.9439289242391,1115.4711970614535,1.0022707955643886,excluded,643,676
k2-17 b,754,751,3,957.9103032330577,957.4027695873302,1.0005301150799326,excluded,737,772
k2-18 b,413,410,3,2715.026735058229,2788.5977507533175,1.2161696534851072,excluded,394,432
k2-32 b,402,399,3,3207.3808532204416,3183.931832673196,1.0550425540409556,excluded,383,405
k2-8 b,460,457,3,1958.053209508249,1962.7972385105118,1.002422829461031,excluded,451,470
kelt-7 b,251,248,3,8254.582209593416,8233.592678973151,1.1896440312694405,excluded,210,287
kelt-8 b,125,122,3,13070.719927986023,12972.715096113712,1.724737833543247,excluded,47,221
kepler-1000 b,856,859,3,834.7002206617261,833.3603533990195,1.0016077885841843,excluded,839,874
kepler-1001 b,693,690,3,1074.3699639565127,1074.5548476627391,1.0001720856989949,excluded,674,708
kepler-1005 b,2115,2118,3,168.38539847837905,167.93592550952297,1.0026764551271108,excluded,2091,2134
kepler-1010 b,1041,1038,3,671.4590767044798,671.3068666069247,1.000226736988889,excluded,1020,1063
kepler-1016 c,659,656,3,1133.585416798916,1135.7126465128958,1.001876550000076,excluded,640,674
kepler-1024 b,452,449,3,2109.445023896631,2107.3522433472212,1.0009930853069373,excluded,442,462
kepler-1027 b,2356,2353,3,97.79869069786133,98.79276327276771,1.0101644773341338,excluded,2345,2371
kepler-1048 b,1367,1364,3,445.8979410249591,443.63775254410024,1.0050946711994133,excluded,1344,1389
kepler-1049 b,1651,1648,3,317.06788390350715,315.23024170855905,1.0058295237950141,excluded,1623,1661
kepler-1054 b,1614,1611,3,324.06541947952246,323.05370390510166,1.0031317256610623,excluded,1588,1632
kepler-1057 b,899,896,3,783.7250025189031,782.4669610713919,1.0016077885841834,excluded,882,919
kepler-1065 c,1842,1839,3,249.12237789308904,248.22578492588752,1.0036120057691396,excluded,1827,1849
kepler-1068 b,683,680,3,1084.3109302568764,1083.2864900376453,1.0009456780165287,excluded,662,700
kepler-1082 b,2406,2409,3,81.07684869257834,80.94670350675291,1.0016077885841834,excluded,2396,2415
kepler-1095 b,2172,2175,3,145.20394611886144,145.06675967330924,1.0009456780165296,excluded,2159,2183
kepler-1096 b,1596,1599,3,327.0931291062078,324.88906621391783,1.0067840476073109,excluded,1574,1615
kepler-1116 b,1090,1087,3,627.7581793952271,625.5677632921311,1.003501484941565,excluded,1069,1112
kepler-1120 b,1685,1682,3,291.10746756272357,291.65374528100074,1.0018765500000768,excluded,1662,1696
kepler-1129 c,1092,1089,3,627.3157846384244,625.0260502714411,1.0036634222941407,excluded,1071,1112
kepler-113 b,1152,1149,3,580.8157844754459,583.46850593614,1.0045672337625773,excluded,1135,1174
kepler-1131 b,1990,1993,3,196.43396049532913,196.02000435655427,1.0021118055788933,excluded,1970,2008
kepler-1132 b,1030,1033,3,674.5108927180397,672.2833635564307,1.0033133783793566,excluded,1010,1055
kepler-1134 b,808,805,3,894.4591909389546,890.8624227458993,1.004037400277777,excluded,788,825
kepler-1140 b,623,620,3,1206.2983924688335,1207.4986179681766,1.000994965679169,excluded,603,638
kepler-1141 b,2510,2507,3,49.04386944509576,49.25303236142543,1.0042648126808964,excluded,2501,2515
kepler-1143 b,1480,1477,3,394.5460041025437,394.47938860327383,1.0001688694040662,excluded,1459,1496
kepler-116 b,1343,1340,3,466.1978185481752,463.9767553925877,1.0062632306922694,excluded,1323,1366
kepler-1167 b,1400,1403,3,438.4972738093361,435.95585875713596,1.0058295237950132,excluded,1377,1425
kepler-1169 b,2508,2511,3,49.14223586420336,48.979946767561636,1.0033133783793575,excluded,2501,2515
kepler-1173 b,2356,2353,3,97.79869069786133,98.79276327276771,1.0101644773341338,excluded,2345,2371
kepler-1174 b,1990,1993,3,196.43396049532913,196.02000435655427,1.0021118055788933,excluded,1970,2008
kepler-1187 b,1322,1325,3,481.4657619608895,480.8402820893937,1.0013008058908415,excluded,1306,1345
kepler-1194 b,1882,1885,3,226.881165810721,225.91811948030357,1.0042628113788872,excluded,1861,1897
kepler-1205 b,1815,1812,3,254.96326693742537,254.12126702552806,1.0033133783793575,excluded,1792,1827
kepler-1220 b,1968,1971,3,198.84468651014603,197.69223492257535,1.0058295237950141,excluded,1954,1979
kepler-1223 b,1928,1931,3,222.55483404368945,221.90646700664163,1.0029218032524865,excluded,1914,1938
kepler-1229 b,1079,1076,3,632.9745323966429,631.958476772011,1.0016077885841834,excluded,1060,1100
kepler-1230 b,1233,1236,3,529.0415520451874,528.0364410259679,1.0019034879813722,excluded,1217,1256
kepler-1232 b,1481,1478,3,393.53507236976657,394.37323161005077,1.0021298209464204,excluded,1460,1498
kepler-1247 b,1022,1019,3,677.9622743714584,677.1064670262958,1.001263918433568,excluded,1001,1042
kepler-125 b,480,477,3,1803.5621860371807,1796.9235254478485,1.012039848289875,excluded,469,491
kepler-1263 b,2079,2082,3,171.28799758177203,170.29525732700617,1.0058295237950141,excluded,2064,2098
kepler-1270 b,2413,2410,3,80.8084142352649,80.91249465198145,1.0012879898424132,excluded,2403,2419
kepler-1271 b,2248,2251,3,121.35123550140011,121.4188268443493,1.0005569893266426,excluded,2238,2260
kepler-1289 b,2211,2214,3,142.36808915815195,141.54296109841198,1.0058295237950141,excluded,2200,2220
kepler-1300 b,2512,2509,3,48.946333185483,49.12560329278146,1.0036625850320415,excluded,2501,2515
kepler-1301 b,1838,1835,3,250.93229062089134,250.52949216338982,1.0016077885841834,excluded,1821,1847
kepler-1311 b,2446,2449,3,66.23635864400705,65.79003590831834,1.0067840476073109,excluded,2443,2450
kepler-1318 b,498,495,3,1649.9471024741554,1655.379308815938,1.003292351817605,excluded,485,513
kepler-1321 b,279,276,3,7229.093869492469,7226.887444006609,1.0003053078525097,excluded,261,297
kepler-1325 b,869,866,3,827.3783242689144,828.3656966604084,1.0011933747386559,excluded,854,881
kepler-133 b,2229,2226,3,127.00879412944406,127.92883101148857,1.0072438832944657,excluded,2219,2234
kepler-1336 c,2170,2173,3,145.9495364010364,145.10365121354374,1.0058295237950132,excluded,2156,2182
kepler-1347 b,2206,2209,3,142.89862005371643,142.55849153943444,1.0023858874389668,excluded,2195,2216
kepler-1349 b,2558,2555,3,24.721225862060713,25.08123776373291,1.0145628660844326,excluded,2555,2558
kepler-1366 b,1328,1331,3,479.53907512149266,476.36780097533614,1.0066571966863913,excluded,1314,1349
kepler-1384 b,1167,1170,3,575.8844204299526,576.3852319573487,1.0008696389581475,excluded,1153,1193
kepler-1398 c,2463,2466,3,64.04986266555906,63.89741063613979,1.0023858874389668,excluded,2453,2472
kepler-140 c,2137,2134,3,164.1265702932778,163.78951941693026,1.0082963028168395,excluded,2120,2145
kepler-1415 b,1972,1969,3,197.48934589251272,197.785146322972,1.0014978044973641,excluded,1958,1981
kepler-143 c,1263,1266,3,516.1331304870143,515.6959405503667,1.0037968559046362,excluded,1248,1284
kepler-1442 b,1094,1091,3,626.0309600198848,624.6445297246918,1.00221955084727,excluded,1073,1112
kepler-1447 b,903,900,3,783.1751165491459,781.4867332176178,1.002160476000119,excluded,885,922
kepler-1448 b,1830,1833,3,252.61878957362697,251.3383035571848,1.0050946711994133,excluded,1812,1845
kepler-1466 b,2033,2030,3,192.86987191938678,193.65819393428015,1.0040873258588716,excluded,2013,2040
kepler-1467 b,561,558,3,1354.4828760071046,1358.2290014397693,1.0027657237304528,excluded,541,580
kepler-1489 b,1607,1604,3,324.7399487666269,324.36526288721126,1.0011551356519515,excluded,1583,1622
kepler-1492 b,1550,1547,3,359.53804439222864,359.1537194651409,1.0010700847750098,excluded,1525,1567
kepler-1517 b,453,450,3,2102.198152558964,2100.889628465248,1.000622842854754,excluded,443,463
kepler-152 b,596,599,3,1260.202289013656,1245.3863421833307,1.0118966671855023,excluded,578,619
kepler-152 c,781,778,3,922.1483145475165,913.8848839538803,1.0132462292774875,excluded,763,799
kepler-1524 b,1032,1029,3,673.3807577624777,672.6038091229215,1.0011551356519515,excluded,1010,1052
kepler-1534 b,1437,1440,3,406.89567114807244,405.04150709952523,1.004577713681308,excluded,1421,1459
kepler-154 b,1417,1414,3,429.94143503739366,427.48565694605486,1.0057447028957247,excluded,1394,1438
kepler-1540 b,674,671,3,1090.7226460176762,1092.127485706636,1.0012879898424123,excluded,654,690
kepler-1542 b,2500,2503,3,49.71117162753646,49.42305873064381,1.0058295237950137,excluded,2497,2507
kepler-1542 e,2500,2503,3,49.71117162753646,49.42305873064381,1.0058295237950137,excluded,2497,2507
kepler-1546 b,765,762,3,948.3072530478734,949.9387470079796,1.0017204275880656,excluded,751,783
kepler-1554 b,691,688,3,1077.298495176961,1074.9760352520957,1.002160476000119,excluded,668,707
kepler-1558 b,2485,2488,3,62.822042204617055,62.13502355343053,1.011056866351644,excluded,2481,2489
kepler-1584 b,2080,2083,3,171.10971188208163,170.24238291691532,1.0050946711994133,excluded,2065,2098
kepler-1588 b,2500,2503,3,49.71117162753646,49.42305873064381,1.0058295237950137,excluded,2497,2507
kepler-159 c,445,442,3,2235.4546244687335,2218.47493169684,1.0105714813915443,excluded,434,451
kepler-1601 b,2510,2507,3,49.04386944509576,49.25303236142543,1.0042648126808964,excluded,2501,2515
kepler-1612 b,2316,2313,3,100.93144949697196,100.69121160000118,1.0023858874389668,excluded,2306,2328
kepler-1641 c,1264,1267,3,514.6644099684452,515.3745085066205,1.0013797311887545,excluded,1248,1284
kepler-172 c,1147,1150,3,587.4073991144444,582.7005316778732,1.0104851428126833,excluded,1135,1172
kepler-175 b,1208,1211,3,536.9495827472325,538.7781907057588,1.003405548709379,excluded,1192,1231
kepler-179 b,1485,1482,3,388.8526740144747,391.54075035000994,1.0069128400424352,excluded,1464,1503
kepler-18 d,392,389,3,3318.642034113491,3328.15963422933,1.0028679200763457,excluded,382,395
kepler-188 b,2057,2054,3,182.42290955830117,181.8109763673454,1.0033657659354922,excluded,2041,2063
kepler-199 c,767,764,3,941.8008760090939,947.2979517197031,1.006592134578653,excluded,754,784
kepler-206 b,2381,2384,3,85.18834781085063,86.0000325999038,1.0095281198651183,excluded,2377,2388
kepler-211 c,1959,1956,3,207.24045577298773,209.5906611121458,1.0113404756344122,excluded,1944,1965
kepler-214 b,1654,1651,3,313.8707664119247,312.53629246963123,1.0042698207358531,excluded,1632,1666
kepler-221 c,695,692,3,1067.4803090897317,1068.1241905280558,1.005493105769258,excluded,676,711
kepler-222 b,664,661,3,1107.0475476193697,1108.9384368925616,1.002897946510876,excluded,644,681
kepler-222 c,433,430,3,2385.9906628410204,2390.943055091543,1.0025300793167156,excluded,421,439
kepler-225 c,607,604,3,1230.0188984363228,1232.327090400277,1.001876550000076,excluded,586,625
kepler-228 d,568,571,3,1338.6554694529339,1331.2500732969818,1.0103158185043535,excluded,552,591
kepler-230 b,443,440,3,2262.799380992017,2280.0685783394247,1.0076317845463774,excluded,429,450
kepler-231 c,579,582,3,1298.2887581178345,1301.053880709376,1.0021298209464204,excluded,563,602
kepler-233 c,694,691,3,1068.3415275372347,1071.946214543009,1.007197552680016,excluded,676,711
kepler-235 b,553,556,3,1379.3908366556038,1358.823412374204,1.0151362009913145,excluded,530,577
kepler-236 c,592,589,3,1283.5305654051347,1289.7111770857368,1.0048153209959991,excluded,569,612
kepler-246 b,1055,1052,3,668.1022744856394,664.9706723147177,1.0047093838890984,excluded,1035,1074
kepler-249 d,804,807,3,896.3552353268864,889.7706024901474,1.0093019140613804,excluded,786,827
kepler-251 c,878,875,3,811.559668408839,812.3671424255036,1.000994965679169,excluded,863,888
kepler-251 d,878,875,3,811.559668408839,812.3671424255036,1.000994965679169,excluded,863,888
kepler-251 e,878,875,3,811.559668408839,812.3671424255036,1.000994965679169,excluded,863,888
kepler-252 c,589,592,3,1284.0550441269713,1286.1897830233645,1.005634041172063,excluded,569,613
kepler-255 c,821,824,3,868.4867327312063,861.2949753523931,1.0083499353701337,excluded,805,846
kepler-258 b,499,496,3,1631.3533877915027,1651.1354562855197,1.0121261699899355,excluded,485,513
kepler-258 c,583,580,3,1290.7515388707159,1305.4043036629455,1.0113521187858117,excluded,561,606
kepler-260 c,1579,1576,3,342.2733272410785,341.709292615786,1.0076715359291346,excluded,1560,1591
kepler-262 b,1967,1964,3,199.21037781040377,199.84754812311357,1.0077662512098347,excluded,1952,1973
kepler-265 e,1345,1342,3,464.6705539934579,462.4037290076343,1.0060220150642132,excluded,1324,1366
kepler-267 b,696,693,3,1052.6331466389179,1067.3755214820742,1.0222096541745347,excluded,676,714
kepler-270 b,2146,2143,3,158.3823976507313,158.73200698354762,1.0049559708415636,excluded,2130,2153
kepler-272 d,1281,1284,3,492.189994095491,491.9335388244882,1.004836231464598,excluded,1267,1302
kepler-274 c,1751,1748,3,277.81232643831885,279.9945186359082,1.0078549149548766,excluded,1728,1760
kepler-286 c,1954,1951,3,212.04562758194433,211.34518959623864,1.01067709544582,excluded,1939,1961
kepler-287 c,846,849,3,841.0427885688973,836.8519453330664,1.0050078669939195,excluded,832,870
kepler-288 b,1981,1984,3,196.89110835148387,196.4971544558646,1.0020048834636317,excluded,1961,1997
kepler-288 c,1180,1183,3,572.16462080106,572.2858966143497,1.0038875164956058,excluded,1164,1208
kepler-302 c,238,235,3,8738.059936765078,8733.571216489681,1.0005139616044947,excluded,216,254
kepler-308 b,1424,1421,3,425.96553727331474,425.66240989583787,1.0035474571622793,excluded,1404,1441
kepler-314 c,903,900,3,783.1751165491459,781.4867332176178,1.002160476000119,excluded,885,922
kepler-316 b,1575,1572,3,351.6795265761443,348.4800077449853,1.0091813554868272,excluded,1552,1588
kepler-316 c,1432,1429,3,413.40366730707103,417.3324122656211,1.0095034109981222,excluded,1411,1452
kepler-319 b,1761,1758,3,273.50013711017175,273.2577780679401,1.0125021352324621,excluded,1740,1771
kepler-319 c,979,982,3,718.3850212560875,711.391744182368,1.009830416406866,excluded,962,1004
kepler-320 c,2228,2225,3,127.28589088516028,128.21370139582254,1.0072891858179265,excluded,2219,2234
kepler-325 d,1063,1060,3,653.2888666246793,648.9023769173932,1.006759860748429,excluded,1045,1080
kepler-327 b,1416,1419,3,430.11520140322096,426.86306312466564,1.008741470488816,excluded,1394,1439
kepler-339 d,2065,2062,3,178.07102862787826,178.48257024378105,1.012371869774848,excluded,2048,2071
kepler-341 c,1864,1861,3,233.9878975438726,231.13768219766604,1.0123312448195665,excluded,1848,1872
kepler-343 c,2129,2126,3,166.94733781467755,166.64150628073293,1.0065707272096807,excluded,2110,2137
kepler-344 b,1143,1140,3,595.6158598352073,599.7278318479671,1.0095250079548135,excluded,1126,1164
kepler-357 d,537,540,3,1432.1655771098954,1418.4987691140918,1.0096888615007191,excluded,521,559
kepler-361 b,2359,2362,3,97.6509306574692,97.75901197085742,1.0101021003349697,excluded,2349,2372
kepler-372 d,2052,2049,3,184.86332270394786,185.27861871623546,1.0083307160410284,excluded,2037,2059
kepler-380 c,2373,2376,3,90.3948708095815,90.28538010076322,1.011952181323859,excluded,2368,2381
kepler-382 b,2132,2135,3,166.04082027361022,163.62779193292016,1.0147470567938683,excluded,2117,2144
kepler-389 b,1662,1659,3,307.6946302550782,304.8430905139288,1.009354122923836,excluded,1640,1673
kepler-401 c,1942,1939,3,219.58655144350087,218.16719378251838,1.006505825355197,excluded,1927,1951
kepler-404 b,2074,2071,3,173.7393152285396,173.0914979446584,1.014509229404729,excluded,2057,2083
kepler-445 c,151,148,3,11988.476878037298,11980.685779454174,1.0006503048929374,excluded,134,177
kepler-449 c,1669,1666,3,297.7367748120076,297.70674487948025,1.000100870850405,excluded,1649,1678
kepler-46 b,265,262,3,7862.540836145029,7818.724006066145,1.0142081397871012,excluded,242,282
kepler-467 b,1883,1880,3,226.8075688066439,226.20214890544244,1.0026764551271108,excluded,1861,1894
kepler-471 b,326,323,3,5795.94270940757,5792.8329039052005,1.0005368367349716,excluded,304,337
kepler-473 b,918,915,3,777.4988106719566,777.4698458393051,1.0000372552489418,excluded,904,931
kepler-478 b,742,739,3,964.1782286023542,962.3464137698269,1.0019034879813722,excluded,724,763
kepler-48 c,916,913,3,779.0355590272782,777.5554914943688,1.0019034879813722,excluded,900,930
kepler-485 b,96,93,3,14666.80453255486,14657.091202320387,1.0006627051780188,excluded,82,112
kepler-489 b,243,240,3,8659.99860484264,8653.269716296985,1.0007776122513528,excluded,221,259
kepler-496 b,1041,1038,3,671.4590767044798,671.3068666069247,1.000226736988889,excluded,1020,1063
kepler-498 b,858,855,3,833.4731716241076,835.4406740500884,1.002360606787315,excluded,838,873
kepler-519 b,1168,1165,3,575.7179918720673,577.8717180764065,1.0037409395480867,excluded,1148,1193
kepler-523 b,1408,1405,3,436.30054721157234,435.60019419208226,1.0016077885841834,excluded,1387,1426
kepler-529 b,1920,1923,3,223.41536425726886,223.24873680800567,1.0007463757763901,excluded,1903,1933
kepler-53 c,697,694,3,1042.8998672860228,1063.9257878402748,1.0201610156581653,excluded,681,717
kepler-534 b,1398,1395,3,438.8482822193869,438.1438395559186,1.0016077885841834,excluded,1374,1419
kepler-540 b,1233,1236,3,529.0415520451874,528.0364410259679,1.0019034879813722,excluded,1217,1256
kepler-552 b,622,619,3,1207.049863182566,1209.7631098347133,1.0022478331135332,excluded,602,638
kepler-556 b,1398,1395,3,438.8482822193869,438.1438395559186,1.0016077885841834,excluded,1374,1419
kepler-559 b,619,616,3,1210.5175650971462,1210.9884965476006,1.0003890331408916,excluded,600,636
kepler-56 b,1970,1967,3,198.0987864989927,198.6342188721297,1.002702855391493,excluded,1955,1976
kepler-566 b,1100,1103,3,622.3788669258271,621.1486729578995,1.0019805145233094,excluded,1083,1125
kepler-569 b,736,733,3,968.8106009863579,968.2357023265394,1.000593758997357,excluded,720,753
kepler-570 b,1097,1100,3,623.8925125298908,621.4697214978088,1.003898486037651,excluded,1081,1124
kepler-587 b,1241,1244,3,526.7841536274715,526.5050453632639,1.0005301150799326,excluded,1224,1264
kepler-593 b,1189,1186,3,570.6911307230981,570.8884381775215,1.0003457342225968,excluded,1172,1209
kepler-598 b,1806,1803,3,255.8110245136652,255.12818537385084,1.0026764551271108,excluded,1782,1820
kepler-600 b,691,688,3,1077.298495176961,1074.9760352520957,1.002160476000119,excluded,668,707
kepler-606 b,1123,1120,3,616.071237544351,617.3182987692614,1.0020242159492483,excluded,1103,1145
kepler-615 b,1215,1218,3,531.706265128128,533.301910570057,1.003000990483993,excluded,1201,1241
kepler-620 b,1107,1104,3,620.2550709415212,621.0539531725992,1.0012879898424132,excluded,1089,1132
kepler-631 b,1462,1465,3,399.57914109650295,398.7177210293968,1.002160476000119,excluded,1440,1485
kepler-635 b,1790,1787,3,257.381112747269,256.34614076732794,1.004037400277777,excluded,1768,1807
kepler-65 b,2382,2385,3,85.06319466030193,85.05724031807053,1.0317516958715396,excluded,2377,2389
kepler-653 c,2539,2542,3,36.45933306604664,36.03031898597274,1.0119070297501644,excluded,2536,2545
kepler-660 b,669,666,3,1096.1268852538853,1098.8094193880597,1.0024472843155863,excluded,649,686
kepler-661 b,485,482,3,1762.2117108443385,1760.759215217913,1.000824925755817,excluded,473,495
kepler-671 b,1035,1032,3,672.4838137957214,672.4038228580267,1.0001189626456237,excluded,1013,1055
kepler-672 b,1115,1112,3,619.0712479890997,619.265929894258,1.000314474151062,excluded,1098,1135
kepler-686 b,97,94,3,14628.152272860514,14626.813557730413,1.0000915247278443,excluded,83,114
kepler-687 b,462,459,3,1949.4860808054054,1949.9004126305438,1.000212533871987,excluded,452,473
kepler-688 b,242,239,3,8673.62030718908,8668.22136744694,1.000622842854754,excluded,220,258
kepler-694 b,956,953,3,729.6916382332048,728.520331560776,1.0016077885841834,excluded,941,975
kepler-696 b,414,411,3,2712.814941694182,2710.5789153337487,1.000824925755817,excluded,403,418
kepler-703 b,386,383,3,3500.4290791405656,3496.1743908857316,1.0012169553858428,excluded,377,390
kepler-709 b,618,621,3,1210.6152130746088,1206.02712861234,1.0038042962329943,excluded,600,638
kepler-720 b,289,286,3,7002.505117614848,7007.920418584654,1.0007733376668564,excluded,270,307
kepler-722 c,1133,1136,3,606.9166419506384,604.9123384868894,1.0033133783793575,excluded,1119,1158
kepler-728 b,684,681,3,1081.8653061967773,1081.6826430934493,1.0001688694040662,excluded,663,701
kepler-733 b,795,792,3,904.7128146979165,901.7250583853377,1.0033133783793575,excluded,773,814
kepler-735 b,657,654,3,1138.775423369242,1140.3466273378515,1.0013797311887545,excluded,635,673
kepler-736 b,670,667,3,1094.0005484406881,1097.3319577925943,1.003045162414822,excluded,649,686
kepler-743 b,2089,2086,3,170.1046643529473,169.94395209341042,1.0009456780165296,excluded,2073,2101
kepler-748 b,1388,1385,3,440.84531391688313,440.13766560265805,1.0016077885841834,excluded,1362,1410
kepler-752 b,743,740,3,963.602284628781,961.2343444052393,1.0024634369728092,excluded,724,764
kepler-761 b,1464,1461,3,399.1147842024304,399.575639492613,1.0011546936080145,excluded,1440,1482
kepler-770 b,1253,1256,3,523.1649378982465,524.1466830624996,1.0018765500000768,excluded,1237,1272
kepler-778 b,1460,1463,3,399.85969516270563,399.2178372813224,1.0016077885841834,excluded,1439,1482
kepler-781 b,645,642,3,1152.8074364796296,1151.275611204814,1.0013305461002624,excluded,627,664
kepler-800 b,727,724,3,1010.988676344051,1013.0592345449511,1.00204805281142,excluded,711,742
kepler-804 b,1726,1723,3,286.03565408384753,286.28440183205805,1.0008696389581475,excluded,1702,1742
kepler-805 b,1786,1783,3,257.6191163835469,257.27679774362116,1.0013305461002624,excluded,1766,1798
kepler-817 b,307,304,3,6452.116448728114,6445.756209849159,1.000986732769886,excluded,288,323
kepler-841 b,385,382,3,3502.436629070054,3496.279666426522,1.0017610040474323,excluded,377,390
kepler-845 b,1106,1109,3,620.4786064189184,620.4554911951361,1.0000372552489427,excluded,1089,1132
kepler-855 b,329,332,3,5512.449944207708,5511.519217241993,1.0001688694040662,excluded,312,342
kepler-857 b,373,370,3,3961.0794712357642,3956.582818048769,1.0011364991948313,excluded,363,381
kepler-858 b,432,429,3,2396.6423936331516,2401.861508035264,1.0021776775775881,excluded,420,438
kepler-863 b,903,900,3,783.1751165491459,781.4867332176178,1.002160476000119,excluded,885,922
kepler-867 b,448,445,3,2180.843295138712,2180.3489293877356,1.000226736988889,excluded,437,456
kepler-869 b,619,616,3,1210.5175650971462,1210.9884965476006,1.0003890331408916,excluded,600,636
kepler-874 b,711,714,3,1022.4333401349076,1019.549652964402,1.0028283930675872,excluded,697,735
kepler-900 b,1003,1006,3,684.0482418307427,680.8536564763673,1.0046920293722272,excluded,983,1031
kepler-902 b,1090,1087,3,627.7581793952271,625.5677632921311,1.003501484941565,excluded,1069,1112
kepler-907 b,2477,2480,3,63.34552580074855,63.41283122117201,1.0010625126174684,excluded,2470,2486
kepler-914 b,2265,2262,3,120.53720169175605,120.76339577759998,1.0018765500000768,excluded,2251,2274
kepler-938 b,1258,1261,3,521.5031428199136,521.7936145042753,1.0005569893266435,excluded,1243,1279
kepler-94 b,482,479,3,1787.1790026517199,1788.7921191131047,1.0009026048644212,excluded,470,492
kepler-941 b,690,687,3,1077.3952288285775,1075.6657856579989,1.0016077885841843,excluded,666,707
kepler-944 b,841,838,3,844.6681190556408,842.0311086253461,1.0031317256610623,excluded,827,855
kepler-951 b,351,348,3,4923.3638647270345,4917.571917284387,1.0011778063524175,excluded,333,361
kepler-965 b,964,961,3,726.6491468765232,724.453549003157,1.0030306951720884,excluded,947,986
kepler-968 c,1284,1287,3,490.30280446132764,488.8213359983042,1.0030306951720875,excluded,1271,1304
kepler-974 b,870,867,3,826.0809848772583,826.8602618116844,1.0009433420556726,excluded,856,882
kepler-982 b,1806,1803,3,255.8110245136652,255.12818537385084,1.0026764551271108,excluded,1782,1820
kepler-987 b,689,686,3,1077.4813360617595,1076.279925403216,1.0011162622568597,excluded,666,707
ogle-tr-132 b,234,237,3,8877.837449172828,8707.019773435612,1.0828321127746992,excluded,204,265
qatar-1 b,25,22,3,21660.621174312942,21348.527883401497,1.119541336883077,possible,15,40
trappist-1 e,342,345,3,5163.006155482869,4995.695605424308,1.0424491994479792,excluded,326,358
wasp-44 b,80,77,3,15935.173529592616,15532.291687822984,1.1244170057787088,excluded,52,108
wasp-71 b,362,359,3,4404.6673094152875,4429.225600584534,2.625739861787349,excluded,263,417
wasp-73 b,394,391,3,3308.886346890547,3267.4044086389536,2.2740519420449705,excluded,332,456
wasp-82 b,317,314,3,6183.388271715844,6270.439795663491,1.1451893774834527,excluded,283,336
corot-11 b,163,161,2,11649.326591681054,11481.502768331173,1.0149030298188677,excluded,141,193
corot-19 b,308,306,2,6440.477909588674,6440.825335315697,1.0000539440910907,excluded,290,324
corot-23 b,355,357,2,4741.353342656698,4482.0221460609755,1.0578603112935612,excluded,342,371
corot-27 b,225,223,2,9160.474981385683,9159.723490474116,1.0000820429691297,excluded,203,242
corot-4 b,175,173,2,11282.486041093003,10902.165238938958,1.035285284070075,excluded,152,207
hat-p-15 b,193,191,2,10381.225444735626,10340.719029557067,1.0419761916585135,excluded,168,219
hat-p-29 b,244,242,2,8618.644530565927,8534.765277430843,1.260086476714058,excluded,192,284
hat-p-35 b,227,225,2,9078.439638060223,9078.439638060223,1.0,excluded,205,245
hat-p-46 b,233,231,2,8913.859278778575,8913.418309328337,1.0000494725407172,excluded,211,251
hats-2 b,54,56,2,17825.41193829482,17285.52478039801,1.1387959867092843,excluded,35,87
hats-3 b,196,194,2,10194.353857551409,10194.842519211701,1.000047934539758,excluded,176,218
hats-34 b,21,19,2,22435.021307760595,22435.021307760635,1.0000000000000018,possible,16,29
hats-43 b,22,20,2,22251.460359654764,22251.460359654764,1.0,possible,17,30
hats-45 b,200,198,2,10077.133088596596,10077.133088596596,1.0,excluded,182,221
hats-51 b,199,197,2,10102.289361413727,10102.289361413745,1.0000000000000018,excluded,180,220
kelt-15 b,201,199,2,10002.973262149222,10068.506499346811,2.100369590890443,excluded,84,308
kelt-17 b,231,229,2,9055.541924940972,9055.541924940972,1.0,excluded,209,249
kelt-2 a b,338,340,2,5296.801098651212,5155.365747864225,1.173050069034836,excluded,309,362
kepler-1023 b,948,946,2,734.6191986080432,732.325755248076,1.0031317256610623,excluded,933,969
kepler-103 c,660,658,2,1120.606170874179,1120.5971653236886,1.1056554961536593,excluded,614,711
kepler-106 c,1309,1307,2,484.450725127565,484.6030723580809,1.000314474151062,excluded,1290,1330
kepler-1072 b,2268,2270,2,120.22559240029562,120.15424973344582,1.0005937589973561,excluded,2261,2278
kepler-1081 b,2255,2253,2,120.95755778671852,121.24309101860689,1.002360606787315,excluded,2240,2268
kepler-1084 b,2484,2486,2,63.03140860407305,63.06651642590883,1.0005569893266435,excluded,2480,2488
kepler-1085 b,389,387,2,3362.548791936519,3363.8569348544474,1.0003890331408916,excluded,380,393
kepler-1098 b,2177,2179,2,144.661229545876,144.60694123058883,1.000375419843786,excluded,2165,2187
kepler-1100 b,2207,2205,2,142.80590400097168,143.0340135334289,1.001597339648196,excluded,2191,2214
kepler-111 b,2149,2147,2,155.67856138397386,156.39406949510743,1.005789390726652,excluded,2136,2157
kepler-1117 b,2277,2279,2,119.40184975940957,119.46835531530706,1.0005569893266435,excluded,2269,2288
kepler-1123 b,1705,1703,2,288.7979331264174,288.74917222577903,1.0001688694040662,excluded,1684,1717
kepler-1127 b,1561,1559,2,357.5489027342703,356.97496246478016,1.0016077885841834,excluded,1540,1576
kepler-1145 b,1677,1679,2,292.68742378020755,292.21759965937775,1.0016077885841834,excluded,1660,1690
kepler-1162 b,1156,1154,2,579.536032116637,580.4954228447978,1.0016554462104055,excluded,1139,1181
kepler-1163 b,2513,2515,2,48.93444651606276,48.81797232908696,1.0023858874389668,excluded,2506,2518
kepler-1166 b,1606,1608,2,324.83555190109587,323.8540489983356,1.0030306951720875,excluded,1583,1627
kepler-1181 b,2240,2238,2,122.2013291238548,122.31660677687631,1.0009433420556717,excluded,2229,2250
kepler-1183 b,1005,1007,2,682.7115577498004,680.4569464154638,1.0033133783793575,excluded,985,1032
kepler-1186 b,1316,1318,2,482.4438988187306,482.1882835382602,1.0005301150799326,excluded,1301,1337
kepler-1188 b,1611,1613,2,324.42978646458033,322.9146613886221,1.0046920293722272,excluded,1586,1633
kepler-1189 b,2007,2009,2,195.48109282176566,195.25554617913286,1.0011551356519515,excluded,1988,2025
kepler-121 b,769,767,2,939.2972589656266,934.476756140757,1.0051585047923264,excluded,757,787
kepler-121 c,816,814,2,886.1404442369573,879.4041341072589,1.0076600846737398,excluded,799,831
kepler-1212 b,1688,1690,2,290.6548783737823,290.40540186047946,1.0008590629227438,excluded,1668,1704
kepler-123 c,2287,2289,2,115.64139845683312,114.97465295826991,1.006919815834732,excluded,2281,2293
kepler-1234 b,650,648,2,1149.2825725082535,1146.4583446342958,1.0024634369728092,excluded,630,667
kepler-124 b,2297,2295,2,108.68593055900779,110.48525272101824,1.0165552445726502,excluded,2289,2304
kepler-1242 b,896,898,2,785.1377557293529,782.2152223257925,1.0037362267060856,excluded,879,919
kepler-1266 b,739,737,2,965.0171915634136,966.4625986529709,1.0014978044973641,excluded,723,756
kepler-1279 b,2173,2171,2,144.96143435137364,145.19298699792247,1.001597339648196,excluded,2159,2183
kepler-1280 b,2111,2109,2,168.65205706211185,168.30932378340282,1.0020363297231833,excluded,2087,2131
kepler-132 b,2378,2380,2,88.26531168845474,88.48160343960797,1.0043473601123996,excluded,2372,2384
kepler-1327 b,1789,1791,2,257.44464664439954,256.1199363743991,1.005172226296605,excluded,1768,1810
kepler-1344 b,1932,1930,2,221.9409148717433,222.35739809556273,1.001876550000076,excluded,1915,1938
kepler-135 c,2441,2443,2,69.30643662956913,69.41741439546266,1.0174679040881782,excluded,2437,2445
kepler-1362 b,703,701,2,1035.6645075084957,1035.2758444127098,1.0003754198437869,excluded,685,721
kepler-137 b,1742,1744,2,282.5329994714331,281.74664770237916,1.0072264048137722,excluded,1725,1755
kepler-137 c,1345,1343,2,464.6705539934579,460.8289840526117,1.008336215979869,excluded,1325,1366
kepler-1371 b,2452,2450,2,64.62150842933605,64.87275770741907,1.003888013204733,excluded,2445,2457
kepler-139 c,1192,1194,2,568.6352051740839,566.9170524003995,1.0030306951720884,excluded,1178,1214
kepler-140 b,2224,2222,2,131.29619079516254,131.03667076562502,1.00821850667831,excluded,2216,2229
kepler-1403 b,1688,1690,2,290.6548783737823,290.40540186047946,1.0008590629227438,excluded,1668,1704
kepler-1404 b,1237,1235,2,527.5123731754668,529.4012535602016,1.0035807319046648,excluded,1216,1257
kepler-1428 b,2246,2244,2,121.43236619310156,121.95025248831315,1.0042648126808964,excluded,2231,2257
kepler-1429 b,2243,2245,2,121.71236130819887,121.89466263035109,1.0014978044973641,excluded,2233,2253
kepler-1435 b,2545,2547,2,35.854209413075445,35.59769392038797,1.0072059581517039,excluded,2544,2548
kepler-144 b,2363,2365,2,97.04141382248609,97.26177503455618,1.0139903789848794,excluded,2350,2373
kepler-1459 b,1743,1741,2,281.7175247925067,283.26127245943024,1.005479771512477,excluded,1724,1754
kepler-1468 c,2314,2316,2,101.39170216764809,100.59812982859411,1.0078885396816633,excluded,2306,2328
kepler-1469 b,866,864,2,831.3933890991889,830.0588299881334,1.0016077885841834,excluded,849,879
kepler-1482 b,2255,2253,2,120.95755778671852,121.24309101860689,1.002360606787315,excluded,2240,2268
kepler-1487 b,2201,2203,2,143.16555984220628,143.2045518543419,1.0002723560902398,excluded,2189,2211
kepler-149 b,497,499,2,1650.5741607497214,1636.632664995491,1.0085184024811509,excluded,485,513
kepler-150 b,2160,2162,2,149.58460568171267,148.61466469055978,1.0108210568562823,excluded,2148,2169
kepler-1502 b,1718,1720,2,287.2674035583395,286.6620290860587,1.0021118055788933,excluded,1693,1738
kepler-1507 b,2391,2393,2,82.03349939860497,81.9018185896526,1.0016077885841843,excluded,2388,2396
kepler-1509 b,1675,1677,2,292.6874237802078,292.85044755129593,1.0005569893266426,excluded,1659,1685
kepler-151 b,653,655,2,1139.9234086934878,1139.8809421452231,1.0000372552489427,excluded,636,671
kepler-1518 b,1937,1935,2,220.56097470415813,220.7276830778137,1.0007558380347168,excluded,1923,1943
kepler-1526 b,699,697,2,1042.144279651131,1040.1289641052751,1.0019375631439986,excluded,683,718
kepler-1527 b,667,669,2,1097.4327049160527,1095.1200243390956,1.0021118055788933,excluded,649,686
kepler-1538 b,1085,1083,2,630.7150511363739,628.6321549456081,1.0033133783793575,excluded,1066,1106
kepler-155 c,668,670,2,1096.4357186355332,1094.6757115231635,1.0016077885841834,excluded,649,686
kepler-1556 b,1561,1559,2,357.5489027342703,356.97496246478016,1.0016077885841834,excluded,1540,1576
kepler-1569 b,2260,2262,2,120.95755778671841,120.76339577759998,1.0016077885841834,excluded,2249,2271
kepler-1574 b,2276,2278,2,119.46886356460634,119.64780456574837,1.0014978044973641,excluded,2266,2285
kepler-1582 b,455,453,2,2070.939135699237,2068.725424119213,1.001070084775009,excluded,446,464
kepler-1595 b,1966,1968,2,199.21037781040397,198.24537920131408,1.004867697865028,excluded,1952,1976
kepler-1600 b,610,608,2,1219.7961676994437,1221.8947386781704,1.0017204275880656,excluded,592,628
kepler-163 b,2294,2296,2,109.99846261199066,109.95443499941733,1.0135561909889423,excluded,2289,2302
kepler-1633 b,2268,2270,2,120.22559240029562,120.15424973344582,1.0005937589973561,excluded,2261,2278
kepler-1635 b,515,513,2,1540.4068220404702,1537.9341490723673,1.0016077885841825,excluded,498,530
kepler-164 b,2231,2229,2,126.48877084131925,126.51070434223509,1.0068122889881972,excluded,2222,2237
kepler-168 c,1280,1278,2,492.5871617162878,495.20171800651764,1.0055470067507286,excluded,1264,1300
kepler-169 b,2049,2051,2,186.0896100404231,183.94188618150562,1.0116761000090986,excluded,2037,2060
kepler-170 b,881,879,2,806.7181599356259,801.663446549138,1.0131709953022945,excluded,867,891
kepler-173 c,1201,1203,2,549.7671928442143,549.8610370302956,1.0040502406031735,excluded,1189,1223
kepler-18 c,456,454,2,2051.4265429673405,2058.912984943381,1.0036493834018603,excluded,447,465
kepler-184 d,1001,999,2,686.0788106341861,682.2491939618219,1.00820533017652,excluded,981,1026
kepler-198 c,1165,1163,2,577.1599900346694,579.0432772650079,1.0032630245735248,excluded,1147,1190
kepler-200 c,1854,1852,2,240.45152973262554,237.9156904356339,1.010658562671291,excluded,1836,1865
kepler-202 b,1278,1276,2,493.5065962558232,500.8369538392747,1.0148536162212745,excluded,1260,1298
kepler-203 c,1431,1433,2,413.91004560882527,412.28387504178966,1.0105067774073904,excluded,1411,1454
kepler-207 b,2394,2392,2,81.68990396713521,81.9730573178408,1.0034661976199593,excluded,2388,2398
kepler-208 b,2225,2223,2,129.09219221446247,129.04979019793922,1.0119373019804807,excluded,2217,2232
kepler-216 c,1290,1288,2,487.42079568803257,488.1787841965632,1.0015551008804633,excluded,1273,1312
kepler-217 b,2226,2224,2,128.78571854577777,128.8606221640152,1.0016427423112844,excluded,2217,2231
kepler-217 c,2377,2379,2,88.53794569351282,88.68577275962564,1.0016696464431707,excluded,2372,2384
kepler-218 b,2139,2137,2,163.3964793432433,162.5660023706987,1.006228533884333,excluded,2123,2147
kepler-219 c,1313,1315,2,482.9647031785582,483.4856524833578,1.0037688149817832,excluded,1294,1337
kepler-219 d,1667,1665,2,299.00707800584075,297.87234017148694,1.0038094770185795,excluded,1648,1676
kepler-220 e,1585,1583,2,332.3922430239578,334.447264442553,1.0179478425082327,excluded,1563,1597
kepler-221 b,1512,1514,2,366.8273594850561,363.8134335313269,1.008284262415697,excluded,1490,1532
kepler-229 d,437,435,2,2326.2108799614107,2345.4788702131095,1.008282993780864,excluded,424,444
kepler-232 c,574,576,2,1309.8311255829703,1312.8637523351395,1.0059610289364698,excluded,557,596
kepler-235 c,1359,1357,2,452.6795614549188,447.68571232759444,1.0180536111989686,excluded,1337,1381
kepler-237 c,994,992,2,703.1815356319495,690.2771244447205,1.0186945369189364,excluded,976,1014
kepler-239 c,783,781,2,915.3251909997323,907.5513173561783,1.0085657675713593,excluded,765,802
kepler-243 b,981,983,2,716.2031393838035,710.0367217703931,1.0086846460532846,excluded,963,1004
kepler-243 c,1337,1335,2,473.13818035980114,468.44088661106764,1.0100275058881305,excluded,1318,1359
kepler-248 c,458,456,2,2015.4110163846585,2011.6832292033882,1.0029694224218262,excluded,449,468
kepler-251 b,2043,2045,2,188.37378852853774,187.28202351607254,1.0058295237950132,excluded,2031,2051
kepler-252 b,1427,1425,2,421.4698902434995,420.957603620562,1.0085317520650918,excluded,1408,1446
kepler-256 b,2232,2230,2,125.71773471701054,125.2600209453079,1.0036541090145792,excluded,2223,2239
kepler-257 c,441,439,2,2272.658312338565,2282.49503707718,1.0072624299692423,excluded,428,450
kepler-268 b,1582,1580,2,336.6284638594655,335.9806990296357,1.0107094405123893,excluded,1562,1596
kepler-27 b,375,373,2,3922.9027417091,3854.684023671362,1.0176976160999998,excluded,364,384
kepler-271 d,2528,2526,2,47.36365857236634,48.2638753107729,1.0272513710861546,excluded,2514,2531
kepler-281 b,870,868,2,826.0809848772583,825.1856322644935,1.0055466851529256,excluded,854,883
kepler-284 c,820,822,2,871.8632400331247,862.1940656907211,1.011214614814888,excluded,805,846
kepler-295 b,2152,2150,2,154.5519680858955,154.78889947375748,1.007394135736571,excluded,2138,2163
kepler-300 b,1705,1703,2,288.7979331264174,288.74917222577903,1.0001688694040662,excluded,1684,1717
kepler-301 b,2044,2042,2,187.31995121933284,188.6928059025001,1.0073289293224286,excluded,2029,2050
kepler-301 c,2044,2042,2,187.31995121933284,188.6928059025001,1.0073289293224286,excluded,2029,2050
kepler-310 c,600,598,2,1240.9523460023274,1248.5272129395175,1.012211706309899,excluded,579,620
kepler-311 b,2077,2075,2,171.90947574651872,171.72668481114448,1.0078226463100133,excluded,2060,2086
kepler-317 b,1434,1432,2,412.55014494296364,413.7005991157903,1.0070626406910748,excluded,1412,1454
kepler-320 b,2376,2378,2,88.97355608500452,88.77751949172084,1.0094639545248842,excluded,2371,2384
kepler-321 c,1647,1645,2,318.82570664225136,316.6213094411869,1.0069622515457188,excluded,1620,1661
kepler-326 b,1664,1662,2,304.51199570092825,301.9916730921803,1.008345669213133,excluded,1641,1674
kepler-327 c,1508,1506,2,371.44118607048915,367.55054270672645,1.0105853288505877,excluded,1488,1524
kepler-331 b,648,646,2,1151.7134318565588,1147.5864055629759,1.0127845184235926,excluded,626,668
kepler-335 b,1744,1746,2,280.78699685732715,280.3836992082221,1.0072279645712199,excluded,1726,1757
kepler-336 b,2496,2498,2,51.63006155482864,51.31188688492464,1.0062007984741932,excluded,2494,2499
kepler-337 c,2289,2291,2,113.915653686439,113.648009765251,1.0023550251495017,excluded,2284,2295
kepler-339 b,1770,1768,2,265.54249452099197,262.9061689236324,1.0100276292798795,excluded,1752,1780
kepler-340 c,1748,1750,2,278.9305589916089,278.28459733516485,1.0023212267679555,excluded,1732,1760
kepler-345 c,1655,1653,2,313.8273135664555,311.14241857114496,1.0107736523405448,excluded,1632,1667
kepler-346 b,1190,1192,2,568.8567441629923,569.2258490488423,1.0045787415248852,excluded,1176,1214
kepler-352 b,2311,2309,2,102.68306127768356,101.68752081999344,1.0097901930311826,excluded,2303,2318
kepler-355 c,1206,1208,2,538.9763877242613,541.9971424559639,1.0094365703968413,excluded,1191,1230
kepler-356 b,2286,2288,2,116.75066211731276,115.98707539896537,1.0084833782549445,excluded,2278,2292
kepler-357 b,1436,1438,2,411.37516940010016,408.2031664283307,1.0115564604613918,excluded,1414,1455
kepler-360 b,1963,1961,2,202.64201802847475,203.97144730581397,1.00656048183034,excluded,1950,1967
kepler-365 c,1962,1960,2,203.72000409139275,205.37045026002266,1.0081015419962855,excluded,1950,1967
kepler-371 b,1663,1661,2,307.0503401501015,304.4199347306771,1.0086407134334077,excluded,1640,1674
kepler-371 c,1765,1763,2,271.78809037970365,270.0159909298949,1.0065629426009397,excluded,1748,1773
kepler-374 c,2241,2239,2,122.20132912385469,122.27043036734818,1.004970815365415,excluded,2228,2252
kepler-378 b,2308,2306,2,105.36747256087476,104.77322472992246,1.0056717528021506,excluded,2300,2312
kepler-380 b,2427,2429,2,79.54238925651632,79.26909712982253,1.0096983073109553,excluded,2424,2433
kepler-396 c,450,452,2,2151.9669645615054,2096.586732249999,1.0513984608908162,excluded,439,463
kepler-406 b,2158,2160,2,150.7852799753142,149.78811105871347,1.0066571966863904,excluded,2148,2167
kepler-409 b,2161,2159,2,149.46457791869585,149.83949634514815,1.0344220515149627,excluded,2145,2170
kepler-42 b,483,481,2,1786.5073202362842,1765.4856303126642,1.011907029750164,excluded,471,494
kepler-422 b,229,227,2,9062.726486846841,9062.234349518094,1.0000543064005813,excluded,207,247
kepler-424 b,218,216,2,9445.62867988558,9453.185928781939,1.0008000789732983,excluded,197,237
kepler-435 b,371,369,2,4049.5116321495316,4050.996800969942,1.0003667525754512,excluded,360,379
kepler-44 b,288,290,2,7012.336643421108,6871.439060370284,1.6400396045175731,excluded,212,345
kepler-442 b,1426,1424,2,424.2938012093255,421.0949694553868,1.0075964615727324,excluded,1408,1446
kepler-444 e,2534,2532,2,42.21674906446775,44.21019481888307,1.047219309837695,excluded,2530,2534
kepler-445 b,353,351,2,4750.137691570865,4747.318928243897,1.000593758997357,excluded,340,363
kepler-454 b,1433,1431,2,412.8165157646641,414.52917981248913,1.0041487294776776,excluded,1412,1452
kepler-476 b,1044,1046,2,670.6855578163586,669.6089681614812,1.0016077885841843,excluded,1023,1069
kepler-490 b,228,226,2,9067.793315241395,9073.788034687523,1.000661100141757,excluded,206,246
kepler-495 b,390,388,2,3335.678142448632,3329.814325943448,1.0017610040474323,excluded,381,394
kepler-5 b,297,295,2,6711.587417596595,6664.7679761381405,1.007024916940257,excluded,280,318
kepler-501 b,536,534,2,1436.4890933742931,1433.649729264147,1.0019805145233094,excluded,518,552
kepler-505 b,457,455,2,2018.9743122522323,2018.2166336788885,1.0003754198437869,excluded,448,467
kepler-511 b,436,434,2,2352.3946795918787,2348.32273642085,1.0017339793665818,excluded,423,443
kepler-521 b,1469,1471,2,398.69200914195534,397.85182344163843,1.0021118055788933,excluded,1447,1491
kepler-528 b,1611,1613,2,324.42978646458033,322.9146613886221,1.0046920293722272,excluded,1586,1633
kepler-537 b,2082,2084,2,170.67788943745006,170.1142366038659,1.0033133783793575,excluded,2065,2098
kepler-543 b,638,636,2,1167.2575279527157,1167.6246002728892,1.000314474151062,excluded,622,654
kepler-55 b,522,524,2,1515.9886064049763,1472.0731266662353,1.0298324036647524,excluded,505,543
kepler-550 b,434,432,2,2374.339522493825,2378.270113858553,1.0016554462104055,excluded,422,441
kepler-56 c,1357,1355,2,456.02764644714586,450.1365117231753,1.013087440299874,excluded,1333,1379
kepler-562 b,411,409,2,2812.726142527796,2810.368391055172,1.0008389474775363,excluded,400,415
kepler-567 b,1006,1008,2,682.094417390146,680.2736953703334,1.0026764551271108,excluded,986,1034
kepler-571 b,971,969,2,724.5119446605531,721.5985624241783,1.004037400277777,excluded,950,990
kepler-575 b,1227,1225,2,529.6860789600362,530.788391059733,1.0020810667742317,excluded,1205,1249
kepler-59 b,2288,2290,2,114.52571372506125,114.8424602092576,1.002765723730452,excluded,2283,2294
kepler-590 b,708,706,2,1026.8329097253763,1024.7767176666275,1.002006478116941,excluded,695,724
kepler-603 c,387,385,2,3474.7199068207315,3473.4159175595514,1.0003754198437877,excluded,379,391
kepler-61 b,728,726,2,1010.4751582945072,1008.4778532596905,1.0019805145233094,excluded,712,743
kepler-618 b,1295,1297,2,486.2224659736385,486.0399969139229,1.0003754198437869,excluded,1276,1320
kepler-623 b,707,705,2,1030.894494588623,1027.3274988025003,1.0034721116589216,excluded,692,723
kepler-630 b,895,893,2,785.7358419813166,784.0800174262173,1.0021118055788933,excluded,879,912
kepler-632 b,1156,1154,2,579.536032116637,580.4954228447978,1.0016554462104055,excluded,1139,1181
kepler-653 b,1897,1899,2,225.2740342668629,225.18949366232977,1.0003754198437869,excluded,1877,1910
kepler-665 b,703,701,2,1035.6645075084957,1035.2758444127098,1.0003754198437869,excluded,685,721
kepler-669 b,559,557,2,1359.2477132208796,1358.640617166307,1.000446840795794,excluded,539,577
kepler-679 b,686,684,2,1080.569115926511,1076.830241091737,1.0034721116589216,excluded,665,707
kepler-680 b,1465,1467,2,398.99560099019345,398.6186361090461,1.0009456780165296,excluded,1444,1487
kepler-690 b,446,444,2,2207.901154186743,2206.4331685041807,1.0006653207101475,excluded,436,454
kepler-710 b,1552,1554,2,359.1222733435732,357.93629496265663,1.0033133783793575,excluded,1528,1573
kepler-713 b,1249,1247,2,525.0742503158541,526.2665865944455,1.0022707955643877,excluded,1228,1270
kepler-715 b,671,673,2,1093.275204155342,1090.3569128056824,1.0026764551271108,excluded,653,691
kepler-727 b,961,959,2,727.6567101837807,725.8000007819911,1.0025581556899823,excluded,944,982
kepler-737 b,546,544,2,1400.5550551982599,1398.306873370069,1.0016077885841843,excluded,528,562
kepler-739 b,654,652,2,1139.7378365300738,1141.2058072865386,1.0012879898424132,excluded,635,671
kepler-746 b,2277,2279,2,119.40184975940957,119.46835531530706,1.0005569893266435,excluded,2269,2288
kepler-758 c,2281,2283,2,119.1471802152601,118.78717250504313,1.0030306951720875,excluded,2272,2290
kepler-765 b,1383,1381,2,441.58498713234525,440.73104290719215,1.0019375631439986,excluded,1360,1406
kepler-767 b,367,365,2,4179.210717923763,4184.5934988777535,1.0012879898424132,excluded,357,375
kepler-769 c,2135,2133,2,164.63667587636678,164.00570187505426,1.003847268686995,excluded,2120,2144
kepler-770 c,2209,2207,2,142.52743305168417,142.67887024763698,1.0010625126174684,excluded,2197,2216
kepler-770 d,2022,2024,2,194.51403104485672,194.20179561483928,1.0016077885841834,excluded,2002,2035
kepler-774 b,2189,2191,2,144.09493050214982,143.89994135446375,1.0013550328502618,excluded,2172,2200
kepler-784 b,2268,2270,2,120.22559240029562,120.15424973344582,1.0005937589973561,excluded,2261,2278
kepler-791 b,1534,1532,2,360.7527923524347,361.02546303402494,1.0007558380347168,excluded,1508,1555
kepler-797 b,1397,1399,2,439.4027919447184,437.5675241436907,1.004194250486526,excluded,1373,1423
kepler-8 b,210,212,2,9608.016381568817,9567.433464376221,1.0042417767882792,excluded,192,233
kepler-812 b,1526,1524,2,362.10361992304456,361.44091232421073,1.0018335157317204,excluded,1500,1544
kepler-82 d,1672,1674,2,294.5487063642874,294.20885522649536,1.0011551356519515,excluded,1655,1684
kepler-838 b,1013,1015,2,680.681189928846,678.1966691313382,1.0036634222941407,excluded,991,1040
kepler-844 b,956,954,2,729.6916382332048,728.5203315607753,1.0016077885841843,excluded,941,975
kepler-862 b,1156,1154,2,579.536032116637,580.4954228447978,1.0016554462104055,excluded,1139,1181
kepler-873 b,950,948,2,733.1430719910829,731.1860852443585,1.0026764551271108,excluded,934,969
kepler-892 b,594,596,2,1280.527804553949,1277.3810568301876,1.0024634369728092,excluded,574,614
kepler-895 b,1216,1214,2,531.4813470827892,534.5084755930233,1.0056956439334126,excluded,1198,1241
kepler-904 b,2117,2115,2,168.3451894406194,168.15095228073034,1.0011551356519515,excluded,2091,2134
kepler-95 b,1279,1281,2,493.0239492467876,493.3859877287646,1.0007343223032676,excluded,1267,1300
kepler-962 b,1384,1386,2,441.301085728185,440.0564331632788,1.0028283930675872,excluded,1361,1410
kepler-972 b,611,609,2,1219.2228541921963,1218.3135344820116,1.0007463757763893,excluded,593,629
kepler-985 b,706,704,2,1031.8866281684786,1030.7836023292955,1.0010700847750107,excluded,691,723
kepler-990 b,1295,1297,2,486.2224659736385,486.0399969139229,1.0003754198437869,excluded,1276,1320
kepler-996 b,1821,1823,2,254.00565926897875,252.98426054518018,1.0040374002777779,excluded,1797,1837
kepler-999 b,2101,2099,2,169.05625597544787,168.6695362513586,1.002292765680656,excluded,2080,2118
qatar-2 b,10,8,2,27125.61241331177,27515.21298843927,1.423252949639232,guaranteed,2,25
qatar-6 b,19,17,2,22797.183823587002,22797.183823587002,1.0,possible,14,26
trappist-1 g,269,271,2,7774.40145177132,7523.296836240133,1.0425642035047251,excluded,245,288
wasp-114 b,223,221,2,9238.37616858115,9238.37616858115,1.0,excluded,200,240
wasp-130 b,230,228,2,9056.16048344931,9056.16048344931,1.0,excluded,208,248
wasp-142 b,224,222,2,9170.683987126406,9170.683987126406,1.0,excluded,201,241
wasp-18 b,217,219,2,9452.532748128308,9312.340484624754,1.3027749292932675,excluded,166,270
wasp-33 b,128,126,2,12984.918288287987,12823.415900767692,1.012594334362237,excluded,108,156
wasp-7 b,226,224,2,9089.161260812883,9089.161260812883,1.0,excluded,204,244
wasp-88 b,286,288,2,7038.461439093186,6932.139028109891,1.8103968733855527,excluded,198,348
wasp-98 b,12,14,2,26019.314652787474,25114.364651013057,1.2120122644897944,guaranteed,6,24
wts-2 b,4,2,2,30748.501371540347,34614.86110300612,1.1257414039386104,guaranteed,2,8
corot-16 b,197,196,1,10185.547149818613,10178.511814248875,1.0006911949112136,excluded,177,219
corot-26 b,339,338,1,5220.854512582151,5218.385466000484,1.0004731437717191,excluded,323,348
corot-30 b,124,123,1,13238.053188302623,12954.06615532518,1.021922617159146,excluded,107,152
hat-p-21 b,232,233,1,9048.611036464594,8867.103540895692,1.4089391237443505,excluded,167,287
hat-p-26 b,332,331,1,5411.645746097462,5525.214672930538,1.5170222048295037,excluded,278,372
hat-p-31 b,302,301,1,6522.2328792682465,6479.327889321217,1.08401982362129,excluded,277,328
hat-p-32 b,20,21,1,22726.664389146725,22105.478195015527,1.089601194033477,possible,12,34
hat-p-49 b,314,313,1,6261.3208151636345,6277.205848363365,1.5992613284861958,excluded,241,359
hat-p-51 b,77,78,1,16255.568163825514,15453.718582788504,1.2603168691379218,excluded,40,124
hats-17 b,336,337,1,5344.401770817518,5344.401770817518,1.0,excluded,320,346
hats-18 b,51,50,1,18103.770430427758,17887.76913719644,1.0120753623089955,excluded,37,64
hats-24 b,67,66,1,16961.852273683802,16346.279957770745,1.2442071703530138,excluded,36,104
hats-6 b,2,3,1,32301.146242081137,32301.146242081137,1.0,guaranteed,2,5
hats-8 b,293,292,1,6808.875602032482,6808.875602032482,1.0,excluded,275,310
k2-11 b,2062,2061,1,180.47285876167012,180.24045275532941,1.0012894220070352,excluded,2045,2069
k2-14 b,212,211,1,9576.26420621034,9581.598083162318,1.0005569893266435,excluded,192,233
k2-16 c,599,600,1,1246.4372115677954,1242.0880589333426,1.003501484941565,excluded,579,619
k2-24 c,382,381,1,3761.9447827521026,3505.737327261074,1.2704060938904997,excluded,360,403
kelt-1 b,320,321,1,6064.703964190385,5999.67703856369,1.0108384043355545,excluded,300,334
kelt-21 b,204,203,1,9878.366475157865,9878.366475157865,1.0,excluded,186,223
kepler-10 b,2143,2142,1,160.3976782858041,159.7747984648206,1.00389848603765,excluded,2128,2152
kepler-101 c,2493,2494,1,53.501695253847295,53.84478581756451,1.3049425150609548,excluded,2487,2532
kepler-102 b,2552,2551,1,32.17940124608433,33.85410644852876,1.154161831436752,excluded,2547,2554
kepler-1021 b,1122,1123,1,616.3626734550681,615.5846247004881,1.001263918433568,excluded,1105,1145
kepler-1022 b,726,725,1,1014.5037296459144,1010.1340366729762,1.004325854603742,excluded,709,743
kepler-1040 b,1478,1479,1,395.5396137929717,393.6923975002779,1.0046920293722272,excluded,1457,1497
kepler-1046 b,1876,1875,1,228.04615062661955,226.72445502116227,1.0058295237950132,excluded,1858,1889
kepler-106 b,2495,2496,1,51.91413288432889,52.135536936571725,1.0042648126808964,excluded,2493,2498
kepler-106 e,1270,1271,1,506.41851826964853,508.1431512009473,1.003405548709379,excluded,1251,1289
kepler-1083 b,503,504,1,1599.4387806508228,1596.8713491252897,1.0016077885841834,excluded,492,520
kepler-1086 c,495,494,1,1660.4326874354197,1664.1007418619017,1.0022090955292788,excluded,484,510
kepler-1090 b,1078,1077,1,633.0980456472194,631.4081101734462,1.0026764551271108,excluded,1060,1102
kepler-1128 b,564,565,1,1352.2561905421476,1349.1982485400613,1.002266488268418,excluded,544,585
kepler-1137 b,2274,2275,1,119.55921626590745,119.88988402752841,1.0027657237304528,excluded,2265,2285
kepler-1146 b,1778,1777,1,260.1931465278746,258.93274018130825,1.004867697865028,excluded,1757,1788
kepler-1148 b,1440,1441,1,405.20892930688245,403.9845752052102,1.0030306951720875,excluded,1421,1463
kepler-115 b,2444,2445,1,67.71412808723933,68.62016002716828,1.013380249669045,excluded,2440,2447
kepler-1151 b,1183,1184,1,571.7406774085171,572.0591308634415,1.0005569893266435,excluded,1166,1206
kepler-1156 b,2166,2165,1,146.713668793762,146.12370889089607,1.004037400277777,excluded,2155,2173
kepler-116 c,1956,1955,1,210.6096568071706,209.8455110997219,1.0074117690273303,excluded,1942,1963
kepler-1175 b,723,722,1,1015.6221946176584,1013.720662249228,1.0018757952158253,excluded,708,740
kepler-118 b,1766,1765,1,271.5999366363764,269.1846699334444,1.0089725269404426,excluded,1749,1773
kepler-118 c,368,367,1,4161.354457737267,4132.954465816947,1.007834467283054,excluded,358,376
kepler-1195 b,973,972,1,723.1289586820127,719.7518618057052,1.0046920293722272,excluded,954,993
kepler-1209 b,2318,2319,1,100.83607369365382,100.40805310235719,1.0042628113788872,excluded,2306,2334
kepler-1221 b,1379,1380,1,442.28012277783046,440.819520908055,1.0033133783793575,excluded,1353,1406
kepler-1231 b,2091,2092,1,169.94719649343486,169.10229947635608,1.0049963662214831,excluded,2074,2108
kepler-1233 b,1518,1517,1,362.96312595945744,362.826913536256,1.0003754198437869,excluded,1494,1538
kepler-1248 b,2428,2427,1,79.34406017236834,79.75650204179772,1.0051981442408338,excluded,2424,2433
kepler-125 c,2068,2067,1,176.46317203966572,175.1847678497467,1.0084198823915551,excluded,2054,2078
kepler-1252 b,1981,1980,1,196.89110835148387,196.85786508112187,1.0001688694040662,excluded,1961,1995
kepler-1253 b,2235,2236,1,123.3147751185576,122.60007506370333,1.0058295237950132,excluded,2225,2244
kepler-1255 b,1544,1543,1,359.9243328891039,359.8427432290306,1.000226736988889,excluded,1522,1562
kepler-1260 b,1894,1895,1,225.51385331015746,225.25365478278547,1.0011551356519515,excluded,1876,1908
kepler-1284 b,1980,1981,1,196.92456336325006,196.73851207737377,1.0009456780165296,excluded,1961,1995
kepler-1286 b,1443,1442,1,404.44257689338684,403.6431557611674,1.0019805145233094,excluded,1422,1463
kepler-1303 b,2091,2092,1,169.94719649343486,169.10229947635608,1.0049963662214831,excluded,2074,2108
kepler-1314 b,311,310,1,6294.079510031037,6290.868418406802,1.0005104369398092,excluded,294,327
kepler-1326 b,1311,1312,1,484.20105330697425,483.97941631080596,1.00045794715374,excluded,1293,1334
kepler-1338 b,2458,2457,1,64.2622118366732,64.38280309030024,1.0018765500000768,excluded,2449,2465
kepler-1348 b,1681,1680,1,291.5627853434191,291.81633970029975,1.0008696389581475,excluded,1661,1692
kepler-135 b,2095,2096,1,169.33661456075615,169.0089114900232,1.0138754028575399,excluded,2067,2134
kepler-1365 b,2458,2457,1,64.2622118366732,64.38280309030024,1.0018765500000768,excluded,2449,2465
kepler-1369 b,1114,1113,1,619.239508163084,619.1658505554221,1.0001189626456237,excluded,1098,1135
kepler-1371 c,2503,2502,1,49.6935576063699,49.86279143734071,1.003405548709379,excluded,2497,2506
kepler-1375 b,2425,2424,1,79.89690469243206,80.13667454311455,1.003000990483993,excluded,2421,2429
kepler-1385 b,2538,2539,1,36.57247289896115,36.4108867027372,1.0044378539183394,excluded,2536,2542
kepler-1387 b,2238,2237,1,122.42815288781699,122.33684363117055,1.000746375776391,excluded,2228,2247
kepler-1394 b,2556,2557,1,24.915498009934804,24.918509652473496,1.0001208742661893,excluded,2556,2557
kepler-1409 b,2169,2170,1,146.02199490129888,145.3400550938375,1.0046920293722272,excluded,2156,2179
kepler-142 b,1960,1959,1,206.98512000860285,206.23184784984787,1.0068198929762842,excluded,1948,1965
kepler-1425 b,2389,2390,1,82.37926718997592,82.10721491927315,1.0033133783793575,excluded,2386,2393
kepler-1434 b,2557,2558,1,24.81513356807797,24.828955332614626,1.0005569893266435,excluded,2557,2558
kepler-1452 b,2185,2186,1,144.21359632878128,144.0674642105994,1.0010143311606308,excluded,2169,2199
kepler-1455 b,675,676,1,1090.231384838895,1086.8705619983996,1.0030922015537125,excluded,656,694
kepler-1457 b,1595,1596,1,327.26820905977416,325.56389053556427,1.0052349740673214,excluded,1574,1614
kepler-146 c,1196,1195,1,560.2014501476032,563.0249374254428,1.0050401284700274,excluded,1182,1217
kepler-1460 b,978,977,1,718.8413560206702,717.687466305333,1.0016077885841834,excluded,962,998
kepler-1462 b,608,607,1,1225.2235076851082,1223.7692892673954,1.001188310926305,excluded,591,626
kepler-1463 b,1631,1630,1,321.71812453046704,321.47818100352805,1.0007463757763901,excluded,1606,1647
kepler-147 b,2375,2374,1,90.18819808810866,91.09689509766991,1.0100755645286703,excluded,2368,2381
kepler-1471 b,2032,2033,1,193.4112607673081,192.77253242623306,1.0033133783793575,excluded,2016,2040
kepler-1474 b,1519,1520,1,362.8728721727095,361.75425510301784,1.0030922015537125,excluded,1494,1542
kepler-1475 b,1402,1401,1,438.0943358349213,436.4340115687597,1.0038042962329943,excluded,1380,1424
kepler-1486 b,1544,1543,1,359.9243328891039,359.8427432290306,1.000226736988889,excluded,1522,1562
kepler-149 c,1851,1850,1,242.09417296645978,239.35294491313027,1.011452660648585,excluded,1834,1864
kepler-15 b,205,204,1,9867.921467719805,9866.747693310517,1.0001189626456228,excluded,187,224
kepler-1500 b,2263,2262,1,120.63521933494552,120.76339577759998,1.0010625126174684,excluded,2251,2274
kepler-1503 b,886,885,1,792.9306385611925,789.1527956618717,1.004787213477654,excluded,871,902
kepler-1511 b,2210,2211,1,142.46548480377874,142.23679810353707,1.0016077885841834,excluded,2200,2219
kepler-1514 b,264,263,1,7879.375916895173,7785.387776258852,1.2312911979617662,excluded,219,306
kepler-1530 c,1674,1673,1,294.01933297623236,294.83250922265637,1.002765723730452,excluded,1655,1684
kepler-1531 b,2464,2463,1,64.0279371671606,64.06360004476971,1.0005569893266435,excluded,2453,2471
kepler-1533 b,1385,1384,1,441.2346672332306,440.32275292845236,1.0020710133617066,excluded,1361,1409
kepler-1542 c,2540,2541,1,36.16530738646901,36.151735307647186,1.0003754198437869,excluded,2538,2543
kepler-1572 b,2389,2390,1,82.37926718997592,82.10721491927315,1.0033133783793575,excluded,2386,2393
kepler-1573 b,2263,2262,1,120.63521933494552,120.76339577759998,1.0010625126174684,excluded,2251,2274
kepler-1575 b,2084,2085,1,170.4129645422749,170.0355619666458,1.00221955084727,excluded,2066,2099
kepler-1578 b,2236,2235,1,123.2183978067883,122.64295346682528,1.0046920293722272,excluded,2225,2244
kepler-158 b,733,734,1,979.1445076344974,968.0000215138485,1.0143788267458094,excluded,719,754
kepler-1585 b,1602,1603,1,325.73448829349036,324.486103069785,1.003847268686995,excluded,1578,1620
kepler-1607 b,2523,2524,1,48.39088077995507,48.48168868728641,1.0018765500000768,excluded,2514,2528
kepler-1627 b,501,500,1,1616.3662978261975,1618.3296261331766,1.0012146555577282,excluded,489,515
kepler-163 c,1269,1270,1,507.96483345627774,509.39072308664277,1.0103144913110187,excluded,1251,1289
kepler-164 d,1493,1494,1,382.1194216629198,381.96293084566497,1.0073994371250063,excluded,1475,1512
kepler-1642 b,613,612,1,1212.935510027928,1217.0662209886634,1.003405548709379,excluded,595,632
kepler-169 c,1953,1952,1,212.7780817088026,210.90869728118284,1.008863477190452,excluded,1939,1961
kepler-181 c,1144,1145,1,593.504533443334,591.9913239643583,1.007920971465057,excluded,1127,1166
kepler-203 d,2216,2215,1,140.11368155485528,140.12880776388,1.0146020387739756,excluded,2205,2222
kepler-208 c,2369,2370,1,94.40768359046737,93.84512011797142,1.0062378072516198,excluded,2363,2376
kepler-212 b,2530,2531,1,46.509783698877406,47.0651918911912,1.0119417496307814,excluded,2525,2532
kepler-213 b,2155,2154,1,153.84382712447163,154.12285415498755,1.0150008249856524,excluded,2138,2163
kepler-217 d,2531,2530,1,45.281996541284556,47.17320147562502,1.0501940782864145,excluded,2524,2532
kepler-218 c,946,947,1,735.2091357042167,731.754819655835,1.0066170766102758,excluded,932,969
kepler-221 e,824,825,1,865.3954003828541,860.5933922891945,1.005579880274105,excluded,806,846
kepler-225 b,1252,1253,1,523.5903616968124,524.1466830625001,1.0010625126174684,excluded,1235,1272
kepler-246 c,1758,1759,1,274.637587066783,273.2456740280729,1.0050939984453957,excluded,1740,1770
kepler-248 b,665,664,1,1106.7637802260792,1107.604375735838,1.005591168147564,excluded,644,681
kepler-261 b,1076,1075,1,635.4126257492522,632.1859022228999,1.0152257189110077,excluded,1056,1106
kepler-27 c,325,324,1,5860.138663540749,5784.435213021837,1.013087440299874,excluded,303,337
kepler-270 c,2234,2233,1,123.39996176626376,123.08890984845833,1.0025270507163349,excluded,2225,2243
kepler-272 b,1965,1966,1,199.60003126805097,198.70713946512518,1.0088255475858725,excluded,1952,1976
kepler-284 b,1070,1071,1,642.386663989482,635.0677388778445,1.0115246369223068,excluded,1051,1094
kepler-286 b,2069,2070,1,175.53172382673586,173.13887981414902,1.0138203736512292,excluded,2055,2082
kepler-286 d,1964,1965,1,201.74537303063096,199.18402998390238,1.012859178755122,excluded,1952,1972
kepler-288 d,1273,1274,1,502.3512428026417,502.27995424734263,1.0035323466712158,excluded,1258,1293
kepler-29 b,716,717,1,1022.1307958349356,1017.7263598835164,2.971091713437418,excluded,475,1164
kepler-290 b,919,920,1,777.3833562695218,769.0600169199206,1.010822743565497,excluded,905,936
kepler-293 c,570,569,1,1337.2613998057911,1343.2179809860377,1.0081078418325706,excluded,551,590
kepler-297 c,365,364,1,4231.243487859542,4284.361746345562,1.012553817486143,excluded,355,374
kepler-299 b,2219,2218,1,138.29170401900458,137.2022685788265,1.0079403602539718,excluded,2209,2225
kepler-299 d,1760,1761,1,273.6832947391332,272.4202068269674,1.0046365426664847,excluded,1740,1770
kepler-30 b,540,541,1,1430.1956109370815,1413.3666126325757,1.0119070297501649,excluded,522,559
kepler-30 d,278,277,1,7286.408822741487,7195.9967443962305,1.0125642189062498,excluded,260,297
kepler-306 b,1501,1500,1,375.94073543324475,374.80227608584795,1.0086293262651056,excluded,1480,1519
kepler-308 c,1372,1373,1,444.18662125622734,441.8766775565191,1.0052275755137876,excluded,1347,1398
kepler-309 b,1482,1481,1,392.7092857539857,392.6010816079225,1.0052900739865498,excluded,1460,1498
kepler-309 c,719,720,1,1019.8530677497016,1016.3650863897406,1.0034318193399883,excluded,702,737
kepler-314 b,2465,2464,1,63.93266257544047,64.01500719543601,1.0012879898424123,excluded,2454,2472
kepler-315 c,571,570,1,1333.654492749978,1343.1097603213643,1.0070897429752512,excluded,552,590
kepler-318 b,573,574,1,1312.535990377679,1315.9849709216237,1.0026277226447349,excluded,557,596
kepler-322 b,2300,2301,1,107.74858322725487,108.0029352641447,1.002360606787315,excluded,2294,2305
kepler-322 c,1671,1670,1,295.3242341022575,295.27437129514084,1.0001688694040662,excluded,1653,1681
kepler-324 b,2151,2152,1,155.36326311271847,154.4628184371939,1.0058295237950141,excluded,2138,2163
kepler-326 c,1791,1790,1,257.2448060568231,256.1909969099175,1.0041133730678138,excluded,1769,1809
kepler-327 d,700,699,1,1040.7725861114986,1036.8951072362722,1.0126399846168719,excluded,682,721
kepler-33 e,1435,1436,1,412.25771174644865,409.14962236267195,1.0075964615727342,excluded,1414,1455
kepler-330 b,1677,1676,1,292.68742378020755,293.2013504750292,1.0129329737517607,excluded,1655,1696
kepler-336 d,1752,1751,1,277.57782520016,277.02204675502986,1.0103376130079966,excluded,1733,1762
kepler-340 b,2147,2146,1,157.24613669888217,156.8449030177825,1.0025581556899823,excluded,2134,2155
kepler-341 b,2293,2294,1,111.65670751476782,111.361975325962,1.0130975098956911,excluded,2287,2299
kepler-342 c,2162,2161,1,149.33031825520806,148.68574976761144,1.0043351060111951,excluded,2150,2169
kepler-352 c,1951,1950,1,213.38471883999648,211.4044510719603,1.0093671999714051,excluded,1938,1959
kepler-361 c,1670,1671,1,297.0721930493586,295.27173822579465,1.006097619888657,excluded,1651,1681
kepler-362 b,2230,2231,1,126.85154248696361,124.5844311702949,1.0181973886734674,excluded,2222,2239
kepler-363 b,2498,2499,1,50.35104348445207,51.1724129177857,1.01631285821489,excluded,2495,2501
kepler-374 b,2301,2302,1,107.69596519203526,107.20388394770227,1.0045901438102098,excluded,2296,2306
kepler-376 b,2443,2442,1,68.29513357238542,69.54479745776082,1.018297993136669,excluded,2439,2447
kepler-378 c,2374,2373,1,90.22779338917411,91.26912020917686,1.0175936720621985,excluded,2368,2381
kepler-381 b,2551,2552,1,33.10340003697569,33.4311331261425,1.009900284828771,excluded,2550,2553
kepler-384 c,2218,2217,1,138.7982421995718,137.65517445971713,1.008303848688152,excluded,2209,2224
kepler-385 b,1283,1282,1,491.2802761676126,492.9709610967011,1.0108069116596479,excluded,1266,1303
kepler-387 c,2491,2490,1,59.64611303876818,60.71408701144025,1.0179051729989164,excluded,2487,2493
kepler-389 c,1731,1730,1,285.3245131034745,284.9890494888341,1.0089774246352403,excluded,1698,1750
kepler-390 c,2383,2382,1,84.86203411378801,86.91676716423272,1.024212630205041,excluded,2376,2388
kepler-391 c,2388,2387,1,82.55517375608056,83.92173815695187,2.325819623876018,excluded,2222,2494
kepler-392 c,2429,2428,1,79.250466479336,79.61049255508021,1.0045428890420234,excluded,2424,2433
kepler-393 c,2433,2432,1,78.35059750759015,77.67120096248912,1.0087470843334732,excluded,2429,2436
kepler-397 c,333,334,1,5395.457924937455,5444.5130956237435,1.0090919383245598,excluded,315,345
kepler-400 c,2214,2213,1,140.9334761534452,142.01505552581298,1.0098321444022436,excluded,2204,2221
kepler-401 b,2217,2216,1,139.43960456653946,138.00815388630866,1.0103722181619066,excluded,2208,2224
kepler-402 e,2292,2293,1,112.16366126724516,111.88822600705262,1.0102720226411877,excluded,2287,2299
kepler-405 b,1351,1350,1,460.20617102840896,454.98447366070565,1.0114766495781509,excluded,1330,1374
kepler-405 c,439,438,1,2302.0418295031877,2283.7141355922763,1.008025388828343,excluded,427,448
kepler-406 c,2494,2495,1,53.157701241297275,52.92283741988381,1.0044378539183394,excluded,2492,2496
kepler-431 b,2536,2535,1,41.09888458469548,41.05010429723316,1.001188310926304,excluded,2534,2536
kepler-439 b,1195,1196,1,561.9928239036676,561.0907086675805,1.0016077885841834,excluded,1182,1217
kepler-444 b,2560,2559,1,21.539157685952933,24.085032438178356,1.1181975075044719,excluded,2559,2560
kepler-444 d,2535,2534,1,41.68628209273843,41.657085579520235,1.0007008774812742,excluded,2532,2535
kepler-447 b,11,10,1,27039.583754075,26005.670083639136,1.0397572401368858,guaranteed,8,16
kepler-449 b,2133,2132,1,164.6815696455703,164.72473495317965,1.0002621137732792,excluded,2118,2142
kepler-45 b,3,4,1,32101.37610317429,32097.557692793125,1.0001189626456228,guaranteed,3,6
kepler-450 d,2559,2560,1,23.853299523802665,21.801103234705064,1.094132680672358,excluded,2559,2560
kepler-48 b,1503,1502,1,375.4439522229683,374.20407253954824,1.0033133783793575,excluded,1482,1519
kepler-482 b,794,793,1,904.9122773693492,901.0146191311421,1.004325854603742,excluded,773,814
kepler-491 b,312,311,1,6293.007493084294,6289.673242450616,1.0005301150799335,excluded,294,327
kepler-504 b,461,460,1,1950.991475406317,1946.8800432695043,1.0021118055788933,excluded,452,473
kepler-506 b,1377,1376,1,442.98833743268455,441.3714075781663,1.0036634222941407,excluded,1351,1400
kepler-525 b,1394,1393,1,439.9938504479627,438.62021227372446,1.0031317256610623,excluded,1370,1417
kepler-536 b,717,718,1,1020.6717336350666,1017.4573158400456,1.003159265499376,excluded,701,737
kepler-551 b,508,507,1,1580.538636025257,1574.7695900011117,1.0036634222941407,excluded,493,523
kepler-560 b,442,441,1,2264.9652572796294,2278.252410904831,1.0058663829754106,excluded,429,450
kepler-563 b,562,563,1,1353.7649839428568,1350.5427409813617,1.0023858874389668,excluded,543,585
kepler-565 b,604,605,1,1233.1788686141156,1231.199360337712,1.0016077885841825,excluded,586,625
kepler-589 b,1087,1086,1,630.2929564176355,627.2899853453927,1.004787213477654,excluded,1067,1111
kepler-603 b,1170,1169,1,575.2913196500816,577.3269415635968,1.003538419308592,excluded,1150,1195
kepler-608 b,673,674,1,1091.014536735849,1089.263231746677,1.0016077885841825,excluded,654,692
kepler-617 b,1074,1073,1,636.7780763618144,634.2174865056251,1.0040374002777779,excluded,1056,1095
kepler-62 c,2490,2491,1,61.16569835733318,59.703583117587904,1.0395614246673381,excluded,2486,2493
kepler-65 d,2362,2363,1,97.24553529030503,97.45896053901514,1.0340884715341232,excluded,2342,2375
kepler-655 b,1456,1457,1,401.3228839135709,400.56042196454797,1.0019034879813722,excluded,1431,1478
kepler-656 b,616,615,1,1211.0677795054498,1214.0995768241771,1.0025034084549465,excluded,597,632
kepler-682 b,327,326,1,5759.414517087055,5750.793681451839,1.0014990688438399,excluded,306,339
kepler-684 b,593,594,1,1282.1893632340082,1280.1311829318333,1.0016077885841834,excluded,572,614
kepler-712 b,502,503,1,1600.532600950987,1602.8481381509675,1.0014467291691558,excluded,491,517
kepler-719 b,310,309,1,6336.969195247948,6338.695107401935,1.0002723560902398,excluded,293,325
kepler-724 b,605,606,1,1231.4146644499413,1227.347996135599,1.0033133783793566,excluded,587,625
kepler-740 b,438,437,1,2317.33266645177,2314.017928094492,1.001432460101987,excluded,425,445
kepler-745 b,1519,1520,1,362.8728721727095,361.75425510301784,1.0030922015537125,excluded,1494,1542
kepler-750 c,2167,2168,1,146.43076942245958,145.47642858396193,1.006560106319539,excluded,2155,2178
kepler-758 e,2365,2364,1,96.65129798085401,97.3596485126765,1.0073289293224268,excluded,2356,2372
kepler-768 b,1376,1375,1,443.360831288362,441.66164028942967,1.003847268686995,excluded,1350,1399
kepler-769 b,1402,1401,1,438.0943358349213,436.4340115687597,1.0038042962329943,excluded,1380,1424
kepler-77 b,203,202,1,9907.832130609338,9908.495079882143,1.0000669116375878,excluded,185,222
kepler-777 b,1166,1165,1,576.5979581049655,577.8717180764065,1.0022090955292788,excluded,1148,1190
kepler-796 b,2280,2281,1,119.33546930217403,119.29068521176671,1.000375419843786,excluded,2271,2289
kepler-811 b,1471,1472,1,398.0130185879401,397.60971066863954,1.0010143311606308,excluded,1449,1491
kepler-820 b,493,492,1,1679.6871711235622,1681.6266951635207,1.0011546936080136,excluded,480,507
kepler-822 b,1894,1895,1,225.51385331015746,225.25365478278547,1.0011551356519515,excluded,1876,1908
kepler-823 b,1911,1912,1,224.08880883172156,224.3002012292981,1.0009433420556726,excluded,1892,1924
kepler-842 b,1444,1445,1,404.327162018639,402.8719860806909,1.0036120057691396,excluded,1422,1467
kepler-852 b,1445,1446,1,403.498847621085,402.09093227657866,1.003501484941565,excluded,1424,1470
kepler-853 b,2336,2335,1,99.99932328243514,99.69717154596003,1.0030306951720875,excluded,2320,2352
kepler-859 b,562,563,1,1353.7649839428568,1350.5427409813617,1.0023858874389668,excluded,543,585
kepler-864 b,1315,1316,1,482.5408773397822,483.0535831104,1.0010625126174684,excluded,1298,1335
kepler-879 b,1218,1219,1,531.1010792545978,532.4008345958486,1.0024472843155863,excluded,1201,1241
kepler-890 b,340,339,1,5189.147917020411,5190.622673094375,1.0002842000454693,excluded,325,349
kepler-908 b,2340,2339,1,99.79838500444463,99.50764324875314,1.0029218032524865,excluded,2323,2352
kepler-909 b,2275,2276,1,119.51954502063401,119.78357511320053,1.0022090955292788,excluded,2265,2285
kepler-910 b,2555,2556,1,24.95570050119562,25.062131889153772,1.0042648126808964,excluded,2555,2556
kepler-915 b,2348,2347,1,99.34773877877905,99.08254878308135,1.0026764551271108,excluded,2336,2359
kepler-916 b,1476,1475,1,395.8547220169186,395.9388545537328,1.000212533871986,excluded,1455,1494
kepler-920 c,494,493,1,1675.977206113259,1676.1086457406227,1.0000784256652682,excluded,481,508
kepler-949 b,745,744,1,963.066677273544,960.2004384730244,1.0029850421700262,excluded,725,767
kepler-959 b,1468,1469,1,398.7199468473329,398.2253756706704,1.0012419378745756,excluded,1446,1489
kepler-96 b,1177,1176,1,573.6673506092068,574.6388756454068,1.001693533779059,excluded,1158,1199
kepler-967 b,966,965,1,726.0477406147772,723.6500143031641,1.0033133783793566,excluded,948,988
kepler-971 b,1243,1242,1,526.4727694737136,526.6161575388252,1.0002723560902398,excluded,1225,1264
kepler-978 b,1081,1080,1,632.2314410733271,631.0477247702456,1.0018757952158253,excluded,1061,1103
kepler-981 b,1301,1300,1,485.17513732566016,485.57276310586946,1.0008195510231648,excluded,1282,1324
kepler-997 b,2476,2475,1,63.39107354387601,63.738442142827076,1.005479771512477,excluded,2464,2486
ogle-tr-113 b,23,24,1,22183.478652185695,21010.383656149937,1.0558340587794255,possible,18,38
wasp-107 b,27,26,1,21373.438648941446,20740.18684668945,1.030532598714417,possible,19,40
wasp-110 b,31,30,1,20806.356492478943,20061.339626494268,1.1801674003428522,possible,18,55
wasp-43 b,13,12,1,25419.933248449976,25312.73829898413,1.5336759622502547,possible,4,40
wasp-47 b,186,187,1,10719.198364193016,10378.607629961683,1.0471860180893484,excluded,163,216
wasp-79 b,173,174,1,11321.832082872095,10817.677605999983,1.4562980843969524,excluded,104,241
wasp-99 b,369,368,1,4115.916896909174,4075.859549833956,1.339438155964818,excluded,342,388
corot-17 b,363,363,0,4336.233473847315,4333.821668068951,1.0005565078499037,excluded,353,373
corot-2 b,7,7,0,27795.131759057695,27586.54307778621,1.010218192113431,guaranteed,6,13
hat-p-39 b,207,207,0,9848.094384723838,9847.715214118802,1.0000385034088408,excluded,189,227
hat-p-54 b,15,15,0,24664.94908652672,24664.94908652672,1.0,guaranteed,10,20
k2-105 b,627,627,0,1195.5267800812821,1183.6777937088616,1.2263824106936159,excluded,557,708
k2-110 b,663,663,0,1107.906633269214,1108.3163987968799,1.0003698556497103,excluded,644,681
k2-136 b,2044,2044,0,187.31995121933284,188.13577947304412,1.1119014424960132,excluded,1958,2070
k2-6 b,1193,1193,0,568.5567537955451,568.7355501980254,1.000314474151062,excluded,1178,1214
k2-66 b,2048,2048,0,186.19995402094574,186.43977767038237,1.0012879898424123,excluded,2035,2054
kelt-18 b,282,282,0,7134.263190497164,7134.263190497164,1.0,excluded,265,304
kepler-1025 b,1781,1781,0,258.52122702323186,257.4816704554124,1.0040374002777779,excluded,1763,1794
kepler-1036 b,746,746,0,962.5673124577024,959.2367354050367,1.0034721116589216,excluded,725,769
kepler-104 d,1146,1146,0,588.3291838281025,590.6292873827172,1.0039095520294412,excluded,1130,1166
kepler-1050 c,2192,2192,0,143.77968845647138,143.85977220832964,1.0005569893266426,excluded,2178,2202
kepler-106 d,2439,2439,0,70.38461439093201,69.97668364850686,1.0058295237950141,excluded,2436,2443
kepler-1065 b,566,566,0,1350.9184489308411,1349.0392668341326,1.0013929780569832,excluded,544,585
kepler-1067 b,2489,2489,0,61.41258286268584,62.056446231471874,1.0104842255246889,excluded,2486,2491
kepler-1086 b,649,649,0,1149.5600932008745,1146.2110899103393,1.0029218032524856,excluded,630,667
kepler-1087 b,2550,2550,0,34.77269692027059,35.31642929245022,1.015636761607141,excluded,2547,2552
kepler-1093 b,1933,1933,0,221.53511105923928,221.45197359390636,1.0003754198437869,excluded,1919,1940
kepler-1103 b,1591,1591,0,328.3242477702147,326.7599779995772,1.004787213477654,excluded,1571,1607
kepler-1133 b,1448,1448,0,402.94602840069837,401.80955304637166,1.0028283930675872,excluded,1425,1472
kepler-1214 b,951,951,0,732.9789446691728,729.821841496225,1.004325854603742,excluded,934,970
kepler-1236 b,1185,1185,0,571.6702508169651,571.1795716247536,1.0008590629227438,excluded,1168,1208
kepler-1261 b,968,968,0,725.1500000630692,722.450760238833,1.0037362267060856,excluded,949,990
kepler-1298 b,2543,2543,0,36.059383297145374,35.97952491214225,1.00221955084727,excluded,2540,2546
kepler-131 c,2492,2492,0,55.86690858279956,55.77723058820244,1.0016077885841843,excluded,2489,2494
kepler-1320 b,1370,1370,0,444.5599134489501,442.5957382178597,1.0044378539183394,excluded,1347,1395
kepler-1333 b,897,897,0,784.2930220708494,782.3657134460881,1.0024634369728092,excluded,880,919
kepler-134 c,2367,2367,0,94.92456016975103,96.27183974617353,1.014193161116714,excluded,2360,2375
kepler-1341 b,531,531,0,1448.985677351891,1446.272765816993,1.0018757952158253,excluded,514,549
kepler-1351 b,2430,2430,0,78.96105540093177,78.93142297844733,1.0003754198437869,excluded,2427,2434
kepler-1354 b,1323,1323,0,481.2324896323771,481.1077499090538,1.0002592760631002,excluded,1307,1344
kepler-136 c,2056,2056,0,183.18041155658457,180.88409729460597,1.012694948291881,excluded,2041,2067
kepler-1388 c,643,643,0,1155.4459420515816,1151.1450033474975,1.0037362267060856,excluded,626,664
kepler-1389 b,1327,1327,0,480.34944941739917,479.7952208521569,1.0011551356519515,excluded,1313,1346
kepler-1395 b,2548,2548,0,35.10856164844799,35.47664772661776,1.0104842255246889,excluded,2547,2552
kepler-1412 b,2546,2546,0,35.773592891273495,35.81966891554406,1.0012879898424123,excluded,2544,2548
kepler-1421 b,2544,2544,0,35.998637099378435,35.97178862771325,1.000746375776391,excluded,2541,2546
kepler-1477 b,2038,2038,0,190.93957675602311,191.93210821728468,1.0051981442408338,excluded,2024,2047
kepler-148 b,1498,1498,0,378.0249489619981,375.19644477099587,1.0075387286591393,excluded,1479,1519
kepler-149 d,530,530,0,1454.8183255776219,1448.0294513906651,1.0079658384736652,excluded,513,549
kepler-1562 b,750,750,0,960.3874784734461,958.6298156256003,1.0018335157317204,excluded,730,771
kepler-1567 b,967,967,0,725.3044104965019,722.6570126852135,1.0036634222941407,excluded,949,990
kepler-157 b,2221,2221,0,135.64503401790128,134.0663203077026,1.011775617519563,excluded,2212,2228
kepler-1581 b,2548,2548,0,35.10856164844799,35.47664772661776,1.0104842255246889,excluded,2547,2552
kepler-1583 b,2537,2537,0,37.1031940571804,36.45797481511895,1.0176976161000002,excluded,2536,2541
kepler-1589 b,2473,2473,0,63.449763156817326,63.768440232607404,1.0050225100919992,excluded,2463,2484
kepler-161 c,1207,1207,0,537.822174758594,542.5133916396644,1.0111792518097071,excluded,1191,1231
kepler-170 c,1068,1068,0,645.8214632171629,640.3599929095049,1.0109372917847268,excluded,1050,1089
kepler-171 d,1422,1422,0,426.50232196869973,425.5714755644581,1.0069738433340258,excluded,1397,1442
kepler-174 d,698,698,0,1042.2992050279036,1039.6335466490439,1.0103751563493755,excluded,682,721
kepler-194 b,2053,2053,0,184.5753736468611,182.00318508328766,1.0141326568674958,excluded,2038,2062
kepler-206 d,2386,2386,0,83.60348292451026,84.57267094772484,1.0115926752009807,excluded,2381,2389
kepler-207 c,2435,2435,0,74.83795487927961,74.82631302086975,1.0052036789645775,excluded,2433,2440
kepler-208 d,2440,2440,0,70.29614785557106,69.94305313900878,1.007185204845446,excluded,2436,2444
kepler-208 e,2303,2303,0,106.98227620189279,106.39115527478118,1.0066765896762562,excluded,2299,2307
kepler-214 c,1958,1958,0,208.71142713018259,208.1510701994202,1.0032383214193543,excluded,1945,1964
kepler-215 b,1957,1957,0,208.81808941393066,208.67093708874614,1.0124492801415337,excluded,1944,1964
kepler-256 e,1757,1757,0,274.95299052867296,273.6238541475665,1.0048575310995715,excluded,1740,1769
kepler-264 c,1749,1749,0,278.5122155049236,279.5646781255696,1.0037788741823692,excluded,1729,1760
kepler-269 b,1197,1197,0,553.3621605844552,556.3262041853217,1.005356426246666,excluded,1184,1219
kepler-286 e,1567,1567,0,355.65083626415327,352.7749717545186,1.0081521217203466,excluded,1546,1584
kepler-298 d,510,510,0,1557.615648923824,1547.415249768249,1.0072250890081578,excluded,494,526
kepler-299 e,1754,1754,0,276.99061572723514,275.3573306894504,1.0059315110067897,excluded,1738,1764
kepler-306 e,853,853,0,837.5941698999017,835.9239302470415,1.0075841145982305,excluded,833,873
kepler-317 c,1747,1747,0,279.1474836099498,280.18860658504946,1.008007662588784,excluded,1727,1760
kepler-321 b,2050,2050,0,185.74914095118135,184.29379093866953,1.007896902033971,excluded,2037,2059
kepler-331 c,631,631,0,1180.3263398572637,1172.9466654612993,1.010071825069631,excluded,613,652
kepler-332 c,2036,2036,0,191.2427757186093,192.20329448967794,1.0050225100919992,excluded,2023,2047
kepler-334 b,2372,2372,0,92.03203123493296,92.22875888757032,1.0053626411070005,excluded,2366,2378
kepler-334 c,2158,2158,0,150.7852799753142,150.34964050477726,1.0104309785575687,excluded,2147,2167
kepler-339 c,2072,2072,0,174.66304943723756,172.43275560479262,1.0129342816834446,excluded,2057,2083
kepler-341 d,1756,1756,0,275.72370631197765,273.7261997652292,1.0084198823915551,excluded,1739,1769
kepler-348 b,2305,2305,0,105.36747256087484,104.91101454160614,1.0073103178879734,excluded,2300,2312
kepler-356 c,2153,2153,0,154.40275065014617,154.1584882610046,1.0135166993744602,excluded,2138,2163
kepler-358 b,1000,1000,0,689.4009847365198,681.7323189518,1.0112487930695597,excluded,979,1024
kepler-359 c,575,575,0,1307.723763482564,1314.7709057620177,1.0093751795878094,excluded,557,598
kepler-363 c,2298,2298,0,108.21511381741836,108.61588030208664,1.0097964816975824,excluded,2291,2305
kepler-37 b,2561,2561,0,14.484145557141492,12.929497451677634,1.1202404123806173,excluded,2561,2561
kepler-381 c,2533,2533,0,42.747159138656635,42.787484331632655,1.0041645400358712,excluded,2530,2534
kepler-382 c,1854,1854,0,240.45152973262554,237.41243158035775,1.0128009225634806,excluded,1836,1865
kepler-384 b,2220,2220,0,136.06336849286515,135.2295801098514,1.0061657248535152,excluded,2212,2228
kepler-390 b,2371,2371,0,92.2917917943625,93.64338125497525,1.014644741794853,excluded,2366,2378
kepler-392 b,2448,2448,0,65.3626556625178,65.79379550006631,1.0065961187344437,excluded,2443,2452
kepler-393 b,2437,2437,0,73.17185594505195,73.06950394125056,1.0044028002293757,excluded,2435,2441
kepler-394 c,2060,2060,0,180.74783608531615,180.34169484536267,1.0048355087288152,excluded,2043,2069
kepler-399 c,1504,1504,0,373.3435705963174,370.8745855344315,1.0066571966863895,excluded,1485,1521
kepler-4 b,1134,1134,0,606.8375130997599,607.4423346214227,1.0009966778727526,excluded,1118,1157
kepler-402 b,2431,2431,0,78.85304494178342,78.12649445904347,1.0092996682850122,excluded,2428,2436
kepler-402 c,2227,2227,0,128.23160351150554,127.74028279731813,1.0088786127959393,excluded,2218,2234
kepler-403 b,2436,2436,0,74.72042375508018,74.18957592175981,1.0101900294042023,excluded,2433,2440
kepler-431 c,2553,2553,0,31.38728895227335,31.381989494409034,1.0001688694040658,excluded,2551,2554
kepler-434 b,284,284,0,7064.887928637937,7069.161140153059,1.0006048519889184,excluded,268,306
kepler-438 b,1484,1484,0,388.8936500858934,389.04710013822483,1.0003945810179662,excluded,1464,1503
kepler-480 b,1533,1533,0,360.9111735566965,360.9547984299597,1.0001208742661893,excluded,1508,1555
kepler-484 b,1172,1172,0,573.6673506092073,575.9755037087276,1.0040235043829306,excluded,1154,1199
kepler-500 b,1248,1248,0,525.3972380497951,526.1841803958487,1.0014978044973641,excluded,1228,1270
kepler-530 b,746,746,0,962.5673124577024,959.2367354050367,1.0034721116589216,excluded,725,769
kepler-574 b,1164,1164,0,577.2753124760686,578.4766609484468,1.0020810667742317,excluded,1147,1190
kepler-584 b,736,736,0,968.8106009863579,966.7042898301837,1.0021788577730883,excluded,720,754
kepler-597 b,1260,1260,0,519.7856228124883,521.9420727479236,1.0041487294776776,excluded,1243,1280
kepler-641 b,1903,1903,0,224.65576321323653,224.78089407551505,1.0005569893266426,excluded,1886,1913
kepler-664 b,1190,1190,0,568.8567441629923,570.3425252867398,1.0026118722138622,excluded,1176,1212
kepler-702 b,214,214,0,9532.707505384356,9534.865985370297,1.0002264288487528,excluded,195,234
kepler-707 b,1784,1784,0,258.3290822255102,256.831874700625,1.0058295237950132,excluded,1765,1803
kepler-714 b,315,315,0,6255.933288559478,6251.579052528437,1.0006965017948992,excluded,296,328
kepler-721 b,741,741,0,964.5869085717424,960.7081452392906,1.004037400277777,excluded,724,765
kepler-726 b,603,603,0,1234.965113346358,1233.5881055036732,1.0011162622568597,excluded,585,622
kepler-741 b,1323,1323,0,481.2324896323771,481.1077499090538,1.0002592760631002,excluded,1307,1344
kepler-749 b,535,535,0,1437.2872537108192,1432.760782003377,1.003159265499376,excluded,518,552
kepler-758 d,2047,2047,0,186.6609545401214,186.92520153589376,1.0014156522258413,excluded,2034,2052
kepler-785 b,6,6,0,28222.931485912726,28201.882284127223,1.000746375776391,guaranteed,5,11
kepler-79 b,1142,1142,0,595.6576408118767,595.6755926566723,1.000030137856993,excluded,1126,1163
kepler-79 e,1137,1137,0,605.0535067735681,602.5619585012364,1.0041349246117843,excluded,1122,1158
kepler-889 b,2473,2473,0,63.449763156817326,63.768440232607404,1.0050225100919992,excluded,2463,2484
kepler-896 b,872,872,0,820.26353124817,818.1705236676738,1.0025581556899823,excluded,859,884
kepler-913 b,753,753,0,958.6995837196928,956.4176787934537,1.0023858874389668,excluded,735,773
kepler-921 b,857,857,0,833.8802900313348,834.1685909851475,1.0003457342225968,excluded,839,873
kepler-930 b,2025,2025,0,194.06968160446831,194.12253766418416,1.0002723560902398,excluded,2007,2036
kepler-947 b,1172,1172,0,573.6673506092073,575.9755037087276,1.0040235043829306,excluded,1154,1199
kepler-977 b,854,854,0,837.4947492441954,835.6400037658243,1.00221955084727,excluded,836,870
kepler-991 b,528,528,0,1459.14552367356,1454.0541748760118,1.003501484941565,excluded,512,546
ngts-1 b,1,1,0,56767.60877440967,56767.60877440967,1.0,guaranteed,1,1
wasp-127 b,195,195,0,10235.712915972565,10191.817711027496,1.187421894853988,excluded,156,239
wasp-131 b,298,298,0,6699.5149796918295,6499.503793741817,1.0511936482956747,excluded,277,324
wasp-52 b,9,9,0,27230.76373873334,27248.2503289535,1.0006421630472042,guaranteed,7,15
wasp-61 b,236,236,0,8759.354769117712,8719.295408877228,1.6795016490051895,excluded,152,314
wasp-62 b,142,142,0,12425.567244559694,12135.123550140006,1.200857443858544,excluded,103,203
wasp-63 b,319,319,0,6096.252394741199,6055.066256164738,1.0508086997854582,excluded,298,334
wasp-70 a b,208,208,0,9670.745794363245,9670.33665185595,1.0000423090241866,excluded,190,228
wasp-90 b,281,281,0,7140.874345653199,7140.874345653199,1.0,excluded,264,303
wasp-97 b,153,153,0,11974.343691080527,11740.01777607279,1.0565464524891066,excluded,128,193
